12/17/2006 0:00,1.882466667
12/17/2006 1:00,3.3494
12/17/2006 2:00,1.587266667
12/17/2006 3:00,1.6622
12/17/2006 4:00,2.215766667
12/17/2006 5:00,1.996733333
12/17/2006 6:00,1.3033
12/17/2006 7:00,1.620033333
12/17/2006 8:00,1.890566667
12/17/2006 9:00,2.549066667
12/17/2006 10:00,3.6289
12/17/2006 11:00,2.471
12/17/2006 12:00,1.915866667
12/17/2006 13:00,1.660766667
12/17/2006 14:00,2.092633333
12/17/2006 15:00,2.9854
12/17/2006 16:00,3.326033333
12/17/2006 17:00,3.406766667
12/17/2006 18:00,3.6971
12/17/2006 19:00,2.9084
12/17/2006 20:00,3.3615
12/17/2006 21:00,3.040766667
12/17/2006 22:00,1.518
12/17/2006 23:00,0.437733333
12/18/2006 0:00,0.276366667
12/18/2006 1:00,0.3133
12/18/2006 2:00,0.284466667
12/18/2006 3:00,0.309933333
12/18/2006 4:00,1.026333333
12/18/2006 5:00,0.2935
12/18/2006 6:00,0.61
12/18/2006 7:00,2.450433333
12/18/2006 8:00,2.082133333
12/18/2006 9:00,1.629333333
12/18/2006 10:00,1.309633333
12/18/2006 11:00,1.561933333
12/18/2006 12:00,1.756066667
12/18/2006 13:00,1.682066667
12/18/2006 14:00,1.733033333
12/18/2006 15:00,1.7843
12/18/2006 16:00,1.9493
12/18/2006 17:00,2.1549
12/18/2006 18:00,2.402533333
12/18/2006 19:00,2.6145
12/18/2006 20:00,3.050566667
12/18/2006 21:00,2.169733333
12/18/2006 22:00,1.7388
12/18/2006 23:00,1.547266667
12/19/2006 0:00,0.837133333
12/19/2006 1:00,0.353033333
12/19/2006 2:00,0.327233333
12/19/2006 3:00,0.3083
12/19/2006 4:00,0.327833333
12/19/2006 5:00,0.306666667
12/19/2006 6:00,0.796333333
12/19/2006 7:00,1.785633333
12/19/2006 8:00,3.879033333
12/19/2006 9:00,1.617766667
12/19/2006 10:00,0.437133333
12/19/2006 11:00,2.321633333
12/19/2006 12:00,0.430666667
12/19/2006 13:00,0.300466667
12/19/2006 14:00,0.302133333
12/19/2006 15:00,0.421366667
12/19/2006 16:00,1.372133333
12/19/2006 17:00,2.1115
12/19/2006 18:00,2.2047
12/19/2006 19:00,1.8421
12/19/2006 20:00,2.940533333
12/19/2006 21:00,1.442866667
12/19/2006 22:00,0.72
12/19/2006 23:00,0.3837
12/20/2006 0:00,0.459833333
12/20/2006 1:00,0.258666667
12/20/2006 2:00,0.784366667
12/20/2006 3:00,0.310033333
12/20/2006 4:00,0.289
12/20/2006 5:00,0.2627
12/20/2006 6:00,0.2836
12/20/2006 7:00,1.526633333
12/20/2006 8:00,2.9176
12/20/2006 9:00,1.385533333
12/20/2006 10:00,1.5103
12/20/2006 11:00,2.8924
12/20/2006 12:00,1.421033333
12/20/2006 13:00,1.4284
12/20/2006 14:00,1.2949
12/20/2006 15:00,0.281133333
12/20/2006 16:00,0.468433333
12/20/2006 17:00,0.5735
12/20/2006 18:00,2.836833333
12/20/2006 19:00,3.248633333
12/20/2006 20:00,3.575466667
12/20/2006 21:00,3.646066667
12/20/2006 22:00,3.058966667
12/20/2006 23:00,2.381766667
12/21/2006 0:00,1.535866667
12/21/2006 1:00,1.397966667
12/21/2006 2:00,1.2749
12/21/2006 3:00,0.3026
12/21/2006 4:00,0.246733333
12/21/2006 5:00,0.2907
12/21/2006 6:00,0.295666667
12/21/2006 7:00,1.280466667
12/21/2006 8:00,1.563033333
12/21/2006 9:00,2.5758
12/21/2006 10:00,1.7677
12/21/2006 11:00,0.6279
12/21/2006 12:00,0.819133333
12/21/2006 13:00,1.688233333
12/21/2006 14:00,1.0239
12/21/2006 15:00,0.3074
12/21/2006 16:00,1.360066667
12/21/2006 17:00,1.752633333
12/21/2006 18:00,2.4433
12/21/2006 19:00,2.197133333
12/21/2006 20:00,2.437366667
12/21/2006 21:00,0.982266667
12/21/2006 22:00,0.280266667
12/21/2006 23:00,0.270433333
12/22/2006 0:00,0.266933333
12/22/2006 1:00,0.272
12/22/2006 2:00,0.267633333
12/22/2006 3:00,0.273866667
12/22/2006 4:00,0.264266667
12/22/2006 5:00,0.806833333
12/22/2006 6:00,0.479633333
12/22/2006 7:00,1.7232
12/22/2006 8:00,2.7444
12/22/2006 9:00,1.8963
12/22/2006 10:00,1.344966667
12/22/2006 11:00,1.252566667
12/22/2006 12:00,1.228466667
12/22/2006 13:00,0.6719
12/22/2006 14:00,0.815566667
12/22/2006 15:00,1.451633333
12/22/2006 16:00,1.5712
12/22/2006 17:00,1.4968
12/22/2006 18:00,2.686966667
12/22/2006 19:00,3.938166667
12/22/2006 20:00,3.536066667
12/22/2006 21:00,4.548666667
12/22/2006 22:00,3.065066667
12/22/2006 23:00,2.4192
12/23/2006 0:00,1.698233333
12/23/2006 1:00,1.7228
12/23/2006 2:00,1.700766667
12/23/2006 3:00,1.771533333
12/23/2006 4:00,1.8916
12/23/2006 5:00,2.2291
12/23/2006 6:00,1.649366667
12/23/2006 7:00,4.023366667
12/23/2006 8:00,4.190833333
12/23/2006 9:00,3.2464
12/23/2006 10:00,2.972166667
12/23/2006 11:00,3.159
12/23/2006 12:00,2.9288
12/23/2006 13:00,3.4063
12/23/2006 14:00,3.757966667
12/23/2006 15:00,4.0491
12/23/2006 16:00,4.3491
12/23/2006 17:00,5.452533333
12/23/2006 18:00,3.8794
12/23/2006 19:00,4.117833333
12/23/2006 20:00,4.1814
12/23/2006 21:00,3.288433333
12/23/2006 22:00,4.327933333
12/23/2006 23:00,5.562466667
12/24/2006 0:00,4.028
12/24/2006 1:00,3.2757
12/24/2006 2:00,2.303033333
12/24/2006 3:00,1.606766667
12/24/2006 4:00,1.5761
12/24/2006 5:00,1.6319
12/24/2006 6:00,1.8952
12/24/2006 7:00,1.4764
12/24/2006 8:00,1.427766667
12/24/2006 9:00,2.725666667
12/24/2006 10:00,2.675333333
12/24/2006 11:00,2.092933333
12/24/2006 12:00,1.5
12/24/2006 13:00,3.239933333
12/24/2006 14:00,1.371533333
12/24/2006 15:00,3.096833333
12/24/2006 16:00,2.007133333
12/24/2006 17:00,1.6865
12/24/2006 18:00,0.5052
12/24/2006 19:00,0.454033333
12/24/2006 20:00,0.4741
12/24/2006 21:00,0.484033333
12/24/2006 22:00,0.479766667
12/24/2006 23:00,0.486333333
12/25/2006 0:00,0.999566667
12/25/2006 1:00,1.206766667
12/25/2006 2:00,0.438
12/25/2006 3:00,0.589966667
12/25/2006 4:00,0.578666667
12/25/2006 5:00,0.6201
12/25/2006 6:00,0.264066667
12/25/2006 7:00,0.6768
12/25/2006 8:00,2.6111
12/25/2006 9:00,1.493466667
12/25/2006 10:00,1.915666667
12/25/2006 11:00,3.0446
12/25/2006 12:00,2.9126
12/25/2006 13:00,2.224933333
12/25/2006 14:00,1.783733333
12/25/2006 15:00,1.740333333
12/25/2006 16:00,3.872833333
12/25/2006 17:00,2.0718
12/25/2006 18:00,2.423066667
12/25/2006 19:00,1.6295
12/25/2006 20:00,1.977133333
12/25/2006 21:00,3.836866667
12/25/2006 22:00,4.214866667
12/25/2006 23:00,2.592233333
12/26/2006 0:00,2.424266667
12/26/2006 1:00,2.402633333
12/26/2006 2:00,2.410933333
12/26/2006 3:00,2.449066667
12/26/2006 4:00,2.9925
12/26/2006 5:00,2.387733333
12/26/2006 6:00,2.3882
12/26/2006 7:00,3.136066667
12/26/2006 8:00,2.365933333
12/26/2006 9:00,3.545066667
12/26/2006 10:00,4.0419
12/26/2006 11:00,2.373533333
12/26/2006 12:00,2.4647
12/26/2006 13:00,2.8868
12/26/2006 14:00,3.8266
12/26/2006 15:00,2.6296
12/26/2006 16:00,3.450733333
12/26/2006 17:00,3.342333333
12/26/2006 18:00,3.2467
12/26/2006 19:00,3.034
12/26/2006 20:00,3.479
12/26/2006 21:00,2.6584
12/26/2006 22:00,0.8636
12/26/2006 23:00,0.7682
12/27/2006 0:00,0.482966667
12/27/2006 1:00,0.493466667
12/27/2006 2:00,0.4795
12/27/2006 3:00,0.444133333
12/27/2006 4:00,0.474033333
12/27/2006 5:00,1.036533333
12/27/2006 6:00,0.4744
12/27/2006 7:00,2.049866667
12/27/2006 8:00,2.164733333
12/27/2006 9:00,2.328966667
12/27/2006 10:00,2.316966667
12/27/2006 11:00,1.3156
12/27/2006 12:00,1.0784
12/27/2006 13:00,0.264166667
12/27/2006 14:00,0.263833333
12/27/2006 15:00,0.3332
12/27/2006 16:00,0.2968
12/27/2006 17:00,0.501266667
12/27/2006 18:00,1.8244
12/27/2006 19:00,1.736266667
12/27/2006 20:00,2.3531
12/27/2006 21:00,1.329733333
12/27/2006 22:00,1.0835
12/27/2006 23:00,0.3535
12/28/2006 0:00,1.018533333
12/28/2006 1:00,0.277733333
12/28/2006 2:00,0.316166667
12/28/2006 3:00,0.2988
12/28/2006 4:00,0.3101
12/28/2006 5:00,0.2894
12/28/2006 6:00,0.292566667
12/28/2006 7:00,1.043333333
12/28/2006 8:00,2.535733333
12/28/2006 9:00,1.321533333
12/28/2006 10:00,0.326066667
12/28/2006 11:00,0.279933333
12/28/2006 12:00,0.271
12/28/2006 13:00,0.698633333
12/28/2006 14:00,1.808566667
12/28/2006 15:00,1.574333333
12/28/2006 16:00,1.558966667
12/28/2006 17:00,2.432533333
12/28/2006 18:00,2.5439
12/28/2006 19:00,2.8485
12/28/2006 20:00,2.116766667
12/28/2006 21:00,5.035333333
12/28/2006 22:00,3.2142
12/28/2006 23:00,2.131333333
12/29/2006 0:00,1.409333333
12/29/2006 1:00,1.994166667
12/29/2006 2:00,2.151633333
12/29/2006 3:00,2.452666667
12/29/2006 4:00,2.471433333
12/29/2006 5:00,2.3861
12/29/2006 6:00,2.4389
12/29/2006 7:00,3.838766667
12/29/2006 8:00,3.694766667
12/29/2006 9:00,3.4349
12/29/2006 10:00,2.422533333
12/29/2006 11:00,1.389166667
12/29/2006 12:00,1.555733333
12/29/2006 13:00,1.709333333
12/29/2006 14:00,1.4185
12/29/2006 15:00,0.6281
12/29/2006 16:00,0.317866667
12/29/2006 17:00,0.8924
12/29/2006 18:00,1.892633333
12/29/2006 19:00,1.791333333
12/29/2006 20:00,3.471833333
12/29/2006 21:00,4.313733333
12/29/2006 22:00,3.666033333
12/29/2006 23:00,1.164666667
12/30/2006 0:00,0.2947
12/30/2006 1:00,0.3153
12/30/2006 2:00,0.279433333
12/30/2006 3:00,0.305766667
12/30/2006 4:00,0.300933333
12/30/2006 5:00,0.277833333
12/30/2006 6:00,0.906766667
12/30/2006 7:00,0.256566667
12/30/2006 8:00,1.516733333
12/30/2006 9:00,3.235766667
12/30/2006 10:00,4.622733333
12/30/2006 11:00,3.885866667
12/30/2006 12:00,3.1451
12/30/2006 13:00,2.292966667
12/30/2006 14:00,1.789933333
12/30/2006 15:00,2.449533333
12/30/2006 16:00,3.955566667
12/30/2006 17:00,2.581166667
12/30/2006 18:00,3.8627
12/30/2006 19:00,3.753033333
12/30/2006 20:00,3.076066667
12/30/2006 21:00,2.038
12/30/2006 22:00,0.749133333
12/30/2006 23:00,0.7102
12/31/2006 0:00,0.676233333
12/31/2006 1:00,0.716166667
12/31/2006 2:00,0.721933333
12/31/2006 3:00,0.778566667
12/31/2006 4:00,1.277766667
12/31/2006 5:00,1.050766667
12/31/2006 6:00,2.501366667
12/31/2006 7:00,3.3645
12/31/2006 8:00,4.084566667
12/31/2006 9:00,2.7232
12/31/2006 10:00,2.914933333
12/31/2006 11:00,3.3595
12/31/2006 12:00,3.852966667
12/31/2006 13:00,3.602566667
12/31/2006 14:00,3.0813
12/31/2006 15:00,2.488266667
12/31/2006 16:00,2.838
12/31/2006 17:00,2.750266667
12/31/2006 18:00,2.410466667
12/31/2006 19:00,2.434266667
12/31/2006 20:00,2.424933333
12/31/2006 21:00,2.443633333
12/31/2006 22:00,2.636
12/31/2006 23:00,3.104433333
01-01-2007 00:00,2.550633333
01-01-2007 01:00,2.5234
01-01-2007 02:00,2.582333333
01-01-2007 03:00,2.541666667
01-01-2007 04:00,2.475733333
01-01-2007 05:00,2.476233333
01-01-2007 06:00,2.4558
01-01-2007 07:00,2.4472
01-01-2007 08:00,2.441733333
01-01-2007 09:00,3.146133333
01-01-2007 10:00,2.661733333
01-01-2007 11:00,2.576
01-01-2007 12:00,2.615866667
01-01-2007 13:00,2.1624
01-01-2007 14:00,1.2944
01-01-2007 15:00,1.909166667
01-01-2007 16:00,1.3901
01-01-2007 17:00,1.632066667
01-01-2007 18:00,1.4619
01-01-2007 19:00,0.7323
01-01-2007 20:00,0.4123
01-01-2007 21:00,0.433933333
01-01-2007 22:00,0.443733333
01-01-2007 23:00,0.449966667
01-02-2007 00:00,0.446433333
01-02-2007 01:00,0.436733333
01-02-2007 02:00,0.431566667
01-02-2007 03:00,0.464166667
01-02-2007 04:00,1.039966667
01-02-2007 05:00,0.7106
01-02-2007 06:00,0.446966667
01-02-2007 07:00,0.412566667
01-02-2007 08:00,0.4544
01-02-2007 09:00,0.417633333
01-02-2007 10:00,0.4459
01-02-2007 11:00,0.432766667
01-02-2007 12:00,0.425966667
01-02-2007 13:00,0.459
01-02-2007 14:00,0.438433333
01-02-2007 15:00,1.4381
01-02-2007 16:00,1.459066667
01-02-2007 17:00,2.1362
01-02-2007 18:00,1.972066667
01-02-2007 19:00,1.5183
01-02-2007 20:00,2.573533333
01-02-2007 21:00,1.321433333
01-02-2007 22:00,0.528233333
01-02-2007 23:00,0.7439
01-03-2007 00:00,1.125433333
01-03-2007 01:00,0.9007
01-03-2007 02:00,0.304833333
01-03-2007 03:00,0.3333
01-03-2007 04:00,0.298833333
01-03-2007 05:00,0.951633333
01-03-2007 06:00,0.334333333
01-03-2007 07:00,0.3017
01-03-2007 08:00,0.3196
01-03-2007 09:00,0.6025
01-03-2007 10:00,0.874233333
01-03-2007 11:00,0.9764
01-03-2007 12:00,1.397766667
01-03-2007 13:00,1.419933333
01-03-2007 14:00,1.090366667
01-03-2007 15:00,0.302
01-03-2007 16:00,0.367666667
01-03-2007 17:00,0.285133333
01-03-2007 18:00,0.3612
01-03-2007 19:00,0.289
01-03-2007 20:00,0.326266667
01-03-2007 21:00,1.115433333
01-03-2007 22:00,0.954033333
01-03-2007 23:00,1.6686
01-04-2007 00:00,3.375066667
01-04-2007 01:00,2.896733333
01-04-2007 02:00,2.387333333
01-04-2007 03:00,2.362033333
01-04-2007 04:00,2.370033333
01-04-2007 05:00,2.3452
01-04-2007 06:00,2.358733333
01-04-2007 07:00,2.326233333
01-04-2007 08:00,2.4038
01-04-2007 09:00,2.667066667
01-04-2007 10:00,1.898033333
01-04-2007 11:00,2.006333333
01-04-2007 12:00,4.066566667
01-04-2007 13:00,3.545066667
01-04-2007 14:00,2.0132
01-04-2007 15:00,0.8793
01-04-2007 16:00,3.2898
01-04-2007 17:00,2.7413
01-04-2007 18:00,2.6055
01-04-2007 19:00,2.854066667
01-04-2007 20:00,1.498533333
01-04-2007 21:00,0.4788
01-04-2007 22:00,0.419666667
01-04-2007 23:00,0.535133333
01-05-2007 00:00,1.968033333
01-05-2007 01:00,2.386833333
01-05-2007 02:00,2.394733333
01-05-2007 03:00,2.4157
01-05-2007 04:00,2.397033333
01-05-2007 05:00,2.407366667
01-05-2007 06:00,2.3678
01-05-2007 07:00,2.351533333
01-05-2007 08:00,2.316933333
01-05-2007 09:00,2.3642
01-05-2007 10:00,2.656033333
01-05-2007 11:00,0.355833333
01-05-2007 12:00,0.3544
01-05-2007 13:00,0.341766667
01-05-2007 14:00,0.377333333
01-05-2007 15:00,0.477833333
01-05-2007 16:00,0.8365
01-05-2007 17:00,2.240733333
01-05-2007 18:00,2.3996
01-05-2007 19:00,2.0389
01-05-2007 20:00,2.9757
01-05-2007 21:00,2.6744
01-05-2007 22:00,2.3847
01-05-2007 23:00,1.738833333
01-06-2007 00:00,1.493066667
01-06-2007 01:00,0.433466667
01-06-2007 02:00,0.333333333
01-06-2007 03:00,0.312866667
01-06-2007 04:00,0.303566667
01-06-2007 05:00,0.335266667
01-06-2007 06:00,0.298733333
01-06-2007 07:00,0.337
01-06-2007 08:00,0.2954
01-06-2007 09:00,0.623133333
01-06-2007 10:00,1.525566667
01-06-2007 11:00,2.5922
01-06-2007 12:00,4.002933333
01-06-2007 13:00,1.890433333
01-06-2007 14:00,1.699566667
01-06-2007 15:00,1.1487
01-06-2007 16:00,0.881266667
01-06-2007 17:00,0.898966667
01-06-2007 18:00,0.855533333
01-06-2007 19:00,1.834033333
01-06-2007 20:00,1.015133333
01-06-2007 21:00,1.012533333
01-06-2007 22:00,0.511666667
01-06-2007 23:00,0.505266667
01-07-2007 00:00,0.9032
01-07-2007 01:00,0.296433333
01-07-2007 02:00,0.3524
01-07-2007 03:00,0.298666667
01-07-2007 04:00,0.355866667
01-07-2007 05:00,0.285366667
01-07-2007 06:00,0.3383
01-07-2007 07:00,0.312733333
01-07-2007 08:00,0.310033333
01-07-2007 09:00,0.3756
01-07-2007 10:00,1.041433333
01-07-2007 11:00,1.068433333
01-07-2007 12:00,0.551566667
01-07-2007 13:00,3.331933333
01-07-2007 14:00,2.5331
01-07-2007 15:00,3.770766667
01-07-2007 16:00,2.280766667
01-07-2007 17:00,2.404733333
01-07-2007 18:00,5.211533333
01-07-2007 19:00,2.916466667
01-07-2007 20:00,3.5232
01-07-2007 21:00,4.738366667
01-07-2007 22:00,2.1289
01-07-2007 23:00,1.463866667
01-08-2007 00:00,1.360466667
01-08-2007 01:00,1.350666667
01-08-2007 02:00,1.384833333
01-08-2007 03:00,1.3569
01-08-2007 04:00,1.3759
01-08-2007 05:00,1.104533333
01-08-2007 06:00,0.468133333
01-08-2007 07:00,1.012633333
01-08-2007 08:00,2.1395
01-08-2007 09:00,1.664633333
01-08-2007 10:00,1.296633333
01-08-2007 11:00,1.1751
01-08-2007 12:00,0.328933333
01-08-2007 13:00,0.6432
01-08-2007 14:00,1.8509
01-08-2007 15:00,1.8851
01-08-2007 16:00,2.122433333
01-08-2007 17:00,1.8981
01-08-2007 18:00,2.907966667
01-08-2007 19:00,2.794066667
01-08-2007 20:00,3.425033333
01-08-2007 21:00,2.507633333
01-08-2007 22:00,0.969966667
01-08-2007 23:00,0.332733333
01-09-2007 00:00,0.269833333
01-09-2007 01:00,0.311833333
01-09-2007 02:00,0.2874
01-09-2007 03:00,0.469666667
01-09-2007 04:00,0.6612
01-09-2007 05:00,0.2745
01-09-2007 06:00,1.123466667
01-09-2007 07:00,2.386966667
01-09-2007 08:00,2.1356
01-09-2007 09:00,1.868366667
01-09-2007 10:00,1.349233333
01-09-2007 11:00,0.934733333
01-09-2007 12:00,0.276933333
01-09-2007 13:00,0.301566667
01-09-2007 14:00,0.266666667
01-09-2007 15:00,0.564833333
01-09-2007 16:00,1.471333333
01-09-2007 17:00,2.106266667
01-09-2007 18:00,2.373066667
01-09-2007 19:00,2.287466667
01-09-2007 20:00,3.2106
01-09-2007 21:00,3.292466667
01-09-2007 22:00,1.291266667
01-09-2007 23:00,1.635633333
01-10-2007 00:00,0.5179
01-10-2007 01:00,0.6539
01-10-2007 02:00,0.340366667
01-10-2007 03:00,0.269366667
01-10-2007 04:00,0.3469
01-10-2007 05:00,0.267966667
01-10-2007 06:00,0.8976
01-10-2007 07:00,2.3629
01-10-2007 08:00,2.972933333
01-10-2007 09:00,1.995233333
01-10-2007 10:00,1.4271
01-10-2007 11:00,3.970766667
01-10-2007 12:00,1.430766667
01-10-2007 13:00,0.553766667
01-10-2007 14:00,1.6954
01-10-2007 15:00,1.291233333
01-10-2007 16:00,0.683533333
01-10-2007 17:00,1.8244
01-10-2007 18:00,3.3644
01-10-2007 19:00,3.190233333
01-10-2007 20:00,2.933933333
01-10-2007 21:00,1.6947
01-10-2007 22:00,0.8519
01-10-2007 23:00,0.376133333
01-11-2007 00:00,0.3365
01-11-2007 01:00,0.2546
01-11-2007 02:00,0.308666667
01-11-2007 03:00,0.892166667
01-11-2007 04:00,0.2705
01-11-2007 05:00,0.2976
01-11-2007 06:00,0.736366667
01-11-2007 07:00,2.702166667
01-11-2007 08:00,2.505266667
01-11-2007 09:00,1.3702
01-11-2007 10:00,1.369733333
01-11-2007 11:00,1.151833333
01-11-2007 12:00,0.300333333
01-11-2007 13:00,0.3952
01-11-2007 14:00,0.3272
01-11-2007 15:00,0.541633333
01-11-2007 16:00,2.6132
01-11-2007 17:00,3.238233333
01-11-2007 18:00,3.869133333
01-11-2007 19:00,4.7842
01-11-2007 20:00,3.706266667
01-11-2007 21:00,2.880366667
01-11-2007 22:00,1.4481
01-11-2007 23:00,1.2871
01-12-2007 00:00,0.585433333
01-12-2007 01:00,0.312233333
01-12-2007 02:00,0.3024
01-12-2007 03:00,0.321566667
01-12-2007 04:00,0.293033333
01-12-2007 05:00,0.812333333
01-12-2007 06:00,1.451433333
01-12-2007 07:00,2.8325
01-12-2007 08:00,1.993933333
01-12-2007 09:00,1.3482
01-12-2007 10:00,0.906833333
01-12-2007 11:00,0.281833333
01-12-2007 12:00,0.2946
01-12-2007 13:00,0.253866667
01-12-2007 14:00,0.3349
01-12-2007 15:00,0.261733333
01-12-2007 16:00,0.320666667
01-12-2007 17:00,0.5727
01-12-2007 18:00,2.549
01-12-2007 19:00,2.2349
01-12-2007 20:00,2.295066667
01-12-2007 21:00,1.512733333
01-12-2007 22:00,1.483766667
01-12-2007 23:00,0.799266667
1/13/2007 0:00,0.8884
1/13/2007 1:00,0.316733333
1/13/2007 2:00,0.256433333
1/13/2007 3:00,0.297866667
1/13/2007 4:00,0.289
1/13/2007 5:00,0.2646
1/13/2007 6:00,0.315166667
1/13/2007 7:00,1.792633333
1/13/2007 8:00,2.655533333
1/13/2007 9:00,1.7159
1/13/2007 10:00,3.170033333
1/13/2007 11:00,3.563066667
1/13/2007 12:00,1.970166667
1/13/2007 13:00,1.6392
1/13/2007 14:00,1.6297
1/13/2007 15:00,2.071666667
1/13/2007 16:00,2.057633333
1/13/2007 17:00,2.798066667
1/13/2007 18:00,1.8881
1/13/2007 19:00,3.1545
1/13/2007 20:00,4.5121
1/13/2007 21:00,4.981466667
1/13/2007 22:00,5.814266667
1/13/2007 23:00,5.071333333
1/14/2007 0:00,3.340566667
1/14/2007 1:00,2.916
1/14/2007 2:00,2.879433333
1/14/2007 3:00,1.121733333
1/14/2007 4:00,1.134233333
1/14/2007 5:00,1.1941
1/14/2007 6:00,1.5761
1/14/2007 7:00,1.141066667
1/14/2007 8:00,1.315166667
1/14/2007 9:00,2.226033333
1/14/2007 10:00,1.736366667
1/14/2007 11:00,1.008566667
1/14/2007 12:00,0.7125
1/14/2007 13:00,1.2987
1/14/2007 14:00,1.827466667
1/14/2007 15:00,2.097066667
1/14/2007 16:00,3.4258
1/14/2007 17:00,4.211133333
1/14/2007 18:00,3.566033333
1/14/2007 19:00,3.2915
1/14/2007 20:00,3.1929
1/14/2007 21:00,2.107633333
1/14/2007 22:00,1.462733333
1/14/2007 23:00,1.374533333
1/15/2007 0:00,1.3573
1/15/2007 1:00,1.341733333
1/15/2007 2:00,0.462
1/15/2007 3:00,0.289866667
1/15/2007 4:00,0.2916
1/15/2007 5:00,0.244
1/15/2007 6:00,0.308333333
1/15/2007 7:00,1.9449
1/15/2007 8:00,2.595733333
1/15/2007 9:00,1.595
1/15/2007 10:00,1.855266667
1/15/2007 11:00,1.371433333
1/15/2007 12:00,1.131033333
1/15/2007 13:00,0.6521
1/15/2007 14:00,1.484133333
1/15/2007 15:00,1.623233333
1/15/2007 16:00,1.542333333
1/15/2007 17:00,1.791966667
1/15/2007 18:00,2.247833333
1/15/2007 19:00,2.971733333
1/15/2007 20:00,2.742566667
1/15/2007 21:00,1.6235
1/15/2007 22:00,1.857233333
1/15/2007 23:00,2.486466667
1/16/2007 0:00,0.387366667
1/16/2007 1:00,0.299266667
1/16/2007 2:00,0.3085
1/16/2007 3:00,0.293666667
1/16/2007 4:00,0.783766667
1/16/2007 5:00,0.408633333
1/16/2007 6:00,0.700766667
1/16/2007 7:00,2.484233333
1/16/2007 8:00,1.0849
1/16/2007 9:00,0.8876
1/16/2007 10:00,0.400466667
1/16/2007 11:00,0.640366667
1/16/2007 12:00,1.934666667
1/16/2007 13:00,0.944966667
1/16/2007 14:00,1.916866667
1/16/2007 15:00,0.890133333
1/16/2007 16:00,1.648966667
1/16/2007 17:00,2.8615
1/16/2007 18:00,3.126166667
1/16/2007 19:00,1.9595
1/16/2007 20:00,1.396833333
1/16/2007 21:00,1.402766667
1/16/2007 22:00,0.954766667
1/16/2007 23:00,0.390066667
1/17/2007 0:00,0.299333333
1/17/2007 1:00,0.246466667
1/17/2007 2:00,0.860066667
1/17/2007 3:00,0.2673
1/17/2007 4:00,0.2867
1/17/2007 5:00,0.2635
1/17/2007 6:00,0.8768
1/17/2007 7:00,2.2358
1/17/2007 8:00,3.119933333
1/17/2007 9:00,3.227133333
1/17/2007 10:00,4.085766667
1/17/2007 11:00,2.4456
1/17/2007 12:00,1.7472
1/17/2007 13:00,1.4257
1/17/2007 14:00,1.5297
1/17/2007 15:00,3.871966667
1/17/2007 16:00,1.8885
1/17/2007 17:00,3.066866667
1/17/2007 18:00,1.6687
1/17/2007 19:00,2.606533333
1/17/2007 20:00,3.220833333
1/17/2007 21:00,3.544733333
1/17/2007 22:00,2.720666667
1/17/2007 23:00,1.955666667
1/18/2007 0:00,1.401666667
1/18/2007 1:00,1.128566667
1/18/2007 2:00,0.299133333
1/18/2007 3:00,0.285366667
1/18/2007 4:00,0.285933333
1/18/2007 5:00,0.272566667
1/18/2007 6:00,0.747333333
1/18/2007 7:00,2.621733333
1/18/2007 8:00,1.658266667
1/18/2007 9:00,1.326566667
1/18/2007 10:00,0.866133333
1/18/2007 11:00,0.279633333
1/18/2007 12:00,0.305033333
1/18/2007 13:00,0.5061
1/18/2007 14:00,0.372033333
1/18/2007 15:00,0.612833333
1/18/2007 16:00,1.633066667
1/18/2007 17:00,2.153333333
1/18/2007 18:00,3.133466667
1/18/2007 19:00,2.793
1/18/2007 20:00,2.968533333
1/18/2007 21:00,2.7788
1/18/2007 22:00,1.403633333
1/18/2007 23:00,0.524966667
1/19/2007 0:00,0.305366667
1/19/2007 1:00,0.316333333
1/19/2007 2:00,0.304766667
1/19/2007 3:00,0.308566667
1/19/2007 4:00,0.317266667
1/19/2007 5:00,0.300433333
1/19/2007 6:00,0.800666667
1/19/2007 7:00,2.8391
1/19/2007 8:00,2.127766667
1/19/2007 9:00,1.832966667
1/19/2007 10:00,1.144633333
1/19/2007 11:00,0.2579
1/19/2007 12:00,0.3025
1/19/2007 13:00,0.3826
1/19/2007 14:00,0.423033333
1/19/2007 15:00,0.358666667
1/19/2007 16:00,1.032166667
1/19/2007 17:00,1.340466667
1/19/2007 18:00,0.734866667
1/19/2007 19:00,0.960766667
1/19/2007 20:00,1.545566667
1/19/2007 21:00,2.422633333
1/19/2007 22:00,2.490633333
1/19/2007 23:00,1.824333333
1/20/2007 0:00,1.7318
1/20/2007 1:00,1.149266667
1/20/2007 2:00,1.0384
1/20/2007 3:00,1.120333333
1/20/2007 4:00,1.023166667
1/20/2007 5:00,1.051
1/20/2007 6:00,1.107033333
1/20/2007 7:00,2.113533333
1/20/2007 8:00,2.035133333
1/20/2007 9:00,2.048533333
1/20/2007 10:00,2.279733333
1/20/2007 11:00,2.0756
1/20/2007 12:00,1.843133333
1/20/2007 13:00,4.251033333
1/20/2007 14:00,2.6337
1/20/2007 15:00,1.971366667
1/20/2007 16:00,1.952533333
1/20/2007 17:00,2.7952
1/20/2007 18:00,4.312366667
1/20/2007 19:00,5.343033333
1/20/2007 20:00,3.712933333
1/20/2007 21:00,2.425733333
1/20/2007 22:00,1.095033333
1/20/2007 23:00,1.119266667
1/21/2007 0:00,1.372233333
1/21/2007 1:00,1.5
1/21/2007 2:00,1.567466667
1/21/2007 3:00,1.1985
1/21/2007 4:00,1.174433333
1/21/2007 5:00,1.206233333
1/21/2007 6:00,1.778766667
1/21/2007 7:00,1.087933333
1/21/2007 8:00,1.929266667
1/21/2007 9:00,1.925
1/21/2007 10:00,2.130566667
1/21/2007 11:00,2.860066667
1/21/2007 12:00,2.6967
1/21/2007 13:00,2.7639
1/21/2007 14:00,1.925733333
1/21/2007 15:00,1.751466667
1/21/2007 16:00,1.228333333
1/21/2007 17:00,2.8507
1/21/2007 18:00,3.648933333
1/21/2007 19:00,5.330433333
1/21/2007 20:00,6.076566667
1/21/2007 21:00,5.910766667
1/21/2007 22:00,2.327733333
1/21/2007 23:00,0.545966667
1/22/2007 0:00,0.316033333
1/22/2007 1:00,0.261566667
1/22/2007 2:00,0.304933333
1/22/2007 3:00,0.2603
1/22/2007 4:00,0.3038
1/22/2007 5:00,0.2666
1/22/2007 6:00,0.993666667
1/22/2007 7:00,1.8646
1/22/2007 8:00,3.086266667
1/22/2007 9:00,2.4221
1/22/2007 10:00,1.894966667
1/22/2007 11:00,1.341366667
1/22/2007 12:00,1.3538
1/22/2007 13:00,1.0975
1/22/2007 14:00,1.4378
1/22/2007 15:00,1.421066667
1/22/2007 16:00,1.190233333
1/22/2007 17:00,1.1473
1/22/2007 18:00,1.3634
1/22/2007 19:00,3.699233333
1/22/2007 20:00,4.455733333
1/22/2007 21:00,2.573566667
1/22/2007 22:00,1.655466667
1/22/2007 23:00,1.630266667
1/23/2007 0:00,2.041
1/23/2007 1:00,0.538666667
1/23/2007 2:00,0.472333333
1/23/2007 3:00,0.470366667
1/23/2007 4:00,0.465033333
1/23/2007 5:00,0.466433333
1/23/2007 6:00,0.454633333
1/23/2007 7:00,2.225133333
1/23/2007 8:00,1.662833333
1/23/2007 9:00,1.419833333
1/23/2007 10:00,0.2587
1/23/2007 11:00,0.299733333
1/23/2007 12:00,0.268333333
1/23/2007 13:00,0.2888
1/23/2007 14:00,0.2702
1/23/2007 15:00,0.289366667
1/23/2007 16:00,0.3399
1/23/2007 17:00,2.004966667
1/23/2007 18:00,2.388033333
1/23/2007 19:00,3.640966667
1/23/2007 20:00,3.578933333
1/23/2007 21:00,2.919466667
1/23/2007 22:00,1.541
1/23/2007 23:00,1.322666667
1/24/2007 0:00,1.8474
1/24/2007 1:00,1.586866667
1/24/2007 2:00,1.483433333
1/24/2007 3:00,1.4793
1/24/2007 4:00,1.4453
1/24/2007 5:00,1.445733333
1/24/2007 6:00,1.381833333
1/24/2007 7:00,3.5237
1/24/2007 8:00,3.758166667
1/24/2007 9:00,3.5179
1/24/2007 10:00,2.632466667
1/24/2007 11:00,1.558333333
1/24/2007 12:00,2.8716
1/24/2007 13:00,1.837166667
1/24/2007 14:00,1.579633333
1/24/2007 15:00,2.5398
1/24/2007 16:00,2.7186
1/24/2007 17:00,1.688433333
1/24/2007 18:00,2.170233333
1/24/2007 19:00,2.157466667
1/24/2007 20:00,2.963966667
1/24/2007 21:00,1.5511
1/24/2007 22:00,0.9241
1/24/2007 23:00,1.135033333
1/25/2007 0:00,0.5959
1/25/2007 1:00,0.253166667
1/25/2007 2:00,0.3074
1/25/2007 3:00,0.2604
1/25/2007 4:00,0.3157
1/25/2007 5:00,0.260133333
1/25/2007 6:00,0.5114
1/25/2007 7:00,2.621166667
1/25/2007 8:00,1.326866667
1/25/2007 9:00,0.587
1/25/2007 10:00,0.2689
1/25/2007 11:00,0.292133333
1/25/2007 12:00,0.288266667
1/25/2007 13:00,0.3601
1/25/2007 14:00,1.202566667
1/25/2007 15:00,1.7188
1/25/2007 16:00,1.491233333
1/25/2007 17:00,1.764933333
1/25/2007 18:00,2.416066667
1/25/2007 19:00,3.042433333
1/25/2007 20:00,2.0296
1/25/2007 21:00,2.298566667
1/25/2007 22:00,1.343933333
1/25/2007 23:00,1.049066667
1/26/2007 0:00,0.2929
1/26/2007 1:00,0.275366667
1/26/2007 2:00,0.266733333
1/26/2007 3:00,0.284233333
1/26/2007 4:00,0.268866667
1/26/2007 5:00,0.289433333
1/26/2007 6:00,1.0981
1/26/2007 7:00,2.266366667
1/26/2007 8:00,0.511766667
1/26/2007 9:00,0.801466667
1/26/2007 10:00,0.800066667
1/26/2007 11:00,2.5391
1/26/2007 12:00,1.714866667
1/26/2007 13:00,1.589466667
1/26/2007 14:00,1.536533333
1/26/2007 15:00,0.674466667
1/26/2007 16:00,0.290266667
1/26/2007 17:00,0.592166667
1/26/2007 18:00,0.906166667
1/26/2007 19:00,1.7367
1/26/2007 20:00,1.4773
1/26/2007 21:00,2.6074
1/26/2007 22:00,2.3952
1/26/2007 23:00,1.751266667
1/27/2007 0:00,0.514766667
1/27/2007 1:00,0.428766667
1/27/2007 2:00,0.2627
1/27/2007 3:00,0.284866667
1/27/2007 4:00,0.2902
1/27/2007 5:00,0.285066667
1/27/2007 6:00,0.532
1/27/2007 7:00,1.531866667
1/27/2007 8:00,2.054933333
1/27/2007 9:00,1.845966667
1/27/2007 10:00,1.832766667
1/27/2007 11:00,1.578666667
1/27/2007 12:00,1.402766667
1/27/2007 13:00,1.541866667
1/27/2007 14:00,3.241833333
1/27/2007 15:00,2.088766667
1/27/2007 16:00,2.046333333
1/27/2007 17:00,1.4345
1/27/2007 18:00,2.0484
1/27/2007 19:00,2.110766667
1/27/2007 20:00,2.014133333
1/27/2007 21:00,1.046433333
1/27/2007 22:00,0.562766667
1/27/2007 23:00,3.086733333
1/28/2007 0:00,3.172066667
1/28/2007 1:00,1.4386
1/28/2007 2:00,1.385866667
1/28/2007 3:00,1.442
1/28/2007 4:00,1.448833333
1/28/2007 5:00,1.4096
1/28/2007 6:00,1.462133333
1/28/2007 7:00,1.368066667
1/28/2007 8:00,2.228733333
1/28/2007 9:00,2.1713
1/28/2007 10:00,1.771266667
1/28/2007 11:00,2.156566667
1/28/2007 12:00,4.195833333
1/28/2007 13:00,3.368433333
1/28/2007 14:00,1.775466667
1/28/2007 15:00,2.2972
1/28/2007 16:00,2.026366667
1/28/2007 17:00,2.503233333
1/28/2007 18:00,3.292833333
1/28/2007 19:00,2.497
1/28/2007 20:00,3.7912
1/28/2007 21:00,3.0787
1/28/2007 22:00,0.906566667
1/28/2007 23:00,0.3386
1/29/2007 0:00,0.276933333
1/29/2007 1:00,0.3127
1/29/2007 2:00,0.2769
1/29/2007 3:00,0.3165
1/29/2007 4:00,0.272033333
1/29/2007 5:00,1.064233333
1/29/2007 6:00,0.494433333
1/29/2007 7:00,1.248666667
1/29/2007 8:00,1.572633333
1/29/2007 9:00,1.827933333
1/29/2007 10:00,1.516966667
1/29/2007 11:00,1.4119
1/29/2007 12:00,1.589533333
1/29/2007 13:00,1.771666667
1/29/2007 14:00,1.485166667
1/29/2007 15:00,1.468833333
1/29/2007 16:00,1.766766667
1/29/2007 17:00,1.654233333
1/29/2007 18:00,2.393666667
1/29/2007 19:00,2.888466667
1/29/2007 20:00,3.420333333
1/29/2007 21:00,1.7399
1/29/2007 22:00,0.9504
1/29/2007 23:00,1.3236
1/30/2007 0:00,0.382066667
1/30/2007 1:00,0.3172
1/30/2007 2:00,0.291133333
1/30/2007 3:00,0.321166667
1/30/2007 4:00,0.290533333
1/30/2007 5:00,0.330333333
1/30/2007 6:00,0.950966667
1/30/2007 7:00,3.0251
1/30/2007 8:00,1.5079
1/30/2007 9:00,0.746766667
1/30/2007 10:00,0.2837
1/30/2007 11:00,0.493966667
1/30/2007 12:00,0.6436
1/30/2007 13:00,0.560566667
1/30/2007 14:00,0.6354
1/30/2007 15:00,0.820266667
1/30/2007 16:00,1.4973
1/30/2007 17:00,1.9338
1/30/2007 18:00,3.214466667
1/30/2007 19:00,3.064266667
1/30/2007 20:00,2.872933333
1/30/2007 21:00,1.673266667
1/30/2007 22:00,1.990633333
1/30/2007 23:00,0.615966667
1/31/2007 0:00,0.572333333
1/31/2007 1:00,0.305366667
1/31/2007 2:00,0.6035
1/31/2007 3:00,0.547833333
1/31/2007 4:00,0.3127
1/31/2007 5:00,0.3055
1/31/2007 6:00,0.423433333
1/31/2007 7:00,1.366333333
1/31/2007 8:00,2.385933333
1/31/2007 9:00,1.408466667
1/31/2007 10:00,1.3765
1/31/2007 11:00,2.837833333
1/31/2007 12:00,3.959833333
1/31/2007 13:00,1.7827
1/31/2007 14:00,1.854033333
1/31/2007 15:00,3.7652
1/31/2007 16:00,2.150033333
1/31/2007 17:00,1.704666667
1/31/2007 18:00,3.029066667
1/31/2007 19:00,2.5259
1/31/2007 20:00,1.159666667
1/31/2007 21:00,2.838866667
1/31/2007 22:00,1.861966667
1/31/2007 23:00,0.3182
02-01-2007 00:00,0.278533333
02-01-2007 01:00,0.319166667
02-01-2007 02:00,0.290933333
02-01-2007 03:00,0.2961
02-01-2007 04:00,0.304433333
02-01-2007 05:00,0.6714
02-01-2007 06:00,2.219433333
02-01-2007 07:00,3.058266667
02-01-2007 08:00,3.297333333
02-01-2007 09:00,2.054133333
02-01-2007 10:00,1.474333333
02-01-2007 11:00,1.371933333
02-01-2007 12:00,0.6152
02-01-2007 13:00,0.298066667
02-01-2007 14:00,0.3099
02-01-2007 15:00,0.298
02-01-2007 16:00,0.332566667
02-01-2007 17:00,0.8054
02-01-2007 18:00,2.580933333
02-01-2007 19:00,2.975266667
02-01-2007 20:00,2.129466667
02-01-2007 21:00,1.5541
02-01-2007 22:00,1.499333333
02-01-2007 23:00,1.378433333
02-02-2007 00:00,0.7672
02-02-2007 01:00,0.3079
02-02-2007 02:00,0.290133333
02-02-2007 03:00,0.314533333
02-02-2007 04:00,0.2905
02-02-2007 05:00,0.265466667
02-02-2007 06:00,1.2541
02-02-2007 07:00,2.276066667
02-02-2007 08:00,1.520266667
02-02-2007 09:00,1.496933333
02-02-2007 10:00,1.660733333
02-02-2007 11:00,1.305466667
02-02-2007 12:00,0.648833333
02-02-2007 13:00,1.469866667
02-02-2007 14:00,0.828333333
02-02-2007 15:00,0.3098
02-02-2007 16:00,0.3746
02-02-2007 17:00,0.516566667
02-02-2007 18:00,2.2891
02-02-2007 19:00,2.1169
02-02-2007 20:00,1.099533333
02-02-2007 21:00,0.588366667
02-02-2007 22:00,2.3489
02-02-2007 23:00,3.4555
02-03-2007 00:00,3.7147
02-03-2007 01:00,3.490833333
02-03-2007 02:00,3.498266667
02-03-2007 03:00,2.362266667
02-03-2007 04:00,2.1882
02-03-2007 05:00,2.326466667
02-03-2007 06:00,2.080433333
02-03-2007 07:00,2.048966667
02-03-2007 08:00,2.183233333
02-03-2007 09:00,1.462266667
02-03-2007 10:00,1.539566667
02-03-2007 11:00,1.6489
02-03-2007 12:00,1.579466667
02-03-2007 13:00,1.669833333
02-03-2007 14:00,3.927233333
02-03-2007 15:00,2.338633333
02-03-2007 16:00,2.546433333
02-03-2007 17:00,2.4434
02-03-2007 18:00,5.021133333
02-03-2007 19:00,5.814666667
02-03-2007 20:00,3.491366667
02-03-2007 21:00,3.700733333
02-03-2007 22:00,3.350933333
02-03-2007 23:00,2.7341
02-04-2007 00:00,5.073333333
02-04-2007 01:00,4.159333333
02-04-2007 02:00,2.3561
02-04-2007 03:00,1.949166667
02-04-2007 04:00,1.962
02-04-2007 05:00,2.0102
02-04-2007 06:00,2.927833333
02-04-2007 07:00,1.921566667
02-04-2007 08:00,2.2655
02-04-2007 09:00,2.7268
02-04-2007 10:00,2.4113
02-04-2007 11:00,1.1804
02-04-2007 12:00,2.146066667
02-04-2007 13:00,1.955
02-04-2007 14:00,1.486533333
02-04-2007 15:00,2.474866667
02-04-2007 16:00,3.566433333
02-04-2007 17:00,2.299666667
02-04-2007 18:00,2.6762
02-04-2007 19:00,3.126266667
02-04-2007 20:00,3.1421
02-04-2007 21:00,2.398
02-04-2007 22:00,1.581233333
02-04-2007 23:00,2.136433333
02-05-2007 00:00,0.407533333
02-05-2007 01:00,0.345166667
02-05-2007 02:00,0.367066667
02-05-2007 03:00,0.375666667
02-05-2007 04:00,0.348466667
02-05-2007 05:00,1.152466667
02-05-2007 06:00,0.610933333
02-05-2007 07:00,1.659533333
02-05-2007 08:00,2.985333333
02-05-2007 09:00,1.360033333
02-05-2007 10:00,1.358666667
02-05-2007 11:00,0.301833333
02-05-2007 12:00,0.7607
02-05-2007 13:00,0.632166667
02-05-2007 14:00,1.087533333
02-05-2007 15:00,1.609633333
02-05-2007 16:00,0.832966667
02-05-2007 17:00,0.761733333
02-05-2007 18:00,0.9984
02-05-2007 19:00,2.224366667
02-05-2007 20:00,3.442433333
02-05-2007 21:00,2.335033333
02-05-2007 22:00,1.043866667
02-05-2007 23:00,0.4198
02-06-2007 00:00,0.4016
02-06-2007 01:00,0.774166667
02-06-2007 02:00,0.324933333
02-06-2007 03:00,0.296133333
02-06-2007 04:00,0.2711
02-06-2007 05:00,0.318833333
02-06-2007 06:00,0.596633333
02-06-2007 07:00,1.388233333
02-06-2007 08:00,1.8561
02-06-2007 09:00,0.907766667
02-06-2007 10:00,0.684666667
02-06-2007 11:00,0.738533333
02-06-2007 12:00,0.5483
02-06-2007 13:00,0.8508
02-06-2007 14:00,1.1567
02-06-2007 15:00,1.5821
02-06-2007 16:00,0.689933333
02-06-2007 17:00,0.678866667
02-06-2007 18:00,0.669333333
02-06-2007 19:00,0.631033333
02-06-2007 20:00,1.8967
02-06-2007 21:00,2.779066667
02-06-2007 22:00,0.8889
02-06-2007 23:00,0.294233333
02-07-2007 00:00,0.3101
02-07-2007 01:00,0.268066667
02-07-2007 02:00,0.3268
02-07-2007 03:00,0.2739
02-07-2007 04:00,0.279533333
02-07-2007 05:00,0.334566667
02-07-2007 06:00,2.2319
02-07-2007 07:00,2.769833333
02-07-2007 08:00,2.190433333
02-07-2007 09:00,1.8933
02-07-2007 10:00,1.350333333
02-07-2007 11:00,2.281833333
02-07-2007 12:00,2.0786
02-07-2007 13:00,1.667366667
02-07-2007 14:00,1.646233333
02-07-2007 15:00,2.618833333
02-07-2007 16:00,1.956666667
02-07-2007 17:00,1.2212
02-07-2007 18:00,1.772066667
02-07-2007 19:00,2.450333333
02-07-2007 20:00,1.7852
02-07-2007 21:00,3.7329
02-07-2007 22:00,2.5022
02-07-2007 23:00,0.8581
02-08-2007 00:00,0.3036
02-08-2007 01:00,0.2927
02-08-2007 02:00,0.267133333
02-08-2007 03:00,0.3409
02-08-2007 04:00,0.328033333
02-08-2007 05:00,0.744433333
02-08-2007 06:00,1.169866667
02-08-2007 07:00,1.9156
02-08-2007 08:00,1.738766667
02-08-2007 09:00,1.449433333
02-08-2007 10:00,1.338833333
02-08-2007 11:00,1.321466667
02-08-2007 12:00,1.388166667
02-08-2007 13:00,0.4029
02-08-2007 14:00,0.335433333
02-08-2007 15:00,0.6013
02-08-2007 16:00,0.65
02-08-2007 17:00,1.768866667
02-08-2007 18:00,1.772166667
02-08-2007 19:00,3.362533333
02-08-2007 20:00,2.9786
02-08-2007 21:00,2.730133333
02-08-2007 22:00,2.0262
02-08-2007 23:00,0.7965
02-09-2007 00:00,0.320566667
02-09-2007 01:00,0.291266667
02-09-2007 02:00,0.342666667
02-09-2007 03:00,0.2745
02-09-2007 04:00,0.2797
02-09-2007 05:00,0.304633333
02-09-2007 06:00,1.086333333
02-09-2007 07:00,2.382266667
02-09-2007 08:00,1.6581
02-09-2007 09:00,1.338933333
02-09-2007 10:00,1.3302
02-09-2007 11:00,1.3874
02-09-2007 12:00,0.989166667
02-09-2007 13:00,1.0277
02-09-2007 14:00,1.417966667
02-09-2007 15:00,0.6847
02-09-2007 16:00,0.351366667
02-09-2007 17:00,0.325466667
02-09-2007 18:00,0.5458
02-09-2007 19:00,1.572566667
02-09-2007 20:00,2.384533333
02-09-2007 21:00,2.251033333
02-09-2007 22:00,3.835766667
02-09-2007 23:00,0.620666667
02-10-2007 00:00,0.372266667
02-10-2007 01:00,0.323333333
02-10-2007 02:00,0.375766667
02-10-2007 03:00,0.3348
02-10-2007 04:00,0.337633333
02-10-2007 05:00,0.353366667
02-10-2007 06:00,0.887933333
02-10-2007 07:00,1.467633333
02-10-2007 08:00,1.6671
02-10-2007 09:00,1.797066667
02-10-2007 10:00,2.2687
02-10-2007 11:00,2.552366667
02-10-2007 12:00,2.789933333
02-10-2007 13:00,2.035166667
02-10-2007 14:00,2.0697
02-10-2007 15:00,1.510533333
02-10-2007 16:00,1.500266667
02-10-2007 17:00,1.802066667
02-10-2007 18:00,3.515966667
02-10-2007 19:00,4.711466667
02-10-2007 20:00,4.069733333
02-10-2007 21:00,2.560466667
02-10-2007 22:00,4.6905
02-10-2007 23:00,3.1617
02-11-2007 00:00,2.324666667
02-11-2007 01:00,2.0002
02-11-2007 02:00,1.9685
02-11-2007 03:00,1.951533333
02-11-2007 04:00,2.075966667
02-11-2007 05:00,2.732433333
02-11-2007 06:00,2.513433333
02-11-2007 07:00,2.408366667
02-11-2007 08:00,2.654133333
02-11-2007 09:00,2.680933333
02-11-2007 10:00,2.100866667
02-11-2007 11:00,3.439866667
02-11-2007 12:00,3.791266667
02-11-2007 13:00,2.9738
02-11-2007 14:00,3.431133333
02-11-2007 15:00,2.934466667
02-11-2007 16:00,0.4385
02-11-2007 17:00,1.532866667
02-11-2007 18:00,3.026766667
02-11-2007 19:00,3.4848
02-11-2007 20:00,3.162
02-11-2007 21:00,2.632766667
02-11-2007 22:00,1.842833333
02-11-2007 23:00,1.418366667
02-12-2007 00:00,1.436033333
02-12-2007 01:00,0.451366667
02-12-2007 02:00,0.332366667
02-12-2007 03:00,0.346433333
02-12-2007 04:00,0.3015
02-12-2007 05:00,0.316666667
02-12-2007 06:00,1.8135
02-12-2007 07:00,2.465966667
02-12-2007 08:00,2.172
02-12-2007 09:00,1.993333333
02-12-2007 10:00,1.3417
02-12-2007 11:00,1.375633333
02-12-2007 12:00,0.921566667
02-12-2007 13:00,0.728366667
02-12-2007 14:00,1.308966667
02-12-2007 15:00,1.3888
02-12-2007 16:00,0.770533333
02-12-2007 17:00,0.721766667
02-12-2007 18:00,1.023366667
02-12-2007 19:00,2.255633333
02-12-2007 20:00,3.605566667
02-12-2007 21:00,2.354133333
02-12-2007 22:00,0.948333333
02-12-2007 23:00,0.919966667
2/13/2007 0:00,0.275866667
2/13/2007 1:00,0.3182
2/13/2007 2:00,0.288866667
2/13/2007 3:00,0.296933333
2/13/2007 4:00,0.279433333
2/13/2007 5:00,0.2854
2/13/2007 6:00,0.9443
2/13/2007 7:00,1.672966667
2/13/2007 8:00,1.020566667
2/13/2007 9:00,0.527966667
2/13/2007 10:00,0.4956
2/13/2007 11:00,0.582066667
2/13/2007 12:00,0.530666667
2/13/2007 13:00,0.3222
2/13/2007 14:00,0.767766667
2/13/2007 15:00,0.4402
2/13/2007 16:00,1.242766667
2/13/2007 17:00,1.495933333
2/13/2007 18:00,2.246533333
2/13/2007 19:00,2.459633333
2/13/2007 20:00,1.439933333
2/13/2007 21:00,3.5453
2/13/2007 22:00,0.8668
2/13/2007 23:00,1.229866667
2/14/2007 0:00,0.347466667
2/14/2007 1:00,0.283933333
2/14/2007 2:00,0.290066667
2/14/2007 3:00,0.320266667
2/14/2007 4:00,0.2866
2/14/2007 5:00,0.289166667
2/14/2007 6:00,1.635133333
2/14/2007 7:00,2.7165
2/14/2007 8:00,2.548633333
2/14/2007 9:00,1.906
2/14/2007 10:00,1.3256
2/14/2007 11:00,1.910066667
2/14/2007 12:00,3.451266667
2/14/2007 13:00,2.4897
2/14/2007 14:00,2.430233333
2/14/2007 15:00,4.364133333
2/14/2007 16:00,2.181033333
2/14/2007 17:00,0.978566667
2/14/2007 18:00,2.4165
2/14/2007 19:00,2.329733333
2/14/2007 20:00,1.819833333
2/14/2007 21:00,3.397366667
2/14/2007 22:00,1.586666667
2/14/2007 23:00,0.340066667
2/15/2007 0:00,0.420033333
2/15/2007 1:00,0.404366667
2/15/2007 2:00,0.3647
2/15/2007 3:00,0.314466667
2/15/2007 4:00,0.292433333
2/15/2007 5:00,1.0678
2/15/2007 6:00,1.686566667
2/15/2007 7:00,2.329833333
2/15/2007 8:00,1.4504
2/15/2007 9:00,1.434466667
2/15/2007 10:00,1.3697
2/15/2007 11:00,1.3831
2/15/2007 12:00,1.423633333
2/15/2007 13:00,1.067166667
2/15/2007 14:00,0.326766667
2/15/2007 15:00,0.3211
2/15/2007 16:00,0.460533333
2/15/2007 17:00,0.415466667
2/15/2007 18:00,1.777533333
2/15/2007 19:00,4.1108
2/15/2007 20:00,3.617766667
2/15/2007 21:00,2.9623
2/15/2007 22:00,2.424133333
2/15/2007 23:00,1.664033333
2/16/2007 0:00,1.5622
2/16/2007 1:00,0.825866667
2/16/2007 2:00,0.531066667
2/16/2007 3:00,0.500633333
2/16/2007 4:00,0.490366667
2/16/2007 5:00,0.582233333
2/16/2007 6:00,3.326466667
2/16/2007 7:00,2.419866667
2/16/2007 8:00,0.335
2/16/2007 9:00,0.343966667
2/16/2007 10:00,0.3553
2/16/2007 11:00,0.989366667
2/16/2007 12:00,0.332733333
2/16/2007 13:00,0.364933333
2/16/2007 14:00,0.3291
2/16/2007 15:00,0.325233333
2/16/2007 16:00,0.3426
2/16/2007 17:00,0.412766667
2/16/2007 18:00,1.410133333
2/16/2007 19:00,3.129733333
2/16/2007 20:00,2.8264
2/16/2007 21:00,2.795133333
2/16/2007 22:00,2.036633333
2/16/2007 23:00,1.807733333
2/17/2007 0:00,1.513633333
2/17/2007 1:00,1.1187
2/17/2007 2:00,0.2872
2/17/2007 3:00,0.3238
2/17/2007 4:00,0.314333333
2/17/2007 5:00,0.479866667
2/17/2007 6:00,0.487133333
2/17/2007 7:00,0.973366667
2/17/2007 8:00,2.610333333
2/17/2007 9:00,2.065433333
2/17/2007 10:00,0.813533333
2/17/2007 11:00,0.286133333
2/17/2007 12:00,0.4473
2/17/2007 13:00,2.270233333
2/17/2007 14:00,1.6168
2/17/2007 15:00,1.802166667
2/17/2007 16:00,0.569
2/17/2007 17:00,0.4366
2/17/2007 18:00,1.097066667
2/17/2007 19:00,2.694433333
2/17/2007 20:00,1.874066667
2/17/2007 21:00,2.750566667
2/17/2007 22:00,3.848266667
2/17/2007 23:00,3.935233333
2/18/2007 0:00,4.465
2/18/2007 1:00,3.888366667
2/18/2007 2:00,2.414
2/18/2007 3:00,1.375366667
2/18/2007 4:00,0.304766667
2/18/2007 5:00,0.842666667
2/18/2007 6:00,3.590266667
2/18/2007 7:00,2.423933333
2/18/2007 8:00,3.395966667
2/18/2007 9:00,3.4226
2/18/2007 10:00,4.200566667
2/18/2007 11:00,2.4564
2/18/2007 12:00,3.660933333
2/18/2007 13:00,3.336933333
2/18/2007 14:00,3.545933333
2/18/2007 15:00,1.6473
2/18/2007 16:00,2.161366667
2/18/2007 17:00,2.142666667
2/18/2007 18:00,3.401366667
2/18/2007 19:00,3.946033333
2/18/2007 20:00,3.400866667
2/18/2007 21:00,2.628333333
2/18/2007 22:00,0.7909
2/18/2007 23:00,0.386833333
2/19/2007 0:00,0.366666667
2/19/2007 1:00,0.841533333
2/19/2007 2:00,0.303766667
2/19/2007 3:00,0.3525
2/19/2007 4:00,0.333166667
2/19/2007 5:00,0.3123
2/19/2007 6:00,1.3919
2/19/2007 7:00,1.9478
2/19/2007 8:00,1.6239
2/19/2007 9:00,1.3547
2/19/2007 10:00,1.425766667
2/19/2007 11:00,1.399566667
2/19/2007 12:00,1.807166667
2/19/2007 13:00,0.987966667
2/19/2007 14:00,0.345666667
2/19/2007 15:00,0.296533333
2/19/2007 16:00,0.328366667
2/19/2007 17:00,0.579266667
2/19/2007 18:00,3.410666667
2/19/2007 19:00,4.263566667
2/19/2007 20:00,3.9734
2/19/2007 21:00,3.657866667
2/19/2007 22:00,2.638333333
2/19/2007 23:00,2.5012
2/20/2007 0:00,2.488733333
2/20/2007 1:00,2.396466667
2/20/2007 2:00,2.444566667
2/20/2007 3:00,2.847333333
2/20/2007 4:00,2.666266667
2/20/2007 5:00,2.363466667
2/20/2007 6:00,2.8587
2/20/2007 7:00,4.4166
2/20/2007 8:00,3.482266667
2/20/2007 9:00,2.669666667
2/20/2007 10:00,1.766866667
2/20/2007 11:00,1.6853
2/20/2007 12:00,1.638133333
2/20/2007 13:00,1.948866667
2/20/2007 14:00,1.563933333
2/20/2007 15:00,0.381166667
2/20/2007 16:00,0.426366667
2/20/2007 17:00,0.4332
2/20/2007 18:00,1.0013
2/20/2007 19:00,2.0312
2/20/2007 20:00,4.4047
2/20/2007 21:00,2.803933333
2/20/2007 22:00,1.9939
2/20/2007 23:00,1.785866667
2/21/2007 0:00,0.319566667
2/21/2007 1:00,0.304333333
2/21/2007 2:00,0.935166667
2/21/2007 3:00,0.307433333
2/21/2007 4:00,0.308433333
2/21/2007 5:00,0.276533333
2/21/2007 6:00,0.615266667
2/21/2007 7:00,2.095733333
2/21/2007 8:00,1.4324
2/21/2007 9:00,1.338166667
2/21/2007 10:00,1.4221
2/21/2007 11:00,0.697666667
2/21/2007 12:00,0.804366667
2/21/2007 13:00,0.4357
2/21/2007 14:00,0.3365
2/21/2007 15:00,1.700633333
2/21/2007 16:00,1.8283
2/21/2007 17:00,2.038366667
2/21/2007 18:00,2.859233333
2/21/2007 19:00,3.020833333
2/21/2007 20:00,4.016133333
2/21/2007 21:00,2.113133333
2/21/2007 22:00,2.661466667
2/21/2007 23:00,2.680433333
2/22/2007 0:00,1.987766667
2/22/2007 1:00,2.345066667
2/22/2007 2:00,2.3484
2/22/2007 3:00,2.373733333
2/22/2007 4:00,2.298866667
2/22/2007 5:00,2.348366667
2/22/2007 6:00,3.5509
2/22/2007 7:00,3.963533333
2/22/2007 8:00,3.511333333
2/22/2007 9:00,1.635
2/22/2007 10:00,1.462733333
2/22/2007 11:00,1.5265
2/22/2007 12:00,1.675133333
2/22/2007 13:00,0.341466667
2/22/2007 14:00,0.608266667
2/22/2007 15:00,0.4879
2/22/2007 16:00,0.707666667
2/22/2007 17:00,0.702633333
2/22/2007 18:00,1.614066667
2/22/2007 19:00,4.490033333
2/22/2007 20:00,3.460833333
2/22/2007 21:00,6.363866667
2/22/2007 22:00,3.479666667
2/22/2007 23:00,2.955533333
2/23/2007 0:00,1.016933333
2/23/2007 1:00,0.2963
2/23/2007 2:00,0.311633333
2/23/2007 3:00,0.279
2/23/2007 4:00,0.3243
2/23/2007 5:00,0.262733333
2/23/2007 6:00,0.2868
2/23/2007 7:00,2.339366667
2/23/2007 8:00,2.0058
2/23/2007 9:00,1.667033333
2/23/2007 10:00,1.524766667
2/23/2007 11:00,1.2568
2/23/2007 12:00,1.453733333
2/23/2007 13:00,1.5165
2/23/2007 14:00,1.403166667
2/23/2007 15:00,1.398633333
2/23/2007 16:00,1.3895
2/23/2007 17:00,0.715766667
2/23/2007 18:00,0.337466667
2/23/2007 19:00,0.2815
2/23/2007 20:00,0.309933333
2/23/2007 21:00,0.326833333
2/23/2007 22:00,0.343966667
2/23/2007 23:00,0.842866667
2/24/2007 0:00,0.382066667
2/24/2007 1:00,0.303433333
2/24/2007 2:00,0.2846
2/24/2007 3:00,1.142666667
2/24/2007 4:00,0.393333333
2/24/2007 5:00,0.264433333
2/24/2007 6:00,0.3069
2/24/2007 7:00,0.505133333
2/24/2007 8:00,2.0233
2/24/2007 9:00,1.786533333
2/24/2007 10:00,0.2936
2/24/2007 11:00,0.292733333
2/24/2007 12:00,0.2642
2/24/2007 13:00,0.314133333
2/24/2007 14:00,0.264366667
2/24/2007 15:00,0.284566667
2/24/2007 16:00,0.285433333
2/24/2007 17:00,0.719266667
2/24/2007 18:00,0.435733333
2/24/2007 19:00,0.2488
2/24/2007 20:00,0.281466667
2/24/2007 21:00,0.290033333
2/24/2007 22:00,0.249366667
2/24/2007 23:00,0.299266667
2/25/2007 0:00,0.2797
2/25/2007 1:00,0.294766667
2/25/2007 2:00,0.267333333
2/25/2007 3:00,0.744233333
2/25/2007 4:00,0.5836
2/25/2007 5:00,0.2745
2/25/2007 6:00,0.302233333
2/25/2007 7:00,0.2532
2/25/2007 8:00,0.285133333
2/25/2007 9:00,0.2955
2/25/2007 10:00,0.254666667
2/25/2007 11:00,0.3136
2/25/2007 12:00,0.263366667
2/25/2007 13:00,0.2706
2/25/2007 14:00,1.2028
2/25/2007 15:00,0.2662
2/25/2007 16:00,0.2892
2/25/2007 17:00,0.2649
2/25/2007 18:00,0.273233333
2/25/2007 19:00,0.281666667
2/25/2007 20:00,0.2682
2/25/2007 21:00,0.300933333
2/25/2007 22:00,0.253933333
2/25/2007 23:00,0.278833333
2/26/2007 0:00,0.538566667
2/26/2007 1:00,0.9474
2/26/2007 2:00,0.2965
2/26/2007 3:00,0.268533333
2/26/2007 4:00,0.2619
2/26/2007 5:00,0.279533333
2/26/2007 6:00,0.284366667
2/26/2007 7:00,0.287933333
2/26/2007 8:00,0.2488
2/26/2007 9:00,0.276633333
2/26/2007 10:00,0.2771
2/26/2007 11:00,0.772733333
2/26/2007 12:00,0.756766667
2/26/2007 13:00,0.2626
2/26/2007 14:00,0.2633
2/26/2007 15:00,0.302766667
2/26/2007 16:00,0.273933333
2/26/2007 17:00,0.29
2/26/2007 18:00,0.264833333
2/26/2007 19:00,0.262766667
2/26/2007 20:00,0.281033333
2/26/2007 21:00,0.2673
2/26/2007 22:00,0.906666667
2/26/2007 23:00,0.602766667
2/27/2007 0:00,0.259066667
2/27/2007 1:00,0.311133333
2/27/2007 2:00,0.260866667
2/27/2007 3:00,0.289666667
2/27/2007 4:00,0.2766
2/27/2007 5:00,0.2501
2/27/2007 6:00,0.292266667
2/27/2007 7:00,0.2797
2/27/2007 8:00,0.284333333
2/27/2007 9:00,1.112133333
2/27/2007 10:00,0.375033333
2/27/2007 11:00,0.3002
2/27/2007 12:00,0.270366667
2/27/2007 13:00,0.293366667
2/27/2007 14:00,0.285133333
2/27/2007 15:00,0.2577
2/27/2007 16:00,0.307033333
2/27/2007 17:00,0.282833333
2/27/2007 18:00,0.2679
2/27/2007 19:00,0.3107
2/27/2007 20:00,1.2159
2/27/2007 21:00,0.294533333
2/27/2007 22:00,0.267566667
2/27/2007 23:00,0.291066667
2/28/2007 0:00,0.291033333
2/28/2007 1:00,0.2592
2/28/2007 2:00,0.319833333
2/28/2007 3:00,0.2714
2/28/2007 4:00,0.261733333
2/28/2007 5:00,0.2979
2/28/2007 6:00,0.3468
2/28/2007 7:00,1.2055
2/28/2007 8:00,0.2634
2/28/2007 9:00,0.270866667
2/28/2007 10:00,0.29
2/28/2007 11:00,0.2526
2/28/2007 12:00,0.3168
2/28/2007 13:00,0.2626
2/28/2007 14:00,0.2525
2/28/2007 15:00,0.300833333
2/28/2007 16:00,0.268633333
2/28/2007 17:00,0.3037
2/28/2007 18:00,1.250033333
2/28/2007 19:00,0.2685
2/28/2007 20:00,0.285966667
2/28/2007 21:00,0.257166667
2/28/2007 22:00,0.315033333
2/28/2007 23:00,0.267533333
03-01-2007 00:00,0.257166667
03-01-2007 01:00,0.308066667
03-01-2007 02:00,0.277066667
03-01-2007 03:00,0.2866
03-01-2007 04:00,0.2723
03-01-2007 05:00,1.169
03-01-2007 06:00,0.365133333
03-01-2007 07:00,0.263166667
03-01-2007 08:00,0.2912
03-01-2007 09:00,0.274866667
03-01-2007 10:00,0.251733333
03-01-2007 11:00,0.298233333
03-01-2007 12:00,0.275366667
03-01-2007 13:00,0.2697
03-01-2007 14:00,0.279533333
03-01-2007 15:00,0.275733333
03-01-2007 16:00,1.243733333
03-01-2007 17:00,0.318866667
03-01-2007 18:00,0.2785
03-01-2007 19:00,0.2785
03-01-2007 20:00,0.250133333
03-01-2007 21:00,0.309833333
03-01-2007 22:00,0.267866667
03-01-2007 23:00,0.263766667
03-02-2007 00:00,0.2861
03-02-2007 01:00,0.283666667
03-02-2007 02:00,0.291033333
03-02-2007 03:00,0.853033333
03-02-2007 04:00,0.6476
03-02-2007 05:00,0.292766667
03-02-2007 06:00,0.262233333
03-02-2007 07:00,0.2949
03-02-2007 08:00,0.269366667
03-02-2007 09:00,0.250233333
03-02-2007 10:00,0.297266667
03-02-2007 11:00,0.273833333
03-02-2007 12:00,0.273733333
03-02-2007 13:00,0.265
03-02-2007 14:00,0.933033333
03-02-2007 15:00,0.639166667
03-02-2007 16:00,0.251966667
03-02-2007 17:00,0.2726
03-02-2007 18:00,0.2824
03-02-2007 19:00,0.256633333
03-02-2007 20:00,0.291433333
03-02-2007 21:00,0.271733333
03-02-2007 22:00,0.259
03-02-2007 23:00,0.296066667
03-03-2007 00:00,0.2918
03-03-2007 01:00,0.879533333
03-03-2007 02:00,0.668966667
03-03-2007 03:00,0.281333333
03-03-2007 04:00,0.312766667
03-03-2007 05:00,0.257266667
03-03-2007 06:00,0.311333333
03-03-2007 07:00,0.288933333
03-03-2007 08:00,0.2625
03-03-2007 09:00,0.306966667
03-03-2007 10:00,0.2825
03-03-2007 11:00,0.296666667
03-03-2007 12:00,0.643733333
03-03-2007 13:00,0.902033333
03-03-2007 14:00,0.306766667
03-03-2007 15:00,0.268366667
03-03-2007 16:00,0.315833333
03-03-2007 17:00,0.278033333
03-03-2007 18:00,0.370866667
03-03-2007 19:00,1.538566667
03-03-2007 20:00,1.813566667
03-03-2007 21:00,1.484033333
03-03-2007 22:00,0.968166667
03-03-2007 23:00,0.3215
03-04-2007 00:00,0.260033333
03-04-2007 01:00,0.2666
03-04-2007 02:00,0.3192
03-04-2007 03:00,0.255233333
03-04-2007 04:00,0.302666667
03-04-2007 05:00,0.2849
03-04-2007 06:00,0.678
03-04-2007 07:00,0.668266667
03-04-2007 08:00,0.2836
03-04-2007 09:00,0.305333333
03-04-2007 10:00,0.2676
03-04-2007 11:00,0.295033333
03-04-2007 12:00,0.294133333
03-04-2007 13:00,1.342866667
03-04-2007 14:00,0.457133333
03-04-2007 15:00,1.903466667
03-04-2007 16:00,3.3447
03-04-2007 17:00,4.087166667
03-04-2007 18:00,4.106133333
03-04-2007 19:00,5.432133333
03-04-2007 20:00,4.0962
03-04-2007 21:00,3.9417
03-04-2007 22:00,1.335
03-04-2007 23:00,0.3179
03-05-2007 00:00,0.3466
03-05-2007 01:00,0.281966667
03-05-2007 02:00,0.304366667
03-05-2007 03:00,0.3086
03-05-2007 04:00,0.279966667
03-05-2007 05:00,0.316933333
03-05-2007 06:00,1.5366
03-05-2007 07:00,3.926133333
03-05-2007 08:00,1.9044
03-05-2007 09:00,1.891766667
03-05-2007 10:00,1.3841
03-05-2007 11:00,1.3662
03-05-2007 12:00,0.721533333
03-05-2007 13:00,1.105433333
03-05-2007 14:00,2.5973
03-05-2007 15:00,1.6635
03-05-2007 16:00,2.508033333
03-05-2007 17:00,2.7113
03-05-2007 18:00,3.356533333
03-05-2007 19:00,5.6449
03-05-2007 20:00,4.205433333
03-05-2007 21:00,3.5115
03-05-2007 22:00,2.179566667
03-05-2007 23:00,0.2862
03-06-2007 00:00,0.289566667
03-06-2007 01:00,0.276833333
03-06-2007 02:00,0.2863
03-06-2007 03:00,0.283166667
03-06-2007 04:00,0.270033333
03-06-2007 05:00,0.286
03-06-2007 06:00,1.6043
03-06-2007 07:00,2.5235
03-06-2007 08:00,1.236633333
03-06-2007 09:00,0.865
03-06-2007 10:00,0.856366667
03-06-2007 11:00,0.699166667
03-06-2007 12:00,0.4595
03-06-2007 13:00,0.987733333
03-06-2007 14:00,0.400333333
03-06-2007 15:00,0.3804
03-06-2007 16:00,0.4104
03-06-2007 17:00,0.399633333
03-06-2007 18:00,0.7204
03-06-2007 19:00,1.913866667
03-06-2007 20:00,2.676566667
03-06-2007 21:00,1.742166667
03-06-2007 22:00,0.4897
03-06-2007 23:00,0.717433333
03-07-2007 00:00,0.667033333
03-07-2007 01:00,0.262
03-07-2007 02:00,0.306766667
03-07-2007 03:00,0.267633333
03-07-2007 04:00,0.2699
03-07-2007 05:00,0.299166667
03-07-2007 06:00,1.781266667
03-07-2007 07:00,1.779266667
03-07-2007 08:00,2.1682
03-07-2007 09:00,2.1449
03-07-2007 10:00,1.413833333
03-07-2007 11:00,1.694333333
03-07-2007 12:00,1.7733
03-07-2007 13:00,1.419833333
03-07-2007 14:00,1.422533333
03-07-2007 15:00,1.359333333
03-07-2007 16:00,1.405266667
03-07-2007 17:00,0.354533333
03-07-2007 18:00,2.5424
03-07-2007 19:00,4.852566667
03-07-2007 20:00,4.3651
03-07-2007 21:00,3.235533333
03-07-2007 22:00,2.7918
03-07-2007 23:00,1.010266667
03-08-2007 00:00,0.3621
03-08-2007 01:00,0.3624
03-08-2007 02:00,0.707333333
03-08-2007 03:00,0.6272
03-08-2007 04:00,0.3812
03-08-2007 05:00,0.3553
03-08-2007 06:00,0.647366667
03-08-2007 07:00,2.390333333
03-08-2007 08:00,2.212466667
03-08-2007 09:00,1.0175
03-08-2007 10:00,0.379766667
03-08-2007 11:00,0.358566667
03-08-2007 12:00,0.373533333
03-08-2007 13:00,0.356033333
03-08-2007 14:00,0.357966667
03-08-2007 15:00,0.390066667
03-08-2007 16:00,0.460566667
03-08-2007 17:00,0.852866667
03-08-2007 18:00,0.607733333
03-08-2007 19:00,3.5261
03-08-2007 20:00,3.348666667
03-08-2007 21:00,3.233933333
03-08-2007 22:00,2.302433333
03-08-2007 23:00,0.590766667
03-09-2007 00:00,0.277166667
03-09-2007 01:00,0.3137
03-09-2007 02:00,0.296933333
03-09-2007 03:00,0.290933333
03-09-2007 04:00,0.301833333
03-09-2007 05:00,0.266766667
03-09-2007 06:00,0.8121
03-09-2007 07:00,1.9425
03-09-2007 08:00,2.0169
03-09-2007 09:00,2.1663
03-09-2007 10:00,1.8763
03-09-2007 11:00,1.764833333
03-09-2007 12:00,1.4069
03-09-2007 13:00,1.4258
03-09-2007 14:00,0.861533333
03-09-2007 15:00,0.392533333
03-09-2007 16:00,0.366166667
03-09-2007 17:00,0.3252
03-09-2007 18:00,0.335
03-09-2007 19:00,0.982466667
03-09-2007 20:00,0.366766667
03-09-2007 21:00,0.4536
03-09-2007 22:00,1.023266667
03-09-2007 23:00,0.9447
03-10-2007 00:00,0.333466667
03-10-2007 01:00,0.300466667
03-10-2007 02:00,0.2946
03-10-2007 03:00,0.989633333
03-10-2007 04:00,0.2773
03-10-2007 05:00,0.313966667
03-10-2007 06:00,0.282366667
03-10-2007 07:00,0.633833333
03-10-2007 08:00,1.2043
03-10-2007 09:00,2.146866667
03-10-2007 10:00,3.112266667
03-10-2007 11:00,2.363433333
03-10-2007 12:00,1.816133333
03-10-2007 13:00,1.721933333
03-10-2007 14:00,2.174966667
03-10-2007 15:00,3.073366667
03-10-2007 16:00,2.222466667
03-10-2007 17:00,2.2086
03-10-2007 18:00,0.9974
03-10-2007 19:00,3.1012
03-10-2007 20:00,2.171466667
03-10-2007 21:00,3.336833333
03-10-2007 22:00,3.417466667
03-10-2007 23:00,2.917533333
03-11-2007 00:00,2.447933333
03-11-2007 01:00,2.383966667
03-11-2007 02:00,2.405666667
03-11-2007 03:00,2.4315
03-11-2007 04:00,2.416366667
03-11-2007 05:00,2.431733333
03-11-2007 06:00,3.0342
03-11-2007 07:00,3.3676
03-11-2007 08:00,2.408466667
03-11-2007 09:00,2.586066667
03-11-2007 10:00,1.369833333
03-11-2007 11:00,0.773666667
03-11-2007 12:00,1.741466667
03-11-2007 13:00,3.307666667
03-11-2007 14:00,1.5499
03-11-2007 15:00,2.522966667
03-11-2007 16:00,1.6363
03-11-2007 17:00,1.917033333
03-11-2007 18:00,2.839366667
03-11-2007 19:00,4.6315
03-11-2007 20:00,3.4513
03-11-2007 21:00,2.849966667
03-11-2007 22:00,2.520666667
03-11-2007 23:00,0.985466667
03-12-2007 00:00,0.307733333
03-12-2007 01:00,0.2915
03-12-2007 02:00,0.308233333
03-12-2007 03:00,0.2859
03-12-2007 04:00,0.289833333
03-12-2007 05:00,0.285333333
03-12-2007 06:00,0.839966667
03-12-2007 07:00,1.822333333
03-12-2007 08:00,2.216033333
03-12-2007 09:00,2.176933333
03-12-2007 10:00,1.886866667
03-12-2007 11:00,1.930466667
03-12-2007 12:00,1.646833333
03-12-2007 13:00,0.997833333
03-12-2007 14:00,1.173433333
03-12-2007 15:00,0.982033333
03-12-2007 16:00,1.261566667
03-12-2007 17:00,1.4912
03-12-2007 18:00,1.3965
03-12-2007 19:00,3.311433333
03-12-2007 20:00,2.331566667
03-12-2007 21:00,2.663733333
03-12-2007 22:00,2.2119
03-12-2007 23:00,0.401966667
3/13/2007 0:00,0.3082
3/13/2007 1:00,0.3025
3/13/2007 2:00,0.2969
3/13/2007 3:00,0.3
3/13/2007 4:00,0.288633333
3/13/2007 5:00,0.306066667
3/13/2007 6:00,1.186233333
3/13/2007 7:00,1.5631
3/13/2007 8:00,1.3439
3/13/2007 9:00,0.7189
3/13/2007 10:00,0.282333333
3/13/2007 11:00,0.3172
3/13/2007 12:00,0.291633333
3/13/2007 13:00,0.280166667
3/13/2007 14:00,0.332766667
3/13/2007 15:00,0.272866667
3/13/2007 16:00,0.334166667
3/13/2007 17:00,0.971066667
3/13/2007 18:00,1.738333333
3/13/2007 19:00,3.455166667
3/13/2007 20:00,2.115866667
3/13/2007 21:00,0.647533333
3/13/2007 22:00,1.9877
3/13/2007 23:00,1.861166667
3/14/2007 0:00,0.418733333
3/14/2007 1:00,0.354333333
3/14/2007 2:00,0.382866667
3/14/2007 3:00,0.369333333
3/14/2007 4:00,0.372633333
3/14/2007 5:00,0.347333333
3/14/2007 6:00,1.8482
3/14/2007 7:00,1.598066667
3/14/2007 8:00,1.393833333
3/14/2007 9:00,1.3409
3/14/2007 10:00,0.9049
3/14/2007 11:00,0.979766667
3/14/2007 12:00,1.915
3/14/2007 13:00,1.498333333
3/14/2007 14:00,0.9349
3/14/2007 15:00,0.867333333
3/14/2007 16:00,0.3016
3/14/2007 17:00,0.3981
3/14/2007 18:00,0.6135
3/14/2007 19:00,3.706466667
3/14/2007 20:00,2.831266667
3/14/2007 21:00,3.624466667
3/14/2007 22:00,1.6452
3/14/2007 23:00,1.242333333
3/15/2007 0:00,0.582866667
3/15/2007 1:00,0.272533333
3/15/2007 2:00,0.3039
3/15/2007 3:00,0.285933333
3/15/2007 4:00,0.768566667
3/15/2007 5:00,0.347133333
3/15/2007 6:00,1.731533333
3/15/2007 7:00,2.1025
3/15/2007 8:00,1.3492
3/15/2007 9:00,1.2241
3/15/2007 10:00,1.790633333
3/15/2007 11:00,1.4723
3/15/2007 12:00,0.465666667
3/15/2007 13:00,0.409033333
3/15/2007 14:00,0.798266667
3/15/2007 15:00,2.665933333
3/15/2007 16:00,0.884366667
3/15/2007 17:00,0.565966667
3/15/2007 18:00,2.096933333
3/15/2007 19:00,3.576266667
3/15/2007 20:00,3.3483
3/15/2007 21:00,2.4114
3/15/2007 22:00,1.2097
3/15/2007 23:00,0.750533333
3/16/2007 0:00,0.786966667
3/16/2007 1:00,0.729933333
3/16/2007 2:00,0.772166667
3/16/2007 3:00,0.771933333
3/16/2007 4:00,0.748533333
3/16/2007 5:00,0.771633333
3/16/2007 6:00,1.304333333
3/16/2007 7:00,0.969933333
3/16/2007 8:00,1.9546
3/16/2007 9:00,2.015233333
3/16/2007 10:00,1.389533333
3/16/2007 11:00,0.278866667
3/16/2007 12:00,0.323233333
3/16/2007 13:00,0.2808
3/16/2007 14:00,0.3277
3/16/2007 15:00,0.280533333
3/16/2007 16:00,0.324966667
3/16/2007 17:00,0.853133333
3/16/2007 18:00,3.434633333
3/16/2007 19:00,3.781566667
3/16/2007 20:00,1.7387
3/16/2007 21:00,1.527366667
3/16/2007 22:00,1.899866667
3/16/2007 23:00,1.1014
3/17/2007 0:00,0.514
3/17/2007 1:00,0.3001
3/17/2007 2:00,0.2762
3/17/2007 3:00,0.2893
3/17/2007 4:00,0.270833333
3/17/2007 5:00,0.282633333
3/17/2007 6:00,0.634
3/17/2007 7:00,1.270066667
3/17/2007 8:00,1.783066667
3/17/2007 9:00,1.397266667
3/17/2007 10:00,1.703166667
3/17/2007 11:00,1.382633333
3/17/2007 12:00,1.5274
3/17/2007 13:00,1.750266667
3/17/2007 14:00,1.491833333
3/17/2007 15:00,1.927666667
3/17/2007 16:00,0.851466667
3/17/2007 17:00,2.637166667
3/17/2007 18:00,2.107633333
3/17/2007 19:00,2.483766667
3/17/2007 20:00,4.129833333
3/17/2007 21:00,3.380966667
3/17/2007 22:00,1.1147
3/17/2007 23:00,0.295533333
3/18/2007 0:00,0.315333333
3/18/2007 1:00,0.275933333
3/18/2007 2:00,0.331133333
3/18/2007 3:00,0.299466667
3/18/2007 4:00,0.317566667
3/18/2007 5:00,0.509666667
3/18/2007 6:00,1.6989
3/18/2007 7:00,3.0028
3/18/2007 8:00,3.098366667
3/18/2007 9:00,3.292533333
3/18/2007 10:00,3.5817
3/18/2007 11:00,2.336
3/18/2007 12:00,1.924666667
3/18/2007 13:00,1.191233333
3/18/2007 14:00,0.976566667
3/18/2007 15:00,0.429833333
3/18/2007 16:00,0.407966667
3/18/2007 17:00,0.459966667
3/18/2007 18:00,2.4544
3/18/2007 19:00,4.1248
3/18/2007 20:00,3.217633333
3/18/2007 21:00,2.8092
3/18/2007 22:00,1.349333333
3/18/2007 23:00,1.112433333
3/19/2007 0:00,0.8892
3/19/2007 1:00,0.794966667
3/19/2007 2:00,0.344166667
3/19/2007 3:00,0.275133333
3/19/2007 4:00,0.29
3/19/2007 5:00,0.2904
3/19/2007 6:00,1.1792
3/19/2007 7:00,1.979566667
3/19/2007 8:00,1.889333333
3/19/2007 9:00,1.741533333
3/19/2007 10:00,1.623566667
3/19/2007 11:00,1.134733333
3/19/2007 12:00,0.476833333
3/19/2007 13:00,0.477066667
3/19/2007 14:00,1.8425
3/19/2007 15:00,1.5519
3/19/2007 16:00,1.531133333
3/19/2007 17:00,1.400466667
3/19/2007 18:00,1.463666667
3/19/2007 19:00,3.406566667
3/19/2007 20:00,4.102066667
3/19/2007 21:00,3.953966667
3/19/2007 22:00,2.088
3/19/2007 23:00,1.149333333
3/20/2007 0:00,0.312366667
3/20/2007 1:00,0.638366667
3/20/2007 2:00,0.608066667
3/20/2007 3:00,0.287166667
3/20/2007 4:00,0.296633333
3/20/2007 5:00,0.2734
3/20/2007 6:00,1.0348
3/20/2007 7:00,1.973633333
3/20/2007 8:00,2.521233333
3/20/2007 9:00,2.0329
3/20/2007 10:00,2.334233333
3/20/2007 11:00,2.0453
3/20/2007 12:00,1.641266667
3/20/2007 13:00,0.838033333
3/20/2007 14:00,0.3249
3/20/2007 15:00,0.2832
3/20/2007 16:00,0.397533333
3/20/2007 17:00,0.3066
3/20/2007 18:00,1.0046
3/20/2007 19:00,3.185133333
3/20/2007 20:00,2.292766667
3/20/2007 21:00,5.2927
3/20/2007 22:00,3.421533333
3/20/2007 23:00,1.4241
3/21/2007 0:00,1.3963
3/21/2007 1:00,1.3607
3/21/2007 2:00,0.469233333
3/21/2007 3:00,0.315033333
3/21/2007 4:00,0.283966667
3/21/2007 5:00,0.315666667
3/21/2007 6:00,0.625033333
3/21/2007 7:00,1.274666667
3/21/2007 8:00,1.5601
3/21/2007 9:00,1.3327
3/21/2007 10:00,1.419866667
3/21/2007 11:00,1.868366667
3/21/2007 12:00,2.427366667
3/21/2007 13:00,1.746233333
3/21/2007 14:00,1.407433333
3/21/2007 15:00,1.208
3/21/2007 16:00,0.861
3/21/2007 17:00,1.879666667
3/21/2007 18:00,1.026566667
3/21/2007 19:00,3.042466667
3/21/2007 20:00,2.531566667
3/21/2007 21:00,1.9094
3/21/2007 22:00,2.9122
3/21/2007 23:00,2.528
3/22/2007 0:00,2.071033333
3/22/2007 1:00,0.572266667
3/22/2007 2:00,0.3028
3/22/2007 3:00,0.2863
3/22/2007 4:00,0.284533333
3/22/2007 5:00,0.2976
3/22/2007 6:00,1.304633333
3/22/2007 7:00,2.283433333
3/22/2007 8:00,1.609
3/22/2007 9:00,1.3746
3/22/2007 10:00,1.330466667
3/22/2007 11:00,1.268966667
3/22/2007 12:00,0.292633333
3/22/2007 13:00,0.292866667
3/22/2007 14:00,0.453666667
3/22/2007 15:00,0.3483
3/22/2007 16:00,0.4587
3/22/2007 17:00,0.916933333
3/22/2007 18:00,0.5725
3/22/2007 19:00,1.549266667
3/22/2007 20:00,0.382133333
3/22/2007 21:00,2.5913
3/22/2007 22:00,2.003766667
3/22/2007 23:00,1.401933333
3/23/2007 0:00,1.392466667
3/23/2007 1:00,0.978333333
3/23/2007 2:00,0.2901
3/23/2007 3:00,0.2662
3/23/2007 4:00,0.2676
3/23/2007 5:00,0.276466667
3/23/2007 6:00,1.222266667
3/23/2007 7:00,1.9694
3/23/2007 8:00,1.3058
3/23/2007 9:00,1.337033333
3/23/2007 10:00,0.579133333
3/23/2007 11:00,0.271666667
3/23/2007 12:00,0.316366667
3/23/2007 13:00,0.258866667
3/23/2007 14:00,0.310766667
3/23/2007 15:00,0.290166667
3/23/2007 16:00,0.542766667
3/23/2007 17:00,0.7478
3/23/2007 18:00,1.4006
3/23/2007 19:00,1.609333333
3/23/2007 20:00,2.173666667
3/23/2007 21:00,1.5232
3/23/2007 22:00,1.741033333
3/23/2007 23:00,0.745766667
3/24/2007 0:00,0.2784
3/24/2007 1:00,0.7553
3/24/2007 2:00,0.406233333
3/24/2007 3:00,0.281833333
3/24/2007 4:00,0.269866667
3/24/2007 5:00,0.294166667
3/24/2007 6:00,0.245233333
3/24/2007 7:00,0.9754
3/24/2007 8:00,1.540366667
3/24/2007 9:00,2.517533333
3/24/2007 10:00,1.982033333
3/24/2007 11:00,1.652066667
3/24/2007 12:00,2.128466667
3/24/2007 13:00,1.962766667
3/24/2007 14:00,2.6257
3/24/2007 15:00,3.245233333
3/24/2007 16:00,2.4816
3/24/2007 17:00,2.4093
3/24/2007 18:00,3.0232
3/24/2007 19:00,5.015866667
3/24/2007 20:00,3.8878
3/24/2007 21:00,3.2403
3/24/2007 22:00,4.117866667
3/24/2007 23:00,4.1373
3/25/2007 0:00,2.376533333
3/25/2007 1:00,2.322633333
3/25/2007 2:00,2.359733333
3/25/2007 3:00,2.358333333
3/25/2007 4:00,2.3921
3/25/2007 5:00,2.5013
3/25/2007 6:00,2.901166667
3/25/2007 7:00,2.322133333
3/25/2007 8:00,2.8779
3/25/2007 9:00,2.6818
3/25/2007 10:00,2.0568
3/25/2007 11:00,0.676466667
3/25/2007 12:00,1.8676
3/25/2007 13:00,1.778166667
3/25/2007 14:00,2.495533333
3/25/2007 15:00,1.821766667
3/25/2007 16:00,2.251366667
3/25/2007 17:00,0.3827
3/25/2007 18:00,1.253
3/25/2007 19:00,3.745
3/25/2007 20:00,4.446766667
3/25/2007 21:00,3.520533333
3/25/2007 22:00,2.818066667
3/25/2007 23:00,1.432666667
3/26/2007 0:00,1.2643
3/26/2007 1:00,0.297733333
3/26/2007 2:00,0.3271
3/26/2007 3:00,0.2736
3/26/2007 4:00,0.278433333
3/26/2007 5:00,0.323566667
3/26/2007 6:00,0.584533333
3/26/2007 7:00,2.5576
3/26/2007 8:00,1.576366667
3/26/2007 9:00,1.8652
3/26/2007 10:00,1.599166667
3/26/2007 11:00,1.565566667
3/26/2007 12:00,1.0038
3/26/2007 13:00,1.2699
3/26/2007 14:00,0.8842
3/26/2007 15:00,0.293733333
3/26/2007 16:00,0.308466667
3/26/2007 17:00,0.321033333
3/26/2007 18:00,0.375466667
3/26/2007 19:00,0.922533333
3/26/2007 20:00,2.165733333
3/26/2007 21:00,1.7705
3/26/2007 22:00,1.384466667
3/26/2007 23:00,0.388366667
3/27/2007 0:00,0.308833333
3/27/2007 1:00,0.264366667
3/27/2007 2:00,0.468466667
3/27/2007 3:00,0.733933333
3/27/2007 4:00,0.292166667
3/27/2007 5:00,0.284866667
3/27/2007 6:00,0.594533333
3/27/2007 7:00,1.284933333
3/27/2007 8:00,1.329233333
3/27/2007 9:00,0.4894
3/27/2007 10:00,0.279533333
3/27/2007 11:00,0.2838
3/27/2007 12:00,0.2989
3/27/2007 13:00,0.272333333
3/27/2007 14:00,0.3302
3/27/2007 15:00,0.293033333
3/27/2007 16:00,0.405433333
3/27/2007 17:00,0.810366667
3/27/2007 18:00,0.480733333
3/27/2007 19:00,1.5816
3/27/2007 20:00,2.874666667
3/27/2007 21:00,2.903333333
3/27/2007 22:00,1.218266667
3/27/2007 23:00,0.336066667
3/28/2007 0:00,0.2928
3/28/2007 1:00,0.924066667
3/28/2007 2:00,0.345033333
3/28/2007 3:00,0.2843
3/28/2007 4:00,0.312033333
3/28/2007 5:00,0.284566667
3/28/2007 6:00,1.215266667
3/28/2007 7:00,2.4086
3/28/2007 8:00,2.1081
3/28/2007 9:00,1.934166667
3/28/2007 10:00,1.357166667
3/28/2007 11:00,1.903433333
3/28/2007 12:00,1.411233333
3/28/2007 13:00,2.376066667
3/28/2007 14:00,3.3282
3/28/2007 15:00,2.203533333
3/28/2007 16:00,3.126533333
3/28/2007 17:00,0.861066667
3/28/2007 18:00,0.3857
3/28/2007 19:00,2.6782
3/28/2007 20:00,2.752966667
3/28/2007 21:00,4.0896
3/28/2007 22:00,1.922833333
3/28/2007 23:00,0.392833333
3/29/2007 0:00,0.313666667
3/29/2007 1:00,0.342333333
3/29/2007 2:00,0.3084
3/29/2007 3:00,0.343266667
3/29/2007 4:00,0.306133333
3/29/2007 5:00,0.893033333
3/29/2007 6:00,1.559633333
3/29/2007 7:00,2.211066667
3/29/2007 8:00,1.385233333
3/29/2007 9:00,1.339433333
3/29/2007 10:00,0.7244
3/29/2007 11:00,0.289633333
3/29/2007 12:00,0.326066667
3/29/2007 13:00,0.295133333
3/29/2007 14:00,0.325366667
3/29/2007 15:00,0.300133333
3/29/2007 16:00,0.302666667
3/29/2007 17:00,0.6556
3/29/2007 18:00,1.798066667
3/29/2007 19:00,2.606666667
3/29/2007 20:00,3.019366667
3/29/2007 21:00,3.371933333
3/29/2007 22:00,2.631733333
3/29/2007 23:00,0.8578
3/30/2007 0:00,0.3484
3/30/2007 1:00,0.311733333
3/30/2007 2:00,0.302533333
3/30/2007 3:00,0.349866667
3/30/2007 4:00,0.297
3/30/2007 5:00,0.2958
3/30/2007 6:00,1.127966667
3/30/2007 7:00,2.5133
3/30/2007 8:00,2.007233333
3/30/2007 9:00,1.404866667
3/30/2007 10:00,1.480166667
3/30/2007 11:00,0.554133333
3/30/2007 12:00,0.929833333
3/30/2007 13:00,1.536066667
3/30/2007 14:00,0.939233333
3/30/2007 15:00,0.296133333
3/30/2007 16:00,0.315566667
3/30/2007 17:00,0.466033333
3/30/2007 18:00,0.3478
3/30/2007 19:00,1.009266667
3/30/2007 20:00,2.213733333
3/30/2007 21:00,2.1831
3/30/2007 22:00,1.586233333
3/30/2007 23:00,0.557233333
3/31/2007 0:00,0.374666667
3/31/2007 1:00,0.364866667
3/31/2007 2:00,1.607333333
3/31/2007 3:00,2.4564
3/31/2007 4:00,2.409233333
3/31/2007 5:00,2.417
3/31/2007 6:00,2.481533333
3/31/2007 7:00,2.9945
3/31/2007 8:00,2.3473
3/31/2007 9:00,2.032
3/31/2007 10:00,5.161066667
3/31/2007 11:00,1.8562
3/31/2007 12:00,1.511
3/31/2007 13:00,1.72
3/31/2007 14:00,2.286133333
3/31/2007 15:00,2.5679
3/31/2007 16:00,2.2105
3/31/2007 17:00,2.0474
3/31/2007 18:00,4.061166667
3/31/2007 19:00,3.473266667
3/31/2007 20:00,4.766033333
3/31/2007 21:00,2.559666667
3/31/2007 22:00,2.310066667
3/31/2007 23:00,2.4766
04-01-2007 00:00,2.3245
04-01-2007 01:00,1.9731
04-01-2007 02:00,1.773133333
04-01-2007 03:00,1.159433333
04-01-2007 04:00,0.293
04-01-2007 05:00,0.3035
04-01-2007 06:00,0.322866667
04-01-2007 07:00,0.919566667
04-01-2007 08:00,2.379066667
04-01-2007 09:00,1.650033333
04-01-2007 10:00,1.8921
04-01-2007 11:00,1.822033333
04-01-2007 12:00,1.566533333
04-01-2007 13:00,1.392
04-01-2007 14:00,1.4558
04-01-2007 15:00,1.465566667
04-01-2007 16:00,0.349766667
04-01-2007 17:00,3.8601
04-01-2007 18:00,3.5976
04-01-2007 19:00,3.312933333
04-01-2007 20:00,2.209833333
04-01-2007 21:00,3.947366667
04-01-2007 22:00,4.241033333
04-01-2007 23:00,2.221666667
04-02-2007 00:00,1.3777
04-02-2007 01:00,1.365166667
04-02-2007 02:00,0.785166667
04-02-2007 03:00,0.293466667
04-02-2007 04:00,0.282
04-02-2007 05:00,0.335633333
04-02-2007 06:00,0.6454
04-02-2007 07:00,2.061766667
04-02-2007 08:00,1.851566667
04-02-2007 09:00,1.482666667
04-02-2007 10:00,1.309933333
04-02-2007 11:00,1.3743
04-02-2007 12:00,1.323833333
04-02-2007 13:00,1.432133333
04-02-2007 14:00,1.4159
04-02-2007 15:00,0.5742
04-02-2007 16:00,0.289266667
04-02-2007 17:00,0.326266667
04-02-2007 18:00,0.649966667
04-02-2007 19:00,2.418866667
04-02-2007 20:00,2.5702
04-02-2007 21:00,3.142966667
04-02-2007 22:00,3.3631
04-02-2007 23:00,2.008166667
04-03-2007 00:00,0.330533333
04-03-2007 01:00,0.293733333
04-03-2007 02:00,0.315433333
04-03-2007 03:00,0.296866667
04-03-2007 04:00,0.2885
04-03-2007 05:00,0.300066667
04-03-2007 06:00,0.673133333
04-03-2007 07:00,3.146233333
04-03-2007 08:00,1.411033333
04-03-2007 09:00,1.3817
04-03-2007 10:00,1.376666667
04-03-2007 11:00,1.233833333
04-03-2007 12:00,0.352533333
04-03-2007 13:00,0.282366667
04-03-2007 14:00,0.282266667
04-03-2007 15:00,0.355
04-03-2007 16:00,0.283766667
04-03-2007 17:00,0.2969
04-03-2007 18:00,1.479633333
04-03-2007 19:00,4.565633333
04-03-2007 20:00,1.834033333
04-03-2007 21:00,2.307366667
04-03-2007 22:00,3.168866667
04-03-2007 23:00,1.124233333
04-04-2007 00:00,0.293666667
04-04-2007 01:00,0.3337
04-04-2007 02:00,0.2926
04-04-2007 03:00,0.269033333
04-04-2007 04:00,0.3209
04-04-2007 05:00,0.2826
04-04-2007 06:00,1.3503
04-04-2007 07:00,1.902033333
04-04-2007 08:00,1.9694
04-04-2007 09:00,1.470266667
04-04-2007 10:00,1.311366667
04-04-2007 11:00,1.457866667
04-04-2007 12:00,1.6333
04-04-2007 13:00,1.4345
04-04-2007 14:00,2.087833333
04-04-2007 15:00,2.744433333
04-04-2007 16:00,2.1897
04-04-2007 17:00,0.352933333
04-04-2007 18:00,1.459433333
04-04-2007 19:00,1.963066667
04-04-2007 20:00,1.496933333
04-04-2007 21:00,3.795866667
04-04-2007 22:00,2.429333333
04-04-2007 23:00,1.356733333
04-05-2007 00:00,0.3197
04-05-2007 01:00,0.304833333
04-05-2007 02:00,0.2763
04-05-2007 03:00,0.266833333
04-05-2007 04:00,0.3255
04-05-2007 05:00,0.2753
04-05-2007 06:00,0.592033333
04-05-2007 07:00,2.8373
04-05-2007 08:00,1.910033333
04-05-2007 09:00,1.548166667
04-05-2007 10:00,1.716366667
04-05-2007 11:00,1.4853
04-05-2007 12:00,0.476733333
04-05-2007 13:00,0.3733
04-05-2007 14:00,0.453833333
04-05-2007 15:00,0.515166667
04-05-2007 16:00,0.459366667
04-05-2007 17:00,0.5125
04-05-2007 18:00,0.4661
04-05-2007 19:00,2.688866667
04-05-2007 20:00,4.055533333
04-05-2007 21:00,4.752633333
04-05-2007 22:00,2.685433333
04-05-2007 23:00,1.4375
04-06-2007 00:00,1.310866667
04-06-2007 01:00,0.3618
04-06-2007 02:00,0.3169
04-06-2007 03:00,0.343433333
04-06-2007 04:00,0.3616
04-06-2007 05:00,0.3147
04-06-2007 06:00,0.584333333
04-06-2007 07:00,1.9139
04-06-2007 08:00,1.9049
04-06-2007 09:00,1.374033333
04-06-2007 10:00,1.356633333
04-06-2007 11:00,1.3402
04-06-2007 12:00,0.314133333
04-06-2007 13:00,0.3061
04-06-2007 14:00,0.3037
04-06-2007 15:00,0.303733333
04-06-2007 16:00,0.475233333
04-06-2007 17:00,1.425366667
04-06-2007 18:00,3.194566667
04-06-2007 19:00,2.220866667
04-06-2007 20:00,0.636666667
04-06-2007 21:00,2.334766667
04-06-2007 22:00,2.407266667
04-06-2007 23:00,1.279966667
04-07-2007 00:00,0.9913
04-07-2007 01:00,0.453433333
04-07-2007 02:00,0.2938
04-07-2007 03:00,0.3004
04-07-2007 04:00,0.3558
04-07-2007 05:00,0.8981
04-07-2007 06:00,0.2928
04-07-2007 07:00,0.716233333
04-07-2007 08:00,0.691066667
04-07-2007 09:00,1.7694
04-07-2007 10:00,2.098833333
04-07-2007 11:00,2.7292
04-07-2007 12:00,0.502466667
04-07-2007 13:00,0.327966667
04-07-2007 14:00,0.297166667
04-07-2007 15:00,0.489733333
04-07-2007 16:00,0.575533333
04-07-2007 17:00,0.368933333
04-07-2007 18:00,0.969133333
04-07-2007 19:00,0.4204
04-07-2007 20:00,0.344133333
04-07-2007 21:00,3.297033333
04-07-2007 22:00,3.338
04-07-2007 23:00,3.377866667
04-08-2007 00:00,2.790766667
04-08-2007 01:00,2.299
04-08-2007 02:00,2.344833333
04-08-2007 03:00,2.3959
04-08-2007 04:00,2.3291
04-08-2007 05:00,2.278633333
04-08-2007 06:00,1.8304
04-08-2007 07:00,0.904833333
04-08-2007 08:00,0.584433333
04-08-2007 09:00,1.288633333
04-08-2007 10:00,0.702666667
04-08-2007 11:00,0.6233
04-08-2007 12:00,0.568533333
04-08-2007 13:00,0.829033333
04-08-2007 14:00,1.348633333
04-08-2007 15:00,0.719933333
04-08-2007 16:00,0.262766667
04-08-2007 17:00,0.296266667
04-08-2007 18:00,0.327333333
04-08-2007 19:00,0.259533333
04-08-2007 20:00,0.300133333
04-08-2007 21:00,0.318966667
04-08-2007 22:00,0.2623
04-08-2007 23:00,0.947666667
04-09-2007 00:00,0.325466667
04-09-2007 01:00,0.279533333
04-09-2007 02:00,0.278133333
04-09-2007 03:00,0.323166667
04-09-2007 04:00,0.2827
04-09-2007 05:00,0.271066667
04-09-2007 06:00,0.332633333
04-09-2007 07:00,0.276133333
04-09-2007 08:00,0.2738
04-09-2007 09:00,0.4447
04-09-2007 10:00,0.925833333
04-09-2007 11:00,0.282866667
04-09-2007 12:00,0.318733333
04-09-2007 13:00,0.270366667
04-09-2007 14:00,0.306033333
04-09-2007 15:00,1.181966667
04-09-2007 16:00,1.100933333
04-09-2007 17:00,1.436266667
04-09-2007 18:00,0.989866667
04-09-2007 19:00,2.414733333
04-09-2007 20:00,1.6264
04-09-2007 21:00,1.606733333
04-09-2007 22:00,0.826666667
04-09-2007 23:00,0.307266667
04-10-2007 00:00,0.3084
04-10-2007 01:00,0.283733333
04-10-2007 02:00,0.311166667
04-10-2007 03:00,0.3151
04-10-2007 04:00,0.2681
04-10-2007 05:00,0.8153
04-10-2007 06:00,0.3912
04-10-2007 07:00,0.264033333
04-10-2007 08:00,0.3317
04-10-2007 09:00,0.286266667
04-10-2007 10:00,0.273
04-10-2007 11:00,0.3255
04-10-2007 12:00,0.281566667
04-10-2007 13:00,0.2886
04-10-2007 14:00,0.321466667
04-10-2007 15:00,0.284966667
04-10-2007 16:00,1.035833333
04-10-2007 17:00,0.399833333
04-10-2007 18:00,0.562433333
04-10-2007 19:00,0.5369
04-10-2007 20:00,1.04
04-10-2007 21:00,1.0301
04-10-2007 22:00,1.182666667
04-10-2007 23:00,1.8182
04-11-2007 00:00,1.495466667
04-11-2007 01:00,1.095433333
04-11-2007 02:00,0.387333333
04-11-2007 03:00,0.3467
04-11-2007 04:00,0.355833333
04-11-2007 05:00,0.363233333
04-11-2007 06:00,0.3567
04-11-2007 07:00,0.3621
04-11-2007 08:00,0.3491
04-11-2007 09:00,1.4643
04-11-2007 10:00,1.577433333
04-11-2007 11:00,1.367133333
04-11-2007 12:00,1.3171
04-11-2007 13:00,0.283066667
04-11-2007 14:00,0.285233333
04-11-2007 15:00,0.337233333
04-11-2007 16:00,0.287533333
04-11-2007 17:00,0.2903
04-11-2007 18:00,0.331133333
04-11-2007 19:00,0.282333333
04-11-2007 20:00,0.285466667
04-11-2007 21:00,0.326333333
04-11-2007 22:00,0.974
04-11-2007 23:00,0.270866667
04-12-2007 00:00,0.3388
04-12-2007 01:00,0.273133333
04-12-2007 02:00,0.268466667
04-12-2007 03:00,0.353133333
04-12-2007 04:00,0.2677
04-12-2007 05:00,0.2763
04-12-2007 06:00,0.335366667
04-12-2007 07:00,0.2729
04-12-2007 08:00,0.2931
04-12-2007 09:00,0.866333333
04-12-2007 10:00,0.586233333
04-12-2007 11:00,0.3085
04-12-2007 12:00,0.309866667
04-12-2007 13:00,0.271833333
04-12-2007 14:00,0.300266667
04-12-2007 15:00,0.311966667
04-12-2007 16:00,0.285866667
04-12-2007 17:00,0.290466667
04-12-2007 18:00,0.325033333
04-12-2007 19:00,0.279966667
04-12-2007 20:00,0.289666667
04-12-2007 21:00,1.015533333
04-12-2007 22:00,0.5554
04-12-2007 23:00,0.285933333
4/13/2007 0:00,0.330133333
4/13/2007 1:00,0.2662
4/13/2007 2:00,0.3055
4/13/2007 3:00,0.318666667
4/13/2007 4:00,0.260166667
4/13/2007 5:00,0.320233333
4/13/2007 6:00,0.3113
4/13/2007 7:00,0.265166667
4/13/2007 8:00,0.309766667
4/13/2007 9:00,0.794033333
4/13/2007 10:00,0.7739
4/13/2007 11:00,0.3045
4/13/2007 12:00,0.312533333
4/13/2007 13:00,0.290866667
4/13/2007 14:00,0.295466667
4/13/2007 15:00,0.307433333
4/13/2007 16:00,0.300333333
4/13/2007 17:00,0.290666667
4/13/2007 18:00,0.314966667
4/13/2007 19:00,0.279333333
4/13/2007 20:00,0.3047
4/13/2007 21:00,0.540633333
4/13/2007 22:00,1.062166667
4/13/2007 23:00,0.325033333
4/14/2007 0:00,0.3115
4/14/2007 1:00,0.259166667
4/14/2007 2:00,0.3292
4/14/2007 3:00,0.308866667
4/14/2007 4:00,0.2648
4/14/2007 5:00,0.332433333
4/14/2007 6:00,0.306666667
4/14/2007 7:00,0.268533333
4/14/2007 8:00,0.3262
4/14/2007 9:00,0.2918
4/14/2007 10:00,0.944466667
4/14/2007 11:00,0.646366667
4/14/2007 12:00,0.286666667
4/14/2007 13:00,0.303466667
4/14/2007 14:00,0.3112
4/14/2007 15:00,0.293033333
4/14/2007 16:00,0.2846
4/14/2007 17:00,0.320166667
4/14/2007 18:00,0.3015
4/14/2007 19:00,0.2695
4/14/2007 20:00,0.341966667
4/14/2007 21:00,0.3053
4/14/2007 22:00,0.475166667
4/14/2007 23:00,1.155233333
4/15/2007 0:00,0.303733333
4/15/2007 1:00,0.262666667
4/15/2007 2:00,0.342466667
4/15/2007 3:00,0.302033333
4/15/2007 4:00,0.2712
4/15/2007 5:00,0.346966667
4/15/2007 6:00,0.285633333
4/15/2007 7:00,0.2877
4/15/2007 8:00,0.3351
4/15/2007 9:00,0.275633333
4/15/2007 10:00,0.297266667
4/15/2007 11:00,0.840833333
4/15/2007 12:00,0.7466
4/15/2007 13:00,0.295833333
4/15/2007 14:00,0.606833333
4/15/2007 15:00,1.689066667
4/15/2007 16:00,0.808966667
4/15/2007 17:00,0.236666667
4/15/2007 18:00,0.244033333
4/15/2007 19:00,0.215566667
4/15/2007 20:00,0.204533333
4/15/2007 21:00,0.330733333
4/15/2007 22:00,1.787833333
4/15/2007 23:00,0.784833333
4/16/2007 0:00,0.224566667
4/16/2007 1:00,0.2228
4/16/2007 2:00,0.197233333
4/16/2007 3:00,0.2225
4/16/2007 4:00,0.216033333
4/16/2007 5:00,0.192833333
4/16/2007 6:00,0.227
4/16/2007 7:00,0.8112
4/16/2007 8:00,1.252233333
4/16/2007 9:00,0.464266667
4/16/2007 10:00,0.203533333
4/16/2007 11:00,0.227033333
4/16/2007 12:00,0.589566667
4/16/2007 13:00,0.266666667
4/16/2007 14:00,0.303833333
4/16/2007 15:00,0.360566667
4/16/2007 16:00,0.3592
4/16/2007 17:00,1.280666667
4/16/2007 18:00,1.0059
4/16/2007 19:00,0.252966667
4/16/2007 20:00,1.3047
4/16/2007 21:00,2.903466667
4/16/2007 22:00,1.595133333
4/16/2007 23:00,1.189266667
4/17/2007 0:00,0.2829
4/17/2007 1:00,0.2472
4/17/2007 2:00,0.266166667
4/17/2007 3:00,0.276033333
4/17/2007 4:00,0.259433333
4/17/2007 5:00,0.261866667
4/17/2007 6:00,0.701133333
4/17/2007 7:00,1.8215
4/17/2007 8:00,1.332533333
4/17/2007 9:00,1.2977
4/17/2007 10:00,1.2908
4/17/2007 11:00,0.892833333
4/17/2007 12:00,0.2699
4/17/2007 13:00,0.397133333
4/17/2007 14:00,0.258166667
4/17/2007 15:00,0.258033333
4/17/2007 16:00,0.331066667
4/17/2007 17:00,0.668433333
4/17/2007 18:00,0.3401
4/17/2007 19:00,0.9338
4/17/2007 20:00,2.720666667
4/17/2007 21:00,1.994866667
4/17/2007 22:00,2.039333333
4/17/2007 23:00,1.253966667
4/18/2007 0:00,1.0819
4/18/2007 1:00,0.214466667
4/18/2007 2:00,0.201933333
4/18/2007 3:00,0.2096
4/18/2007 4:00,0.211766667
4/18/2007 5:00,0.202733333
4/18/2007 6:00,0.938566667
4/18/2007 7:00,1.584166667
4/18/2007 8:00,1.166933333
4/18/2007 9:00,0.664866667
4/18/2007 10:00,1.467133333
4/18/2007 11:00,0.545
4/18/2007 12:00,1.015233333
4/18/2007 13:00,0.242266667
4/18/2007 14:00,0.444933333
4/18/2007 15:00,0.241066667
4/18/2007 16:00,0.221833333
4/18/2007 17:00,0.2499
4/18/2007 18:00,0.615833333
4/18/2007 19:00,0.584333333
4/18/2007 20:00,0.443233333
4/18/2007 21:00,1.811466667
4/18/2007 22:00,1.581366667
4/18/2007 23:00,0.6969
4/19/2007 0:00,0.570566667
4/19/2007 1:00,0.614233333
4/19/2007 2:00,1.015166667
4/19/2007 3:00,0.367
4/19/2007 4:00,0.3637
4/19/2007 5:00,0.375366667
4/19/2007 6:00,0.358033333
4/19/2007 7:00,1.495066667
4/19/2007 8:00,1.2647
4/19/2007 9:00,1.040766667
4/19/2007 10:00,0.251533333
4/19/2007 11:00,0.623833333
4/19/2007 12:00,1.260166667
4/19/2007 13:00,1.0357
4/19/2007 14:00,0.741466667
4/19/2007 15:00,0.1934
4/19/2007 16:00,0.201333333
4/19/2007 17:00,0.249466667
4/19/2007 18:00,1.075966667
4/19/2007 19:00,0.829566667
4/19/2007 20:00,1.410566667
4/19/2007 21:00,1.010433333
4/19/2007 22:00,0.6068
4/19/2007 23:00,0.189466667
4/20/2007 0:00,0.214533333
4/20/2007 1:00,0.208966667
4/20/2007 2:00,0.1967
4/20/2007 3:00,0.199833333
4/20/2007 4:00,0.802333333
4/20/2007 5:00,0.218266667
4/20/2007 6:00,0.300133333
4/20/2007 7:00,1.787933333
4/20/2007 8:00,0.531333333
4/20/2007 9:00,0.195566667
4/20/2007 10:00,0.1757
4/20/2007 11:00,0.2175
4/20/2007 12:00,0.2267
4/20/2007 13:00,0.2862
4/20/2007 14:00,0.411333333
4/20/2007 15:00,0.2967
4/20/2007 16:00,0.873966667
4/20/2007 17:00,0.319866667
4/20/2007 18:00,0.317833333
4/20/2007 19:00,0.3906
4/20/2007 20:00,0.798
4/20/2007 21:00,2.884266667
4/20/2007 22:00,1.599966667
4/20/2007 23:00,0.255433333
4/21/2007 0:00,0.1902
4/21/2007 1:00,0.189666667
4/21/2007 2:00,0.195
4/21/2007 3:00,0.1792
4/21/2007 4:00,0.201966667
4/21/2007 5:00,0.575666667
4/21/2007 6:00,0.446266667
4/21/2007 7:00,0.772966667
4/21/2007 8:00,0.203033333
4/21/2007 9:00,1.181566667
4/21/2007 10:00,0.8857
4/21/2007 11:00,0.994333333
4/21/2007 12:00,1.415233333
4/21/2007 13:00,1.99
4/21/2007 14:00,1.783233333
4/21/2007 15:00,1.2668
4/21/2007 16:00,1.2872
4/21/2007 17:00,0.6018
4/21/2007 18:00,2.4504
4/21/2007 19:00,2.959233333
4/21/2007 20:00,1.8119
4/21/2007 21:00,3.540233333
4/21/2007 22:00,2.092133333
4/21/2007 23:00,0.680533333
4/22/2007 0:00,0.362733333
4/22/2007 1:00,0.2434
4/22/2007 2:00,0.2818
4/22/2007 3:00,0.2243
4/22/2007 4:00,0.259766667
4/22/2007 5:00,0.328233333
4/22/2007 6:00,1.542266667
4/22/2007 7:00,2.667966667
4/22/2007 8:00,2.252166667
4/22/2007 9:00,3.346766667
4/22/2007 10:00,2.921933333
4/22/2007 11:00,3.041033333
4/22/2007 12:00,2.235466667
4/22/2007 13:00,0.860733333
4/22/2007 14:00,2.100533333
4/22/2007 15:00,0.589966667
4/22/2007 16:00,1.5805
4/22/2007 17:00,1.1808
4/22/2007 18:00,1.0554
4/22/2007 19:00,2.243766667
4/22/2007 20:00,1.9153
4/22/2007 21:00,3.047666667
4/22/2007 22:00,1.772233333
4/22/2007 23:00,1.173833333
4/23/2007 0:00,0.378566667
4/23/2007 1:00,0.359466667
4/23/2007 2:00,0.580633333
4/23/2007 3:00,0.659833333
4/23/2007 4:00,0.397133333
4/23/2007 5:00,0.364466667
4/23/2007 6:00,0.586733333
4/23/2007 7:00,1.9815
4/23/2007 8:00,1.919466667
4/23/2007 9:00,1.3507
4/23/2007 10:00,1.6695
4/23/2007 11:00,0.298166667
4/23/2007 12:00,0.432833333
4/23/2007 13:00,0.238333333
4/23/2007 14:00,0.8301
4/23/2007 15:00,0.188566667
4/23/2007 16:00,0.163366667
4/23/2007 17:00,0.2428
4/23/2007 18:00,0.366166667
4/23/2007 19:00,0.489466667
4/23/2007 20:00,1.121366667
4/23/2007 21:00,2.015533333
4/23/2007 22:00,0.6973
4/23/2007 23:00,0.2441
4/24/2007 0:00,0.252366667
4/24/2007 1:00,0.877733333
4/24/2007 2:00,0.218433333
4/24/2007 3:00,0.305833333
4/24/2007 4:00,0.220666667
4/24/2007 5:00,0.237133333
4/24/2007 6:00,0.496933333
4/24/2007 7:00,1.4561
4/24/2007 8:00,0.441066667
4/24/2007 9:00,0.227733333
4/24/2007 10:00,0.544533333
4/24/2007 11:00,1.474166667
4/24/2007 12:00,0.3477
4/24/2007 13:00,0.243966667
4/24/2007 14:00,0.386566667
4/24/2007 15:00,0.305266667
4/24/2007 16:00,0.394366667
4/24/2007 17:00,0.596033333
4/24/2007 18:00,1.2531
4/24/2007 19:00,1.271966667
4/24/2007 20:00,1.897433333
4/24/2007 21:00,2.097433333
4/24/2007 22:00,1.358533333
4/24/2007 23:00,0.2966
4/25/2007 0:00,0.238333333
4/25/2007 1:00,0.1944
4/25/2007 2:00,0.197233333
4/25/2007 3:00,0.785966667
4/25/2007 4:00,0.217666667
4/25/2007 5:00,0.178933333
4/25/2007 6:00,0.755966667
4/25/2007 7:00,1.186833333
4/25/2007 8:00,1.367866667
4/25/2007 9:00,1.405833333
4/25/2007 10:00,1.4009
4/25/2007 11:00,1.9414
4/25/2007 12:00,1.651266667
4/25/2007 13:00,0.321033333
4/25/2007 14:00,0.228266667
4/25/2007 15:00,0.1987
4/25/2007 16:00,0.207366667
4/25/2007 17:00,0.2338
4/25/2007 18:00,0.2108
4/25/2007 19:00,0.8573
4/25/2007 20:00,1.557133333
4/25/2007 21:00,2.242966667
4/25/2007 22:00,2.800533333
4/25/2007 23:00,0.688866667
4/26/2007 0:00,0.235733333
4/26/2007 1:00,0.174366667
4/26/2007 2:00,0.225133333
4/26/2007 3:00,0.189933333
4/26/2007 4:00,0.172733333
4/26/2007 5:00,0.235966667
4/26/2007 6:00,0.485333333
4/26/2007 7:00,1.408166667
4/26/2007 8:00,2.960366667
4/26/2007 9:00,1.879266667
4/26/2007 10:00,1.501133333
4/26/2007 11:00,0.729266667
4/26/2007 12:00,0.4549
4/26/2007 13:00,0.505833333
4/26/2007 14:00,0.371966667
4/26/2007 15:00,0.253433333
4/26/2007 16:00,0.170966667
4/26/2007 17:00,0.900533333
4/26/2007 18:00,1.255233333
4/26/2007 19:00,1.2943
4/26/2007 20:00,2.132433333
4/26/2007 21:00,1.0579
4/26/2007 22:00,1.8744
4/26/2007 23:00,0.788466667
4/27/2007 0:00,0.4613
4/27/2007 1:00,0.6084
4/27/2007 2:00,0.1691
4/27/2007 3:00,0.1996
4/27/2007 4:00,0.202333333
4/27/2007 5:00,0.171966667
4/27/2007 6:00,0.454066667
4/27/2007 7:00,0.669966667
4/27/2007 8:00,0.7864
4/27/2007 9:00,0.280866667
4/27/2007 10:00,0.4129
4/27/2007 11:00,0.8654
4/27/2007 12:00,0.390066667
4/27/2007 13:00,0.415633333
4/27/2007 14:00,0.3919
4/27/2007 15:00,0.388833333
4/27/2007 16:00,0.4436
4/27/2007 17:00,0.387466667
4/27/2007 18:00,0.648066667
4/27/2007 19:00,1.699966667
4/27/2007 20:00,1.282533333
4/27/2007 21:00,3.103333333
4/27/2007 22:00,2.539366667
4/27/2007 23:00,1.2658
4/28/2007 0:00,0.784
4/28/2007 1:00,0.6084
4/28/2007 2:00,0.1691
4/28/2007 3:00,0.1996
4/28/2007 4:00,0.202333333
4/28/2007 5:00,0.171966667
4/28/2007 6:00,0.454066667
4/28/2007 7:00,0.669966667
4/28/2007 8:00,0.7864
4/28/2007 9:00,0.280866667
4/28/2007 10:00,0.4129
4/28/2007 11:00,0.8654
4/28/2007 12:00,0.390066667
4/28/2007 13:00,0.415633333
4/28/2007 14:00,0.3919
4/28/2007 15:00,0.388833333
4/28/2007 16:00,0.4436
4/28/2007 17:00,0.387466667
4/28/2007 18:00,0.648066667
4/28/2007 19:00,1.699966667
4/28/2007 20:00,1.282533333
4/28/2007 21:00,3.103333333
4/28/2007 22:00,2.539366667
4/28/2007 23:00,1.2658
4/29/2007 0:00,0.784
4/29/2007 1:00,0.6084
4/29/2007 2:00,0.1691
4/29/2007 3:00,0.1996
4/29/2007 4:00,0.202333333
4/29/2007 5:00,0.171966667
4/29/2007 6:00,0.454066667
4/29/2007 7:00,0.669966667
4/29/2007 8:00,0.7864
4/29/2007 9:00,0.280866667
4/29/2007 10:00,0.4129
4/29/2007 11:00,0.8654
4/29/2007 12:00,0.390066667
4/29/2007 13:00,0.415633333
4/29/2007 14:00,0.3919
4/29/2007 15:00,0.388833333
4/29/2007 16:00,0.4436
4/29/2007 17:00,0.387466667
4/29/2007 18:00,0.648066667
4/29/2007 19:00,1.699966667
4/29/2007 20:00,1.282533333
4/29/2007 21:00,3.103333333
4/29/2007 22:00,2.539366667
4/29/2007 23:00,1.2658
4/30/2007 0:00,0.784
4/30/2007 1:00,0.6084
4/30/2007 2:00,0.1691
4/30/2007 3:00,0.1996
4/30/2007 4:00,0.202333333
4/30/2007 5:00,0.171966667
4/30/2007 6:00,0.454066667
4/30/2007 7:00,0.669966667
4/30/2007 8:00,0.7864
4/30/2007 9:00,0.280866667
4/30/2007 10:00,0.4129
4/30/2007 11:00,0.8654
4/30/2007 12:00,0.390066667
4/30/2007 13:00,0.415633333
4/30/2007 14:00,0.284433333
4/30/2007 15:00,0.764733333
4/30/2007 16:00,0.199566667
4/30/2007 17:00,0.2805
4/30/2007 18:00,0.268466667
4/30/2007 19:00,0.6047
4/30/2007 20:00,1.230066667
4/30/2007 21:00,1.9446
4/30/2007 22:00,1.119033333
4/30/2007 23:00,0.472866667
05-01-2007 00:00,0.3038
05-01-2007 01:00,0.256633333
05-01-2007 02:00,0.1987
05-01-2007 03:00,0.256766667
05-01-2007 04:00,0.189433333
05-01-2007 05:00,0.335033333
05-01-2007 06:00,0.698033333
05-01-2007 07:00,0.653233333
05-01-2007 08:00,0.5747
05-01-2007 09:00,1.387366667
05-01-2007 10:00,1.5777
05-01-2007 11:00,2.227733333
05-01-2007 12:00,1.154266667
05-01-2007 13:00,1.850733333
05-01-2007 14:00,0.9196
05-01-2007 15:00,1.575433333
05-01-2007 16:00,0.316733333
05-01-2007 17:00,0.284633333
05-01-2007 18:00,1.855133333
05-01-2007 19:00,1.9958
05-01-2007 20:00,2.467266667
05-01-2007 21:00,3.452166667
05-01-2007 22:00,2.164866667
05-01-2007 23:00,1.0352
05-02-2007 00:00,0.3903
05-02-2007 01:00,0.407
05-02-2007 02:00,0.410166667
05-02-2007 03:00,0.382666667
05-02-2007 04:00,0.435866667
05-02-2007 05:00,0.346
05-02-2007 06:00,1.3852
05-02-2007 07:00,1.757433333
05-02-2007 08:00,1.2304
05-02-2007 09:00,0.276433333
05-02-2007 10:00,0.180566667
05-02-2007 11:00,0.284466667
05-02-2007 12:00,0.647066667
05-02-2007 13:00,0.2822
05-02-2007 14:00,0.280766667
05-02-2007 15:00,0.560533333
05-02-2007 16:00,0.6718
05-02-2007 17:00,0.218633333
05-02-2007 18:00,0.2466
05-02-2007 19:00,0.611833333
05-02-2007 20:00,1.010233333
05-02-2007 21:00,1.809233333
05-02-2007 22:00,1.294733333
05-02-2007 23:00,1.604633333
05-03-2007 00:00,2.231633333
05-03-2007 01:00,0.529833333
05-03-2007 02:00,0.2514
05-03-2007 03:00,0.246766667
05-03-2007 04:00,0.881566667
05-03-2007 05:00,0.245966667
05-03-2007 06:00,0.633133333
05-03-2007 07:00,0.9592
05-03-2007 08:00,1.1908
05-03-2007 09:00,1.186066667
05-03-2007 10:00,0.213366667
05-03-2007 11:00,0.168866667
05-03-2007 12:00,0.2257
05-03-2007 13:00,0.185
05-03-2007 14:00,0.230266667
05-03-2007 15:00,0.319166667
05-03-2007 16:00,0.243433333
05-03-2007 17:00,0.251066667
05-03-2007 18:00,0.7087
05-03-2007 19:00,0.660833333
05-03-2007 20:00,1.297466667
05-03-2007 21:00,2.356833333
05-03-2007 22:00,1.7559
05-03-2007 23:00,1.197666667
05-04-2007 00:00,0.1843
05-04-2007 01:00,0.227466667
05-04-2007 02:00,0.1782
05-04-2007 03:00,0.2094
05-04-2007 04:00,0.196233333
05-04-2007 05:00,0.178066667
05-04-2007 06:00,1.221
05-04-2007 07:00,1.373633333
05-04-2007 08:00,0.585433333
05-04-2007 09:00,0.210166667
05-04-2007 10:00,0.166766667
05-04-2007 11:00,0.247166667
05-04-2007 12:00,0.172133333
05-04-2007 13:00,0.370533333
05-04-2007 14:00,0.3387
05-04-2007 15:00,0.272766667
05-04-2007 16:00,0.698533333
05-04-2007 17:00,0.3831
05-04-2007 18:00,0.296533333
05-04-2007 19:00,1.125966667
05-04-2007 20:00,3.156066667
05-04-2007 21:00,2.294733333
05-04-2007 22:00,1.4969
05-04-2007 23:00,1.051666667
05-05-2007 00:00,0.661633333
05-05-2007 01:00,0.194766667
05-05-2007 02:00,0.226033333
05-05-2007 03:00,0.167666667
05-05-2007 04:00,0.212
05-05-2007 05:00,0.196666667
05-05-2007 06:00,0.1815
05-05-2007 07:00,1.0742
05-05-2007 08:00,1.583266667
05-05-2007 09:00,1.7777
05-05-2007 10:00,0.579766667
05-05-2007 11:00,0.368066667
05-05-2007 12:00,0.423266667
05-05-2007 13:00,0.4637
05-05-2007 14:00,3.235033333
05-05-2007 15:00,1.100033333
05-05-2007 16:00,1.929533333
05-05-2007 17:00,1.487066667
05-05-2007 18:00,1.734666667
05-05-2007 19:00,1.438566667
05-05-2007 20:00,1.3912
05-05-2007 21:00,1.891133333
05-05-2007 22:00,2.067133333
05-05-2007 23:00,1.666266667
05-06-2007 00:00,1.0858
05-06-2007 01:00,0.693433333
05-06-2007 02:00,0.659533333
05-06-2007 03:00,1.2649
05-06-2007 04:00,0.729866667
05-06-2007 05:00,0.760966667
05-06-2007 06:00,1.521066667
05-06-2007 07:00,0.880933333
05-06-2007 08:00,2.913433333
05-06-2007 09:00,2.822466667
05-06-2007 10:00,0.377666667
05-06-2007 11:00,0.439466667
05-06-2007 12:00,1.108666667
05-06-2007 13:00,1.569466667
05-06-2007 14:00,1.4028
05-06-2007 15:00,1.490766667
05-06-2007 16:00,0.972
05-06-2007 17:00,0.528933333
05-06-2007 18:00,1.2506
05-06-2007 19:00,2.454666667
05-06-2007 20:00,2.479633333
05-06-2007 21:00,2.882433333
05-06-2007 22:00,3.022433333
05-06-2007 23:00,1.723133333
05-07-2007 00:00,1.041
05-07-2007 01:00,0.2278
05-07-2007 02:00,0.1896
05-07-2007 03:00,0.203933333
05-07-2007 04:00,0.223066667
05-07-2007 05:00,0.176666667
05-07-2007 06:00,0.232533333
05-07-2007 07:00,1.251733333
05-07-2007 08:00,3.401233333
05-07-2007 09:00,3.219833333
05-07-2007 10:00,2.5635
05-07-2007 11:00,1.023833333
05-07-2007 12:00,1.503266667
05-07-2007 13:00,1.888833333
05-07-2007 14:00,0.885166667
05-07-2007 15:00,0.219066667
05-07-2007 16:00,0.494133333
05-07-2007 17:00,0.553866667
05-07-2007 18:00,1.707166667
05-07-2007 19:00,1.150666667
05-07-2007 20:00,0.2314
05-07-2007 21:00,2.2957
05-07-2007 22:00,1.8
05-07-2007 23:00,0.9104
05-08-2007 00:00,0.907133333
05-08-2007 01:00,0.578866667
05-08-2007 02:00,0.350833333
05-08-2007 03:00,0.465866667
05-08-2007 04:00,0.534233333
05-08-2007 05:00,0.522
05-08-2007 06:00,0.461766667
05-08-2007 07:00,0.2559
05-08-2007 08:00,0.6392
05-08-2007 09:00,1.0301
05-08-2007 10:00,0.895266667
05-08-2007 11:00,1.885266667
05-08-2007 12:00,4.719133333
05-08-2007 13:00,1.996433333
05-08-2007 14:00,2.231233333
05-08-2007 15:00,1.9732
05-08-2007 16:00,0.5817
05-08-2007 17:00,0.708533333
05-08-2007 18:00,0.89
05-08-2007 19:00,0.917633333
05-08-2007 20:00,1.775833333
05-08-2007 21:00,2.0463
05-08-2007 22:00,2.120233333
05-08-2007 23:00,1.334866667
05-09-2007 00:00,0.1902
05-09-2007 01:00,0.220866667
05-09-2007 02:00,0.1813
05-09-2007 03:00,0.209933333
05-09-2007 04:00,0.199666667
05-09-2007 05:00,0.1885
05-09-2007 06:00,1.609166667
05-09-2007 07:00,1.591833333
05-09-2007 08:00,1.253566667
05-09-2007 09:00,1.199466667
05-09-2007 10:00,1.1743
05-09-2007 11:00,1.044766667
05-09-2007 12:00,0.407433333
05-09-2007 13:00,1.828633333
05-09-2007 14:00,1.299866667
05-09-2007 15:00,1.599866667
05-09-2007 16:00,1.2241
05-09-2007 17:00,0.2243
05-09-2007 18:00,0.8139
05-09-2007 19:00,2.805533333
05-09-2007 20:00,2.893266667
05-09-2007 21:00,2.8853
05-09-2007 22:00,2.3281
05-09-2007 23:00,0.3884
05-10-2007 00:00,0.202933333
05-10-2007 01:00,0.690266667
05-10-2007 02:00,0.362866667
05-10-2007 03:00,0.170466667
05-10-2007 04:00,0.210366667
05-10-2007 05:00,0.194433333
05-10-2007 06:00,0.400966667
05-10-2007 07:00,0.987533333
05-10-2007 08:00,0.632766667
05-10-2007 09:00,0.182166667
05-10-2007 10:00,0.211533333
05-10-2007 11:00,0.186533333
05-10-2007 12:00,0.2299
05-10-2007 13:00,0.194
05-10-2007 14:00,0.172633333
05-10-2007 15:00,0.242
05-10-2007 16:00,0.313333333
05-10-2007 17:00,0.751766667
05-10-2007 18:00,0.266333333
05-10-2007 19:00,0.5941
05-10-2007 20:00,1.9637
05-10-2007 21:00,1.808
05-10-2007 22:00,0.5738
05-10-2007 23:00,0.255666667
05-11-2007 00:00,0.192366667
05-11-2007 01:00,0.2156
05-11-2007 02:00,0.191066667
05-11-2007 03:00,0.179
05-11-2007 04:00,0.2023
05-11-2007 05:00,0.8155
05-11-2007 06:00,0.220566667
05-11-2007 07:00,1.106933333
05-11-2007 08:00,1.3752
05-11-2007 09:00,1.4076
05-11-2007 10:00,0.5873
05-11-2007 11:00,0.518233333
05-11-2007 12:00,0.252166667
05-11-2007 13:00,0.280433333
05-11-2007 14:00,0.426933333
05-11-2007 15:00,0.4242
05-11-2007 16:00,0.792033333
05-11-2007 17:00,1.248966667
05-11-2007 18:00,0.6357
05-11-2007 19:00,0.327066667
05-11-2007 20:00,0.476866667
05-11-2007 21:00,2.175133333
05-11-2007 22:00,1.320966667
05-11-2007 23:00,0.9471
05-12-2007 00:00,0.369966667
05-12-2007 01:00,0.196733333
05-12-2007 02:00,0.2212
05-12-2007 03:00,0.271233333
05-12-2007 04:00,0.198066667
05-12-2007 05:00,0.2355
05-12-2007 06:00,0.211566667
05-12-2007 07:00,0.964666667
05-12-2007 08:00,1.330633333
05-12-2007 09:00,1.277266667
05-12-2007 10:00,1.3345
05-12-2007 11:00,0.515166667
05-12-2007 12:00,0.385033333
05-12-2007 13:00,0.996333333
05-12-2007 14:00,2.610866667
05-12-2007 15:00,1.9585
05-12-2007 16:00,1.3023
05-12-2007 17:00,0.900233333
05-12-2007 18:00,0.8835
05-12-2007 19:00,2.127433333
05-12-2007 20:00,1.4145
05-12-2007 21:00,2.9113
05-12-2007 22:00,0.910866667
05-12-2007 23:00,0.498733333
5/13/2007 0:00,0.4332
5/13/2007 1:00,0.814333333
5/13/2007 2:00,0.277566667
5/13/2007 3:00,0.2602
5/13/2007 4:00,0.220266667
5/13/2007 5:00,0.4085
5/13/2007 6:00,0.764666667
5/13/2007 7:00,0.263966667
5/13/2007 8:00,1.042533333
5/13/2007 9:00,0.349333333
5/13/2007 10:00,0.403433333
5/13/2007 11:00,0.9947
5/13/2007 12:00,2.679533333
5/13/2007 13:00,2.132733333
5/13/2007 14:00,2.559466667
5/13/2007 15:00,1.9218
5/13/2007 16:00,2.2967
5/13/2007 17:00,1.9813
5/13/2007 18:00,1.126166667
5/13/2007 19:00,1.7386
5/13/2007 20:00,1.9677
5/13/2007 21:00,1.356433333
5/13/2007 22:00,0.8269
5/13/2007 23:00,0.4256
5/14/2007 0:00,0.279633333
5/14/2007 1:00,0.799133333
5/14/2007 2:00,0.277566667
5/14/2007 3:00,0.270466667
5/14/2007 4:00,0.283833333
5/14/2007 5:00,0.2823
5/14/2007 6:00,0.299066667
5/14/2007 7:00,2.1687
5/14/2007 8:00,1.4546
5/14/2007 9:00,1.3122
5/14/2007 10:00,0.402233333
5/14/2007 11:00,0.344666667
5/14/2007 12:00,0.377433333
5/14/2007 13:00,0.399166667
5/14/2007 14:00,0.3775
5/14/2007 15:00,0.4331
5/14/2007 16:00,0.544266667
5/14/2007 17:00,0.694566667
5/14/2007 18:00,2.8374
5/14/2007 19:00,2.069033333
5/14/2007 20:00,2.018933333
5/14/2007 21:00,3.561233333
5/14/2007 22:00,1.8772
5/14/2007 23:00,1.0988
5/15/2007 0:00,0.3496
5/15/2007 1:00,0.340633333
5/15/2007 2:00,0.316433333
5/15/2007 3:00,0.359533333
5/15/2007 4:00,0.334966667
5/15/2007 5:00,0.348166667
5/15/2007 6:00,0.525166667
5/15/2007 7:00,1.223166667
5/15/2007 8:00,1.356733333
5/15/2007 9:00,1.365566667
5/15/2007 10:00,1.328033333
5/15/2007 11:00,0.668566667
5/15/2007 12:00,0.3334
5/15/2007 13:00,0.375
5/15/2007 14:00,0.332633333
5/15/2007 15:00,0.3637
5/15/2007 16:00,0.332233333
5/15/2007 17:00,0.3706
5/15/2007 18:00,0.7799
5/15/2007 19:00,0.7957
5/15/2007 20:00,0.487433333
5/15/2007 21:00,0.5271
5/15/2007 22:00,0.743333333
5/15/2007 23:00,1.1156
5/16/2007 0:00,0.581566667
5/16/2007 1:00,0.2627
5/16/2007 2:00,0.301666667
5/16/2007 3:00,0.2692
5/16/2007 4:00,0.288866667
5/16/2007 5:00,0.2642
5/16/2007 6:00,1.1144
5/16/2007 7:00,1.702033333
5/16/2007 8:00,2.181366667
5/16/2007 9:00,1.771
5/16/2007 10:00,1.871433333
5/16/2007 11:00,1.360166667
5/16/2007 12:00,2.8142
5/16/2007 13:00,2.522533333
5/16/2007 14:00,0.776166667
5/16/2007 15:00,0.449466667
5/16/2007 16:00,0.4817
5/16/2007 17:00,1.1704
5/16/2007 18:00,1.278133333
5/16/2007 19:00,1.0014
5/16/2007 20:00,1.5782
5/16/2007 21:00,2.117966667
5/16/2007 22:00,1.409033333
5/16/2007 23:00,0.647933333
5/17/2007 0:00,0.315
5/17/2007 1:00,0.272133333
5/17/2007 2:00,0.313866667
5/17/2007 3:00,0.301333333
5/17/2007 4:00,0.3141
5/17/2007 5:00,0.268533333
5/17/2007 6:00,0.3071
5/17/2007 7:00,0.9975
5/17/2007 8:00,0.770366667
5/17/2007 9:00,0.821233333
5/17/2007 10:00,0.393866667
5/17/2007 11:00,2.256033333
5/17/2007 12:00,0.334966667
5/17/2007 13:00,0.435466667
5/17/2007 14:00,0.837333333
5/17/2007 15:00,1.307866667
5/17/2007 16:00,0.836066667
5/17/2007 17:00,0.587266667
5/17/2007 18:00,0.8214
5/17/2007 19:00,1.6969
5/17/2007 20:00,1.459266667
5/17/2007 21:00,1.754533333
5/17/2007 22:00,1.546766667
5/17/2007 23:00,1.581366667
5/18/2007 0:00,0.697566667
5/18/2007 1:00,0.300666667
5/18/2007 2:00,0.292966667
5/18/2007 3:00,0.2643
5/18/2007 4:00,0.303433333
5/18/2007 5:00,0.2725
5/18/2007 6:00,0.312133333
5/18/2007 7:00,1.352966667
5/18/2007 8:00,1.3974
5/18/2007 9:00,1.3024
5/18/2007 10:00,1.3468
5/18/2007 11:00,0.362166667
5/18/2007 12:00,0.3689
5/18/2007 13:00,0.834166667
5/18/2007 14:00,2.154333333
5/18/2007 15:00,1.523566667
5/18/2007 16:00,0.317733333
5/18/2007 17:00,1.361666667
5/18/2007 18:00,1.131133333
5/18/2007 19:00,1.849033333
5/18/2007 20:00,3.985666667
5/18/2007 21:00,1.798133333
5/18/2007 22:00,3.155633333
5/18/2007 23:00,0.5069
5/19/2007 0:00,0.3315
5/19/2007 1:00,0.276133333
5/19/2007 2:00,0.311266667
5/19/2007 3:00,0.2966
5/19/2007 4:00,0.317433333
5/19/2007 5:00,0.277366667
5/19/2007 6:00,0.305433333
5/19/2007 7:00,1.4335
5/19/2007 8:00,1.169433333
5/19/2007 9:00,1.286733333
5/19/2007 10:00,1.7137
5/19/2007 11:00,0.933133333
5/19/2007 12:00,1.299766667
5/19/2007 13:00,2.628233333
5/19/2007 14:00,2.003566667
5/19/2007 15:00,1.619
5/19/2007 16:00,1.492566667
5/19/2007 17:00,1.101766667
5/19/2007 18:00,1.5779
5/19/2007 19:00,1.296133333
5/19/2007 20:00,0.380466667
5/19/2007 21:00,0.402166667
5/19/2007 22:00,0.8064
5/19/2007 23:00,0.563833333
5/20/2007 0:00,0.644733333
5/20/2007 1:00,0.286833333
5/20/2007 2:00,0.3022
5/20/2007 3:00,0.288166667
5/20/2007 4:00,0.3148
5/20/2007 5:00,0.3123
5/20/2007 6:00,0.9448
5/20/2007 7:00,0.4788
5/20/2007 8:00,1.270733333
5/20/2007 9:00,1.223533333
5/20/2007 10:00,1.249166667
5/20/2007 11:00,1.771233333
5/20/2007 12:00,0.937
5/20/2007 13:00,1.377633333
5/20/2007 14:00,0.418133333
5/20/2007 15:00,0.7699
5/20/2007 16:00,1.454133333
5/20/2007 17:00,1.722066667
5/20/2007 18:00,2.4479
5/20/2007 19:00,3.159566667
5/20/2007 20:00,2.877233333
5/20/2007 21:00,4.097266667
5/20/2007 22:00,2.5329
5/20/2007 23:00,1.924433333
5/21/2007 0:00,0.990966667
5/21/2007 1:00,0.300533333
5/21/2007 2:00,0.331066667
5/21/2007 3:00,0.311333333
5/21/2007 4:00,0.306333333
5/21/2007 5:00,0.333766667
5/21/2007 6:00,0.434966667
5/21/2007 7:00,1.587566667
5/21/2007 8:00,1.300166667
5/21/2007 9:00,1.302733333
5/21/2007 10:00,1.283866667
5/21/2007 11:00,1.2946
5/21/2007 12:00,0.414
5/21/2007 13:00,0.3002
5/21/2007 14:00,0.312866667
5/21/2007 15:00,0.277166667
5/21/2007 16:00,0.3088
5/21/2007 17:00,0.294533333
5/21/2007 18:00,0.3524
5/21/2007 19:00,0.484
5/21/2007 20:00,1.4173
5/21/2007 21:00,1.787
5/21/2007 22:00,1.6872
5/21/2007 23:00,1.254333333
5/22/2007 0:00,0.303233333
5/22/2007 1:00,0.2723
5/22/2007 2:00,0.497166667
5/22/2007 3:00,0.674666667
5/22/2007 4:00,0.283366667
5/22/2007 5:00,0.2873
5/22/2007 6:00,0.7756
5/22/2007 7:00,1.733533333
5/22/2007 8:00,1.262066667
5/22/2007 9:00,0.7149
5/22/2007 10:00,0.965066667
5/22/2007 11:00,0.2885
5/22/2007 12:00,0.2643
5/22/2007 13:00,0.304566667
5/22/2007 14:00,0.2697
5/22/2007 15:00,0.298566667
5/22/2007 16:00,0.2638
5/22/2007 17:00,0.306966667
5/22/2007 18:00,0.630066667
5/22/2007 19:00,1.336266667
5/22/2007 20:00,2.8976
5/22/2007 21:00,1.442
5/22/2007 22:00,2.4905
5/22/2007 23:00,0.318833333
5/23/2007 0:00,0.338733333
5/23/2007 1:00,0.267966667
5/23/2007 2:00,0.332133333
5/23/2007 3:00,0.2887
5/23/2007 4:00,0.3025
5/23/2007 5:00,0.2951
5/23/2007 6:00,1.2305
5/23/2007 7:00,1.460733333
5/23/2007 8:00,2.454
5/23/2007 9:00,1.443733333
5/23/2007 10:00,1.314
5/23/2007 11:00,1.583566667
5/23/2007 12:00,1.178133333
5/23/2007 13:00,1.0675
5/23/2007 14:00,2.158233333
5/23/2007 15:00,0.8378
5/23/2007 16:00,0.344333333
5/23/2007 17:00,0.2873
5/23/2007 18:00,0.663633333
5/23/2007 19:00,1.0782
5/23/2007 20:00,1.284433333
5/23/2007 21:00,1.920266667
5/23/2007 22:00,1.2296
5/23/2007 23:00,1.0545
5/24/2007 0:00,0.2963
5/24/2007 1:00,0.3147
5/24/2007 2:00,0.2547
5/24/2007 3:00,0.292033333
5/24/2007 4:00,0.280133333
5/24/2007 5:00,0.312666667
5/24/2007 6:00,0.499566667
5/24/2007 7:00,1.5802
5/24/2007 8:00,1.945533333
5/24/2007 9:00,1.646933333
5/24/2007 10:00,0.671266667
5/24/2007 11:00,0.266766667
5/24/2007 12:00,0.311366667
5/24/2007 13:00,0.285433333
5/24/2007 14:00,0.3213
5/24/2007 15:00,0.275733333
5/24/2007 16:00,0.3074
5/24/2007 17:00,0.293933333
5/24/2007 18:00,0.340533333
5/24/2007 19:00,1.4732
5/24/2007 20:00,1.578133333
5/24/2007 21:00,2.5698
5/24/2007 22:00,2.427066667
5/24/2007 23:00,0.6951
5/25/2007 0:00,0.340833333
5/25/2007 1:00,0.303766667
5/25/2007 2:00,0.807
5/25/2007 3:00,0.409366667
5/25/2007 4:00,0.3219
5/25/2007 5:00,0.288533333
5/25/2007 6:00,1.358666667
5/25/2007 7:00,1.887833333
5/25/2007 8:00,1.8216
5/25/2007 9:00,1.2985
5/25/2007 10:00,0.852933333
5/25/2007 11:00,0.310033333
5/25/2007 12:00,0.2815
5/25/2007 13:00,0.323833333
5/25/2007 14:00,0.2955
5/25/2007 15:00,0.335433333
5/25/2007 16:00,0.289333333
5/25/2007 17:00,0.4046
5/25/2007 18:00,1.763966667
5/25/2007 19:00,2.872733333
5/25/2007 20:00,3.573266667
5/25/2007 21:00,4.474733333
5/25/2007 22:00,1.980966667
5/25/2007 23:00,0.306833333
5/26/2007 0:00,0.3223
5/26/2007 1:00,0.6891
5/26/2007 2:00,0.4931
5/26/2007 3:00,0.300333333
5/26/2007 4:00,0.315166667
5/26/2007 5:00,0.2954
5/26/2007 6:00,0.2928
5/26/2007 7:00,0.309233333
5/26/2007 8:00,0.6547
5/26/2007 9:00,2.126033333
5/26/2007 10:00,0.437766667
5/26/2007 11:00,1.048066667
5/26/2007 12:00,1.639833333
5/26/2007 13:00,1.812866667
5/26/2007 14:00,1.631633333
5/26/2007 15:00,1.897233333
5/26/2007 16:00,0.947466667
5/26/2007 17:00,0.9364
5/26/2007 18:00,0.387366667
5/26/2007 19:00,2.1315
5/26/2007 20:00,1.415133333
5/26/2007 21:00,1.6299
5/26/2007 22:00,2.029033333
5/26/2007 23:00,1.461766667
5/27/2007 0:00,0.417633333
5/27/2007 1:00,0.319133333
5/27/2007 2:00,0.313566667
5/27/2007 3:00,0.286233333
5/27/2007 4:00,0.331133333
5/27/2007 5:00,0.3606
5/27/2007 6:00,0.584166667
5/27/2007 7:00,0.4547
5/27/2007 8:00,1.160666667
5/27/2007 9:00,1.1156
5/27/2007 10:00,0.5043
5/27/2007 11:00,0.9506
5/27/2007 12:00,2.226966667
5/27/2007 13:00,1.281566667
5/27/2007 14:00,3.856833333
5/27/2007 15:00,3.747433333
5/27/2007 16:00,2.450266667
5/27/2007 17:00,4.114133333
5/27/2007 18:00,2.818566667
5/27/2007 19:00,1.984133333
5/27/2007 20:00,1.9598
5/27/2007 21:00,2.592566667
5/27/2007 22:00,1.580933333
5/27/2007 23:00,0.485266667
5/28/2007 0:00,0.414466667
5/28/2007 1:00,0.4716
5/28/2007 2:00,0.9065
5/28/2007 3:00,0.3311
5/28/2007 4:00,0.3221
5/28/2007 5:00,0.3253
5/28/2007 6:00,0.2948
5/28/2007 7:00,0.547266667
5/28/2007 8:00,0.333633333
5/28/2007 9:00,1.366033333
5/28/2007 10:00,1.3213
5/28/2007 11:00,1.321966667
5/28/2007 12:00,1.330733333
5/28/2007 13:00,1.8652
5/28/2007 14:00,1.024
5/28/2007 15:00,0.918933333
5/28/2007 16:00,1.121233333
5/28/2007 17:00,1.0932
5/28/2007 18:00,2.7952
5/28/2007 19:00,2.776966667
5/28/2007 20:00,2.401733333
5/28/2007 21:00,2.348933333
5/28/2007 22:00,0.896233333
5/28/2007 23:00,0.7627
5/29/2007 0:00,0.4064
5/29/2007 1:00,0.7657
5/29/2007 2:00,0.3216
5/29/2007 3:00,0.304133333
5/29/2007 4:00,0.3168
5/29/2007 5:00,0.295266667
5/29/2007 6:00,1.2595
5/29/2007 7:00,1.124033333
5/29/2007 8:00,1.5439
5/29/2007 9:00,0.8938
5/29/2007 10:00,0.7913
5/29/2007 11:00,0.861733333
5/29/2007 12:00,0.6686
5/29/2007 13:00,0.305233333
5/29/2007 14:00,0.276366667
5/29/2007 15:00,0.3007
5/29/2007 16:00,0.274966667
5/29/2007 17:00,0.890666667
5/29/2007 18:00,0.299433333
5/29/2007 19:00,0.686133333
5/29/2007 20:00,0.683966667
5/29/2007 21:00,2.480233333
5/29/2007 22:00,1.627966667
5/29/2007 23:00,0.310566667
5/30/2007 0:00,0.2704
5/30/2007 1:00,0.297033333
5/30/2007 2:00,0.2631
5/30/2007 3:00,0.2744
5/30/2007 4:00,0.2808
5/30/2007 5:00,0.278966667
5/30/2007 6:00,1.367833333
5/30/2007 7:00,1.9511
5/30/2007 8:00,1.8437
5/30/2007 9:00,1.2646
5/30/2007 10:00,1.2933
5/30/2007 11:00,1.4672
5/30/2007 12:00,1.493566667
5/30/2007 13:00,0.707066667
5/30/2007 14:00,0.304166667
5/30/2007 15:00,0.742466667
5/30/2007 16:00,1.595966667
5/30/2007 17:00,2.5984
5/30/2007 18:00,0.679166667
5/30/2007 19:00,1.568333333
5/30/2007 20:00,2.220566667
5/30/2007 21:00,2.229
5/30/2007 22:00,1.113966667
5/30/2007 23:00,0.726
5/31/2007 0:00,0.933033333
5/31/2007 1:00,0.2592
5/31/2007 2:00,0.304133333
5/31/2007 3:00,0.264766667
5/31/2007 4:00,0.287533333
5/31/2007 5:00,0.259566667
5/31/2007 6:00,0.701266667
5/31/2007 7:00,0.8706
5/31/2007 8:00,1.137566667
5/31/2007 9:00,0.259633333
5/31/2007 10:00,0.2745
5/31/2007 11:00,0.2751
5/31/2007 12:00,0.289366667
5/31/2007 13:00,0.290166667
5/31/2007 14:00,0.256733333
5/31/2007 15:00,0.299966667
5/31/2007 16:00,0.251866667
5/31/2007 17:00,0.5485
5/31/2007 18:00,1.058333333
5/31/2007 19:00,1.3004
5/31/2007 20:00,1.683366667
5/31/2007 21:00,1.999633333
5/31/2007 22:00,1.483
5/31/2007 23:00,0.354266667
06-01-2007 00:00,0.3391
06-01-2007 01:00,0.325233333
06-01-2007 02:00,0.293066667
06-01-2007 03:00,0.326966667
06-01-2007 04:00,0.269233333
06-01-2007 05:00,0.320333333
06-01-2007 06:00,1.5049
06-01-2007 07:00,1.752533333
06-01-2007 08:00,1.331966667
06-01-2007 09:00,1.284633333
06-01-2007 10:00,1.328033333
06-01-2007 11:00,1.277066667
06-01-2007 12:00,1.188033333
06-01-2007 13:00,0.298933333
06-01-2007 14:00,0.313866667
06-01-2007 15:00,0.2841
06-01-2007 16:00,0.319933333
06-01-2007 17:00,0.323633333
06-01-2007 18:00,0.344466667
06-01-2007 19:00,0.5688
06-01-2007 20:00,1.357
06-01-2007 21:00,0.9878
06-01-2007 22:00,0.776766667
06-01-2007 23:00,0.318433333
06-02-2007 00:00,0.489133333
06-02-2007 01:00,0.3074
06-02-2007 02:00,0.271466667
06-02-2007 03:00,0.313066667
06-02-2007 04:00,0.6406
06-02-2007 05:00,0.684066667
06-02-2007 06:00,0.276666667
06-02-2007 07:00,0.644233333
06-02-2007 08:00,0.472766667
06-02-2007 09:00,2.4007
06-02-2007 10:00,1.189366667
06-02-2007 11:00,1.989633333
06-02-2007 12:00,0.397333333
06-02-2007 13:00,0.8903
06-02-2007 14:00,1.220533333
06-02-2007 15:00,1.453466667
06-02-2007 16:00,1.4119
06-02-2007 17:00,2.6615
06-02-2007 18:00,1.9722
06-02-2007 19:00,3.1521
06-02-2007 20:00,0.735466667
06-02-2007 21:00,0.391666667
06-02-2007 22:00,0.3597
06-02-2007 23:00,0.4141
06-03-2007 00:00,0.5942
06-03-2007 01:00,0.892633333
06-03-2007 02:00,0.4181
06-03-2007 03:00,0.2849
06-03-2007 04:00,0.320533333
06-03-2007 05:00,0.272433333
06-03-2007 06:00,0.309233333
06-03-2007 07:00,0.270766667
06-03-2007 08:00,0.6724
06-03-2007 09:00,1.0115
06-03-2007 10:00,2.070366667
06-03-2007 11:00,3.189833333
06-03-2007 12:00,2.579133333
06-03-2007 13:00,3.7925
06-03-2007 14:00,1.6592
06-03-2007 15:00,1.136566667
06-03-2007 16:00,1.380766667
06-03-2007 17:00,0.9858
06-03-2007 18:00,1.3116
06-03-2007 19:00,1.5743
06-03-2007 20:00,1.595266667
06-03-2007 21:00,3.6063
06-03-2007 22:00,3.383266667
06-03-2007 23:00,1.822166667
06-04-2007 00:00,0.3535
06-04-2007 01:00,0.348166667
06-04-2007 02:00,0.264433333
06-04-2007 03:00,0.785
06-04-2007 04:00,0.3281
06-04-2007 05:00,0.305166667
06-04-2007 06:00,0.5405
06-04-2007 07:00,1.4914
06-04-2007 08:00,1.3209
06-04-2007 09:00,1.267966667
06-04-2007 10:00,0.9641
06-04-2007 11:00,0.266066667
06-04-2007 12:00,0.309966667
06-04-2007 13:00,0.2678
06-04-2007 14:00,0.2438
06-04-2007 15:00,0.286366667
06-04-2007 16:00,0.314466667
06-04-2007 17:00,0.2597
06-04-2007 18:00,1.647266667
06-04-2007 19:00,1.5132
06-04-2007 20:00,0.5702
06-04-2007 21:00,0.506466667
06-04-2007 22:00,0.485166667
06-04-2007 23:00,0.553933333
06-05-2007 00:00,1.575366667
06-05-2007 01:00,0.469166667
06-05-2007 02:00,0.254266667
06-05-2007 03:00,0.3109
06-05-2007 04:00,0.325366667
06-05-2007 05:00,0.246466667
06-05-2007 06:00,1.137066667
06-05-2007 07:00,1.4175
06-05-2007 08:00,1.3132
06-05-2007 09:00,0.6849
06-05-2007 10:00,1.4636
06-05-2007 11:00,1.597833333
06-05-2007 12:00,0.416833333
06-05-2007 13:00,0.332666667
06-05-2007 14:00,0.7716
06-05-2007 15:00,0.896933333
06-05-2007 16:00,0.682866667
06-05-2007 17:00,0.882366667
06-05-2007 18:00,0.424166667
06-05-2007 19:00,2.016166667
06-05-2007 20:00,1.843833333
06-05-2007 21:00,0.646266667
06-05-2007 22:00,2.2968
06-05-2007 23:00,2.308733333
06-06-2007 00:00,1.753666667
06-06-2007 01:00,1.137966667
06-06-2007 02:00,0.3239
06-06-2007 03:00,0.292533333
06-06-2007 04:00,0.2407
06-06-2007 05:00,0.2721
06-06-2007 06:00,1.743
06-06-2007 07:00,1.533333333
06-06-2007 08:00,1.542333333
06-06-2007 09:00,1.450166667
06-06-2007 10:00,1.362
06-06-2007 11:00,1.373166667
06-06-2007 12:00,0.7542
06-06-2007 13:00,0.518033333
06-06-2007 14:00,1.302066667
06-06-2007 15:00,0.6952
06-06-2007 16:00,1.0038
06-06-2007 17:00,0.4373
06-06-2007 18:00,0.5142
06-06-2007 19:00,2.544
06-06-2007 20:00,2.032733333
06-06-2007 21:00,2.176733333
06-06-2007 22:00,2.1159
06-06-2007 23:00,1.113333333
06-07-2007 00:00,0.312833333
06-07-2007 01:00,0.242766667
06-07-2007 02:00,0.242733333
06-07-2007 03:00,0.311766667
06-07-2007 04:00,0.260833333
06-07-2007 05:00,0.2302
06-07-2007 06:00,0.6252
06-07-2007 07:00,1.249133333
06-07-2007 08:00,1.3164
06-07-2007 09:00,1.2506
06-07-2007 10:00,0.3301
06-07-2007 11:00,0.2698
06-07-2007 12:00,0.241366667
06-07-2007 13:00,0.304633333
06-07-2007 14:00,0.5695
06-07-2007 15:00,0.752133333
06-07-2007 16:00,0.781633333
06-07-2007 17:00,0.827866667
06-07-2007 18:00,1.002266667
06-07-2007 19:00,1.3088
06-07-2007 20:00,1.268133333
06-07-2007 21:00,1.284566667
06-07-2007 22:00,1.070333333
06-07-2007 23:00,0.3631
06-08-2007 00:00,0.308233333
06-08-2007 01:00,0.2403
06-08-2007 02:00,0.262466667
06-08-2007 03:00,0.318133333
06-08-2007 04:00,0.2414
06-08-2007 05:00,0.2304
06-08-2007 06:00,0.297333333
06-08-2007 07:00,0.953666667
06-08-2007 08:00,1.366533333
06-08-2007 09:00,1.955
06-08-2007 10:00,3.121266667
06-08-2007 11:00,2.488033333
06-08-2007 12:00,2.604966667
06-08-2007 13:00,2.9242
06-08-2007 14:00,2.768166667
06-08-2007 15:00,1.538533333
06-08-2007 16:00,0.3917
06-08-2007 17:00,2.1574
06-08-2007 18:00,2.1447
06-08-2007 19:00,3.039833333
06-08-2007 20:00,4.200566667
06-08-2007 21:00,1.196766667
06-08-2007 22:00,0.541933333
06-08-2007 23:00,0.509233333
06-09-2007 00:00,0.4748
06-09-2007 01:00,0.848733333
06-09-2007 02:00,0.296
06-09-2007 03:00,0.277
06-09-2007 04:00,0.274666667
06-09-2007 05:00,0.311133333
06-09-2007 06:00,0.273666667
06-09-2007 07:00,0.602933333
06-09-2007 08:00,0.962566667
06-09-2007 09:00,0.828366667
06-09-2007 10:00,1.219566667
06-09-2007 11:00,0.538233333
06-09-2007 12:00,0.476233333
06-09-2007 13:00,0.802866667
06-09-2007 14:00,1.043633333
06-09-2007 15:00,0.408766667
06-09-2007 16:00,0.684
06-09-2007 17:00,0.795966667
06-09-2007 18:00,1.849733333
06-09-2007 19:00,1.195166667
06-09-2007 20:00,1.372833333
06-09-2007 21:00,1.362466667
06-09-2007 22:00,1.180333333
06-09-2007 23:00,0.8726
06-10-2007 00:00,0.642466667
06-10-2007 01:00,0.280133333
06-10-2007 02:00,0.3331
06-10-2007 03:00,0.282933333
06-10-2007 04:00,0.2377
06-10-2007 05:00,0.805166667
06-10-2007 06:00,0.209833333
06-10-2007 07:00,0.195
06-10-2007 08:00,0.456833333
06-10-2007 09:00,0.332433333
06-10-2007 10:00,2.013566667
06-10-2007 11:00,2.180733333
06-10-2007 12:00,1.601233333
06-10-2007 13:00,2.2255
06-10-2007 14:00,2.1692
06-10-2007 15:00,0.8196
06-10-2007 16:00,1.0755
06-10-2007 17:00,1.228466667
06-10-2007 18:00,0.1811
06-10-2007 19:00,0.7302
06-10-2007 20:00,0.652466667
06-10-2007 21:00,0.845166667
06-10-2007 22:00,2.097666667
06-10-2007 23:00,0.750866667
06-11-2007 00:00,0.3958
06-11-2007 01:00,0.2398
06-11-2007 02:00,0.225833333
06-11-2007 03:00,0.2323
06-11-2007 04:00,0.208666667
06-11-2007 05:00,0.230733333
06-11-2007 06:00,1.100933333
06-11-2007 07:00,1.6075
06-11-2007 08:00,1.519333333
06-11-2007 09:00,1.2109
06-11-2007 10:00,1.1493
06-11-2007 11:00,0.198633333
06-11-2007 12:00,0.224466667
06-11-2007 13:00,0.212433333
06-11-2007 14:00,0.1837
06-11-2007 15:00,0.219833333
06-11-2007 16:00,0.190133333
06-11-2007 17:00,0.2191
06-11-2007 18:00,0.264666667
06-11-2007 19:00,0.8829
06-11-2007 20:00,0.217866667
06-11-2007 21:00,0.939633333
06-11-2007 22:00,0.7708
06-11-2007 23:00,0.598966667
06-12-2007 00:00,0.958533333
06-12-2007 01:00,0.196366667
06-12-2007 02:00,0.155966667
06-12-2007 03:00,0.204466667
06-12-2007 04:00,0.188466667
06-12-2007 05:00,0.166933333
06-12-2007 06:00,0.411666667
06-12-2007 07:00,0.3328
06-12-2007 08:00,0.4304
06-12-2007 09:00,0.436966667
06-12-2007 10:00,1.1307
06-12-2007 11:00,0.396133333
06-12-2007 12:00,0.442966667
06-12-2007 13:00,0.1872
06-12-2007 14:00,0.214866667
06-12-2007 15:00,0.218733333
06-12-2007 16:00,0.9012
06-12-2007 17:00,0.3233
06-12-2007 18:00,2.0773
06-12-2007 19:00,1.865533333
06-12-2007 20:00,0.560633333
06-12-2007 21:00,1.8061
06-12-2007 22:00,1.0337
06-12-2007 23:00,0.671833333
6/13/2007 0:00,0.2124
6/13/2007 1:00,0.797466667
6/13/2007 2:00,0.1918
6/13/2007 3:00,0.2315
6/13/2007 4:00,0.178633333
6/13/2007 5:00,0.201333333
6/13/2007 6:00,0.3581
6/13/2007 7:00,1.304366667
6/13/2007 8:00,1.4244
6/13/2007 9:00,0.7701
6/13/2007 10:00,0.233066667
6/13/2007 11:00,0.368733333
6/13/2007 12:00,0.461633333
6/13/2007 13:00,0.367566667
6/13/2007 14:00,1.336366667
6/13/2007 15:00,0.682566667
6/13/2007 16:00,0.2551
6/13/2007 17:00,0.1681
6/13/2007 18:00,0.515866667
6/13/2007 19:00,1.1274
6/13/2007 20:00,1.406466667
6/13/2007 21:00,1.191433333
6/13/2007 22:00,1.275666667
6/13/2007 23:00,0.394466667
6/14/2007 0:00,0.200233333
6/14/2007 1:00,0.1694
6/14/2007 2:00,0.221966667
6/14/2007 3:00,0.189966667
6/14/2007 4:00,0.167266667
6/14/2007 5:00,0.1934
6/14/2007 6:00,0.485966667
6/14/2007 7:00,1.652033333
6/14/2007 8:00,1.2737
6/14/2007 9:00,1.2339
6/14/2007 10:00,0.618
6/14/2007 11:00,0.1793
6/14/2007 12:00,0.204066667
6/14/2007 13:00,0.2011
6/14/2007 14:00,0.175333333
6/14/2007 15:00,0.2088
6/14/2007 16:00,0.186766667
6/14/2007 17:00,0.2146
6/14/2007 18:00,1.849433333
6/14/2007 19:00,3.232966667
6/14/2007 20:00,2.247233333
6/14/2007 21:00,1.381466667
6/14/2007 22:00,1.346366667
6/14/2007 23:00,3.151466667
6/15/2007 0:00,1.566533333
6/15/2007 1:00,0.2582
6/15/2007 2:00,0.2303
6/15/2007 3:00,0.225033333
6/15/2007 4:00,0.207333333
6/15/2007 5:00,0.1663
6/15/2007 6:00,0.9539
6/15/2007 7:00,1.029866667
6/15/2007 8:00,1.9974
6/15/2007 9:00,0.682833333
6/15/2007 10:00,0.2566
6/15/2007 11:00,0.834566667
6/15/2007 12:00,0.207133333
6/15/2007 13:00,0.175666667
6/15/2007 14:00,0.168733333
6/15/2007 15:00,0.186366667
6/15/2007 16:00,0.279066667
6/15/2007 17:00,0.457466667
6/15/2007 18:00,1.905433333
6/15/2007 19:00,0.693633333
6/15/2007 20:00,1.535266667
6/15/2007 21:00,1.310833333
6/15/2007 22:00,0.748566667
6/15/2007 23:00,0.416366667
6/16/2007 0:00,0.2939
6/16/2007 1:00,0.2673
6/16/2007 2:00,0.214433333
6/16/2007 3:00,0.2185
6/16/2007 4:00,0.219666667
6/16/2007 5:00,0.777933333
6/16/2007 6:00,0.4447
6/16/2007 7:00,0.274666667
6/16/2007 8:00,0.658933333
6/16/2007 9:00,1.187333333
6/16/2007 10:00,2.195133333
6/16/2007 11:00,1.596833333
6/16/2007 12:00,1.6142
6/16/2007 13:00,1.933733333
6/16/2007 14:00,1.790366667
6/16/2007 15:00,1.912266667
6/16/2007 16:00,1.8192
6/16/2007 17:00,2.209333333
6/16/2007 18:00,2.839466667
6/16/2007 19:00,2.5027
6/16/2007 20:00,3.340833333
6/16/2007 21:00,2.1058
6/16/2007 22:00,1.4671
6/16/2007 23:00,1.745033333
6/17/2007 0:00,0.974666667
6/17/2007 1:00,1.439433333
6/17/2007 2:00,1.2749
6/17/2007 3:00,0.772
6/17/2007 4:00,0.207733333
6/17/2007 5:00,0.181233333
6/17/2007 6:00,0.234233333
6/17/2007 7:00,0.153866667
6/17/2007 8:00,0.2054
6/17/2007 9:00,1.1718
6/17/2007 10:00,1.345433333
6/17/2007 11:00,1.740366667
6/17/2007 12:00,0.804166667
6/17/2007 13:00,2.6301
6/17/2007 14:00,2.343766667
6/17/2007 15:00,0.766033333
6/17/2007 16:00,2.2092
6/17/2007 17:00,1.135333333
6/17/2007 18:00,3.9889
6/17/2007 19:00,3.063433333
6/17/2007 20:00,2.2801
6/17/2007 21:00,2.575066667
6/17/2007 22:00,0.7361
6/17/2007 23:00,0.218233333
6/18/2007 0:00,0.2439
6/18/2007 1:00,0.2298
6/18/2007 2:00,0.190933333
6/18/2007 3:00,0.138733333
6/18/2007 4:00,0.171733333
6/18/2007 5:00,0.170333333
6/18/2007 6:00,0.7176
6/18/2007 7:00,1.288766667
6/18/2007 8:00,1.413466667
6/18/2007 9:00,1.2375
6/18/2007 10:00,0.4864
6/18/2007 11:00,0.2005
6/18/2007 12:00,0.173633333
6/18/2007 13:00,0.160333333
6/18/2007 14:00,0.192533333
6/18/2007 15:00,0.1712
6/18/2007 16:00,0.204366667
6/18/2007 17:00,0.1575
6/18/2007 18:00,0.2027
6/18/2007 19:00,0.834233333
6/18/2007 20:00,1.081033333
6/18/2007 21:00,0.5473
6/18/2007 22:00,0.7304
6/18/2007 23:00,0.363
6/19/2007 0:00,0.563233333
6/19/2007 1:00,0.736833333
6/19/2007 2:00,0.142
6/19/2007 3:00,0.195266667
6/19/2007 4:00,0.159
6/19/2007 5:00,0.191066667
6/19/2007 6:00,1.347733333
6/19/2007 7:00,1.7554
6/19/2007 8:00,0.827133333
6/19/2007 9:00,0.6639
6/19/2007 10:00,0.375066667
6/19/2007 11:00,0.330566667
6/19/2007 12:00,0.950866667
6/19/2007 13:00,0.170966667
6/19/2007 14:00,0.220533333
6/19/2007 15:00,0.1983
6/19/2007 16:00,0.254666667
6/19/2007 17:00,0.265333333
6/19/2007 18:00,0.4845
6/19/2007 19:00,0.759266667
6/19/2007 20:00,0.734
6/19/2007 21:00,1.570966667
6/19/2007 22:00,0.591733333
6/19/2007 23:00,0.554266667
6/20/2007 0:00,0.160466667
6/20/2007 1:00,0.2084
6/20/2007 2:00,0.156733333
6/20/2007 3:00,0.178866667
6/20/2007 4:00,0.162066667
6/20/2007 5:00,0.161133333
6/20/2007 6:00,0.578333333
6/20/2007 7:00,1.670566667
6/20/2007 8:00,1.463
6/20/2007 9:00,0.850133333
6/20/2007 10:00,0.2476
6/20/2007 11:00,0.360033333
6/20/2007 12:00,0.4311
6/20/2007 13:00,0.3837
6/20/2007 14:00,0.599833333
6/20/2007 15:00,1.193933333
6/20/2007 16:00,0.424466667
6/20/2007 17:00,0.2155
6/20/2007 18:00,0.2137
6/20/2007 19:00,1.590266667
6/20/2007 20:00,2.0438
6/20/2007 21:00,3.2391
6/20/2007 22:00,1.112166667
6/20/2007 23:00,0.259866667
6/21/2007 0:00,0.204033333
6/21/2007 1:00,0.1828
6/21/2007 2:00,0.191333333
6/21/2007 3:00,0.246066667
6/21/2007 4:00,0.252233333
6/21/2007 5:00,0.423833333
6/21/2007 6:00,2.0013
6/21/2007 7:00,1.3592
6/21/2007 8:00,1.1241
6/21/2007 9:00,0.264233333
6/21/2007 10:00,0.2132
6/21/2007 11:00,0.180833333
6/21/2007 12:00,0.1857
6/21/2007 13:00,0.270466667
6/21/2007 14:00,0.264433333
6/21/2007 15:00,0.227666667
6/21/2007 16:00,0.185
6/21/2007 17:00,0.272466667
6/21/2007 18:00,0.702166667
6/21/2007 19:00,0.316766667
6/21/2007 20:00,0.4091
6/21/2007 21:00,1.308733333
6/21/2007 22:00,2.166866667
6/21/2007 23:00,0.496566667
6/22/2007 0:00,0.2915
6/22/2007 1:00,0.265
6/22/2007 2:00,0.225433333
6/22/2007 3:00,0.196466667
6/22/2007 4:00,0.4272
6/22/2007 5:00,0.693666667
6/22/2007 6:00,0.6362
6/22/2007 7:00,0.819966667
6/22/2007 8:00,1.2185
6/22/2007 9:00,0.9289
6/22/2007 10:00,0.263
6/22/2007 11:00,0.2461
6/22/2007 12:00,0.213166667
6/22/2007 13:00,0.192666667
6/22/2007 14:00,0.1841
6/22/2007 15:00,0.251233333
6/22/2007 16:00,0.249566667
6/22/2007 17:00,0.221333333
6/22/2007 18:00,0.559533333
6/22/2007 19:00,0.442533333
6/22/2007 20:00,0.2546
6/22/2007 21:00,0.2551
6/22/2007 22:00,0.222166667
6/22/2007 23:00,0.1803
6/23/2007 0:00,0.176366667
6/23/2007 1:00,0.255133333
6/23/2007 2:00,0.2462
6/23/2007 3:00,0.197
6/23/2007 4:00,0.175566667
6/23/2007 5:00,0.235066667
6/23/2007 6:00,1.027866667
6/23/2007 7:00,0.241133333
6/23/2007 8:00,0.183933333
6/23/2007 9:00,0.178933333
6/23/2007 10:00,0.208
6/23/2007 11:00,0.4109
6/23/2007 12:00,0.2614
6/23/2007 13:00,0.1779
6/23/2007 14:00,0.1771
6/23/2007 15:00,0.2378
6/23/2007 16:00,0.255233333
6/23/2007 17:00,1.216666667
6/23/2007 18:00,0.9134
6/23/2007 19:00,0.215166667
6/23/2007 20:00,0.262233333
6/23/2007 21:00,0.2644
6/23/2007 22:00,0.237933333
6/23/2007 23:00,0.2041
6/24/2007 0:00,0.1953
6/24/2007 1:00,0.279766667
6/24/2007 2:00,0.371566667
6/24/2007 3:00,0.2126
6/24/2007 4:00,0.995233333
6/24/2007 5:00,0.216966667
6/24/2007 6:00,0.267733333
6/24/2007 7:00,0.258166667
6/24/2007 8:00,0.204366667
6/24/2007 9:00,0.199533333
6/24/2007 10:00,0.220133333
6/24/2007 11:00,0.2642
6/24/2007 12:00,0.310833333
6/24/2007 13:00,0.197066667
6/24/2007 14:00,0.362633333
6/24/2007 15:00,1.210733333
6/24/2007 16:00,1.1229
6/24/2007 17:00,1.272333333
6/24/2007 18:00,0.605333333
6/24/2007 19:00,0.4025
6/24/2007 20:00,0.439033333
6/24/2007 21:00,0.583366667
6/24/2007 22:00,0.787266667
6/24/2007 23:00,0.931366667
6/25/2007 0:00,0.426333333
6/25/2007 1:00,0.2342
6/25/2007 2:00,0.2531
6/25/2007 3:00,0.211833333
6/25/2007 4:00,0.172933333
6/25/2007 5:00,0.1771
6/25/2007 6:00,0.664766667
6/25/2007 7:00,1.557133333
6/25/2007 8:00,1.233666667
6/25/2007 9:00,1.203766667
6/25/2007 10:00,0.298866667
6/25/2007 11:00,0.243833333
6/25/2007 12:00,0.239266667
6/25/2007 13:00,0.1997
6/25/2007 14:00,0.1751
6/25/2007 15:00,0.204533333
6/25/2007 16:00,0.300966667
6/25/2007 17:00,0.324533333
6/25/2007 18:00,0.832533333
6/25/2007 19:00,0.209633333
6/25/2007 20:00,0.953366667
6/25/2007 21:00,3.568333333
6/25/2007 22:00,2.712133333
6/25/2007 23:00,1.4724
6/26/2007 0:00,0.679333333
6/26/2007 1:00,0.606766667
6/26/2007 2:00,0.217733333
6/26/2007 3:00,0.270733333
6/26/2007 4:00,0.243233333
6/26/2007 5:00,0.185866667
6/26/2007 6:00,0.5065
6/26/2007 7:00,1.426433333
6/26/2007 8:00,1.307266667
6/26/2007 9:00,0.9824
6/26/2007 10:00,0.182133333
6/26/2007 11:00,0.2041
6/26/2007 12:00,0.255666667
6/26/2007 13:00,0.2238
6/26/2007 14:00,0.178
6/26/2007 15:00,0.1913
6/26/2007 16:00,0.2474
6/26/2007 17:00,0.248433333
6/26/2007 18:00,0.827266667
6/26/2007 19:00,0.432333333
6/26/2007 20:00,0.457666667
6/26/2007 21:00,0.768933333
6/26/2007 22:00,3.5618
6/26/2007 23:00,1.543366667
6/27/2007 0:00,0.2218
6/27/2007 1:00,0.2727
6/27/2007 2:00,0.2446
6/27/2007 3:00,0.2086
6/27/2007 4:00,0.207966667
6/27/2007 5:00,0.274433333
6/27/2007 6:00,1.2687
6/27/2007 7:00,2.332233333
6/27/2007 8:00,2.050233333
6/27/2007 9:00,1.311933333
6/27/2007 10:00,1.272833333
6/27/2007 11:00,0.268066667
6/27/2007 12:00,0.1873
6/27/2007 13:00,0.374966667
6/27/2007 14:00,0.4846
6/27/2007 15:00,0.232433333
6/27/2007 16:00,0.1898
6/27/2007 17:00,0.217433333
6/27/2007 18:00,0.3267
6/27/2007 19:00,2.771966667
6/27/2007 20:00,3.0546
6/27/2007 21:00,4.597966667
6/27/2007 22:00,1.893133333
6/27/2007 23:00,0.415433333
6/28/2007 0:00,0.335133333
6/28/2007 1:00,0.285666667
6/28/2007 2:00,0.226066667
6/28/2007 3:00,0.233666667
6/28/2007 4:00,0.2933
6/28/2007 5:00,0.388333333
6/28/2007 6:00,0.6747
6/28/2007 7:00,0.577733333
6/28/2007 8:00,0.517166667
6/28/2007 9:00,1.451333333
6/28/2007 10:00,1.6878
6/28/2007 11:00,1.246166667
6/28/2007 12:00,1.248866667
6/28/2007 13:00,0.912966667
6/28/2007 14:00,0.249366667
6/28/2007 15:00,0.221633333
6/28/2007 16:00,0.22
6/28/2007 17:00,0.286
6/28/2007 18:00,1.8199
6/28/2007 19:00,2.790366667
6/28/2007 20:00,2.5907
6/28/2007 21:00,1.376133333
6/28/2007 22:00,1.441433333
6/28/2007 23:00,0.5162
6/29/2007 0:00,0.6719
6/29/2007 1:00,0.194733333
6/29/2007 2:00,0.203566667
6/29/2007 3:00,0.2588
6/29/2007 4:00,0.2431
6/29/2007 5:00,0.187333333
6/29/2007 6:00,0.1766
6/29/2007 7:00,0.252233333
6/29/2007 8:00,1.3581
6/29/2007 9:00,0.226566667
6/29/2007 10:00,0.4816
6/29/2007 11:00,1.9816
6/29/2007 12:00,1.769533333
6/29/2007 13:00,1.543133333
6/29/2007 14:00,0.4877
6/29/2007 15:00,0.3506
6/29/2007 16:00,0.375
6/29/2007 17:00,0.5146
6/29/2007 18:00,1.519166667
6/29/2007 19:00,2.114233333
6/29/2007 20:00,1.281566667
6/29/2007 21:00,3.119966667
6/29/2007 22:00,1.5143
6/29/2007 23:00,0.934633333
6/30/2007 0:00,0.259533333
6/30/2007 1:00,0.2525
6/30/2007 2:00,0.1986
6/30/2007 3:00,0.184333333
6/30/2007 4:00,0.2691
6/30/2007 5:00,0.3091
6/30/2007 6:00,1.860666667
6/30/2007 7:00,1.2586
6/30/2007 8:00,0.895933333
6/30/2007 9:00,0.226933333
6/30/2007 10:00,0.207433333
6/30/2007 11:00,0.2269
6/30/2007 12:00,0.353833333
6/30/2007 13:00,0.267533333
6/30/2007 14:00,0.294666667
6/30/2007 15:00,0.4097
6/30/2007 16:00,1.4455
6/30/2007 17:00,2.0327
6/30/2007 18:00,1.467733333
6/30/2007 19:00,2.887233333
6/30/2007 20:00,2.363033333
6/30/2007 21:00,1.720833333
6/30/2007 22:00,1.235833333
6/30/2007 23:00,1.627
07-01-2007 00:00,2.493733333
07-01-2007 01:00,0.9909
07-01-2007 02:00,0.7899
07-01-2007 03:00,0.287466667
07-01-2007 04:00,0.515533333
07-01-2007 05:00,0.491733333
07-01-2007 06:00,0.435666667
07-01-2007 07:00,0.4426
07-01-2007 08:00,0.5233
07-01-2007 09:00,0.909866667
07-01-2007 10:00,1.310566667
07-01-2007 11:00,1.2982
07-01-2007 12:00,0.510733333
07-01-2007 13:00,0.243233333
07-01-2007 14:00,0.359066667
07-01-2007 15:00,0.364066667
07-01-2007 16:00,0.3132
07-01-2007 17:00,0.273866667
07-01-2007 18:00,0.950933333
07-01-2007 19:00,0.619933333
07-01-2007 20:00,0.6071
07-01-2007 21:00,0.9037
07-01-2007 22:00,1.053233333
07-01-2007 23:00,0.422533333
07-02-2007 00:00,0.2535
07-02-2007 01:00,0.2182
07-02-2007 02:00,0.1717
07-02-2007 03:00,0.187233333
07-02-2007 04:00,0.252066667
07-02-2007 05:00,0.232066667
07-02-2007 06:00,0.5578
07-02-2007 07:00,1.3633
07-02-2007 08:00,0.454033333
07-02-2007 09:00,0.213833333
07-02-2007 10:00,0.176166667
07-02-2007 11:00,0.1942
07-02-2007 12:00,0.2434
07-02-2007 13:00,0.210666667
07-02-2007 14:00,0.163833333
07-02-2007 15:00,0.1925
07-02-2007 16:00,0.756133333
07-02-2007 17:00,0.372133333
07-02-2007 18:00,0.1961
07-02-2007 19:00,0.682033333
07-02-2007 20:00,2.0822
07-02-2007 21:00,2.6667
07-02-2007 22:00,3.105666667
07-02-2007 23:00,1.171733333
07-03-2007 00:00,0.505633333
07-03-2007 01:00,0.3362
07-03-2007 02:00,0.305733333
07-03-2007 03:00,0.2812
07-03-2007 04:00,0.250166667
07-03-2007 05:00,0.272133333
07-03-2007 06:00,0.310133333
07-03-2007 07:00,2.0768
07-03-2007 08:00,1.3089
07-03-2007 09:00,1.2535
07-03-2007 10:00,0.3027
07-03-2007 11:00,0.267133333
07-03-2007 12:00,0.233933333
07-03-2007 13:00,0.240966667
07-03-2007 14:00,0.2904
07-03-2007 15:00,0.258066667
07-03-2007 16:00,0.2297
07-03-2007 17:00,0.262766667
07-03-2007 18:00,0.8508
07-03-2007 19:00,0.599033333
07-03-2007 20:00,0.668866667
07-03-2007 21:00,1.358866667
07-03-2007 22:00,3.948633333
07-03-2007 23:00,1.252933333
07-04-2007 00:00,0.822433333
07-04-2007 01:00,0.228966667
07-04-2007 02:00,0.265
07-04-2007 03:00,0.306066667
07-04-2007 04:00,0.247766667
07-04-2007 05:00,0.231433333
07-04-2007 06:00,0.669666667
07-04-2007 07:00,2.787866667
07-04-2007 08:00,1.319266667
07-04-2007 09:00,1.261766667
07-04-2007 10:00,0.4079
07-04-2007 11:00,0.277766667
07-04-2007 12:00,0.2451
07-04-2007 13:00,0.210366667
07-04-2007 14:00,0.245066667
07-04-2007 15:00,0.285133333
07-04-2007 16:00,0.217133333
07-04-2007 17:00,0.2023
07-04-2007 18:00,0.828333333
07-04-2007 19:00,2.525133333
07-04-2007 20:00,1.010666667
07-04-2007 21:00,0.402166667
07-04-2007 22:00,0.388833333
07-04-2007 23:00,1.337366667
07-05-2007 00:00,0.3405
07-05-2007 01:00,0.317233333
07-05-2007 02:00,0.276266667
07-05-2007 03:00,0.2347
07-05-2007 04:00,0.2399
07-05-2007 05:00,0.2322
07-05-2007 06:00,0.220233333
07-05-2007 07:00,1.0726
07-05-2007 08:00,1.3316
07-05-2007 09:00,1.296533333
07-05-2007 10:00,0.287566667
07-05-2007 11:00,0.178433333
07-05-2007 12:00,0.199433333
07-05-2007 13:00,0.281066667
07-05-2007 14:00,0.264866667
07-05-2007 15:00,0.306166667
07-05-2007 16:00,0.256933333
07-05-2007 17:00,0.2575
07-05-2007 18:00,0.602933333
07-05-2007 19:00,1.881966667
07-05-2007 20:00,2.0064
07-05-2007 21:00,1.6527
07-05-2007 22:00,2.703633333
07-05-2007 23:00,1.180133333
07-06-2007 00:00,0.514866667
07-06-2007 01:00,0.2771
07-06-2007 02:00,0.231733333
07-06-2007 03:00,0.179333333
07-06-2007 04:00,0.19
07-06-2007 05:00,0.563366667
07-06-2007 06:00,0.4718
07-06-2007 07:00,0.696233333
07-06-2007 08:00,0.924933333
07-06-2007 09:00,0.565033333
07-06-2007 10:00,0.196466667
07-06-2007 11:00,0.1764
07-06-2007 12:00,0.180133333
07-06-2007 13:00,0.1898
07-06-2007 14:00,0.228366667
07-06-2007 15:00,0.2612
07-06-2007 16:00,0.259266667
07-06-2007 17:00,0.256266667
07-06-2007 18:00,1.134366667
07-06-2007 19:00,1.4512
07-06-2007 20:00,2.5567
07-06-2007 21:00,4.272233333
07-06-2007 22:00,1.5467
07-06-2007 23:00,0.5019
07-07-2007 00:00,2.523466667
07-07-2007 01:00,2.525833333
07-07-2007 02:00,0.612733333
07-07-2007 03:00,0.200666667
07-07-2007 04:00,0.234133333
07-07-2007 05:00,0.243666667
07-07-2007 06:00,0.187533333
07-07-2007 07:00,1.354433333
07-07-2007 08:00,1.512933333
07-07-2007 09:00,1.147066667
07-07-2007 10:00,0.204433333
07-07-2007 11:00,0.308266667
07-07-2007 12:00,0.314433333
07-07-2007 13:00,1.1797
07-07-2007 14:00,1.469366667
07-07-2007 15:00,0.524
07-07-2007 16:00,0.2404
07-07-2007 17:00,0.834366667
07-07-2007 18:00,0.873766667
07-07-2007 19:00,0.5651
07-07-2007 20:00,1.8113
07-07-2007 21:00,1.456166667
07-07-2007 22:00,1.560833333
07-07-2007 23:00,0.752166667
07-08-2007 00:00,0.373533333
07-08-2007 01:00,0.344466667
07-08-2007 02:00,1.058766667
07-08-2007 03:00,1.358866667
07-08-2007 04:00,0.724933333
07-08-2007 05:00,0.275
07-08-2007 06:00,0.212366667
07-08-2007 07:00,0.215833333
07-08-2007 08:00,0.284233333
07-08-2007 09:00,0.2208
07-08-2007 10:00,0.753766667
07-08-2007 11:00,1.589233333
07-08-2007 12:00,0.834433333
07-08-2007 13:00,0.790433333
07-08-2007 14:00,0.915
07-08-2007 15:00,0.2763
07-08-2007 16:00,0.2113
07-08-2007 17:00,2.098066667
07-08-2007 18:00,1.337233333
07-08-2007 19:00,0.6863
07-08-2007 20:00,0.6626
07-08-2007 21:00,0.257866667
07-08-2007 22:00,0.831133333
07-08-2007 23:00,1.838866667
07-09-2007 00:00,1.582133333
07-09-2007 01:00,0.274766667
07-09-2007 02:00,0.224433333
07-09-2007 03:00,0.191133333
07-09-2007 04:00,0.2585
07-09-2007 05:00,0.221666667
07-09-2007 06:00,0.216733333
07-09-2007 07:00,1.4233
07-09-2007 08:00,1.2164
07-09-2007 09:00,1.291733333
07-09-2007 10:00,1.281966667
07-09-2007 11:00,1.355966667
07-09-2007 12:00,0.660433333
07-09-2007 13:00,0.3206
07-09-2007 14:00,0.265733333
07-09-2007 15:00,0.2707
07-09-2007 16:00,1.086066667
07-09-2007 17:00,0.242566667
07-09-2007 18:00,0.3806
07-09-2007 19:00,0.479866667
07-09-2007 20:00,0.7137
07-09-2007 21:00,1.180933333
07-09-2007 22:00,2.6201
07-09-2007 23:00,1.909266667
07-10-2007 00:00,1.304066667
07-10-2007 01:00,0.308833333
07-10-2007 02:00,0.214333333
07-10-2007 03:00,0.2237
07-10-2007 04:00,0.267133333
07-10-2007 05:00,0.21
07-10-2007 06:00,0.2152
07-10-2007 07:00,1.9449
07-10-2007 08:00,1.270733333
07-10-2007 09:00,0.409633333
07-10-2007 10:00,0.2587
07-10-2007 11:00,0.2074
07-10-2007 12:00,0.2003
07-10-2007 13:00,0.227433333
07-10-2007 14:00,0.2334
07-10-2007 15:00,0.681233333
07-10-2007 16:00,0.3331
07-10-2007 17:00,0.256666667
07-10-2007 18:00,0.203533333
07-10-2007 19:00,0.688533333
07-10-2007 20:00,0.602466667
07-10-2007 21:00,1.242866667
07-10-2007 22:00,3.252833333
07-10-2007 23:00,0.381733333
07-11-2007 00:00,0.231133333
07-11-2007 01:00,0.2069
07-11-2007 02:00,0.2592
07-11-2007 03:00,0.205533333
07-11-2007 04:00,0.193
07-11-2007 05:00,0.5888
07-11-2007 06:00,0.758733333
07-11-2007 07:00,0.9147
07-11-2007 08:00,1.800966667
07-11-2007 09:00,1.792366667
07-11-2007 10:00,1.225966667
07-11-2007 11:00,0.437166667
07-11-2007 12:00,0.220566667
07-11-2007 13:00,0.186366667
07-11-2007 14:00,0.2408
07-11-2007 15:00,0.2245
07-11-2007 16:00,0.191766667
07-11-2007 17:00,0.265233333
07-11-2007 18:00,0.568933333
07-11-2007 19:00,0.6275
07-11-2007 20:00,0.2281
07-11-2007 21:00,0.240933333
07-11-2007 22:00,0.2044
07-11-2007 23:00,0.225633333
07-12-2007 00:00,0.5118
07-12-2007 01:00,0.789666667
07-12-2007 02:00,0.227266667
07-12-2007 03:00,0.230033333
07-12-2007 04:00,0.195433333
07-12-2007 05:00,0.220633333
07-12-2007 06:00,0.238733333
07-12-2007 07:00,0.389833333
07-12-2007 08:00,1.1667
07-12-2007 09:00,0.756533333
07-12-2007 10:00,0.1828
07-12-2007 11:00,0.218
07-12-2007 12:00,0.236766667
07-12-2007 13:00,0.295366667
07-12-2007 14:00,0.2094
07-12-2007 15:00,0.2476
07-12-2007 16:00,0.1941
07-12-2007 17:00,1.047766667
07-12-2007 18:00,0.8781
07-12-2007 19:00,2.152433333
07-12-2007 20:00,2.0498
07-12-2007 21:00,2.858866667
07-12-2007 22:00,2.073233333
07-12-2007 23:00,0.4555
7/13/2007 0:00,0.314133333
7/13/2007 1:00,0.216833333
7/13/2007 2:00,0.222633333
7/13/2007 3:00,0.3064
7/13/2007 4:00,0.2128
7/13/2007 5:00,0.219433333
7/13/2007 6:00,0.296433333
7/13/2007 7:00,1.737
7/13/2007 8:00,1.4925
7/13/2007 9:00,1.326
7/13/2007 10:00,0.779
7/13/2007 11:00,0.211266667
7/13/2007 12:00,0.283933333
7/13/2007 13:00,0.204733333
7/13/2007 14:00,0.227533333
7/13/2007 15:00,0.2741
7/13/2007 16:00,0.250866667
7/13/2007 17:00,0.209266667
7/13/2007 18:00,0.429566667
7/13/2007 19:00,1.201
7/13/2007 20:00,0.817366667
7/13/2007 21:00,0.495566667
7/13/2007 22:00,0.9159
7/13/2007 23:00,0.595433333
7/14/2007 0:00,1.1096
7/14/2007 1:00,0.2731
7/14/2007 2:00,0.189633333
7/14/2007 3:00,0.222666667
7/14/2007 4:00,0.2311
7/14/2007 5:00,0.1834
7/14/2007 6:00,0.220833333
7/14/2007 7:00,0.477666667
7/14/2007 8:00,0.620633333
7/14/2007 9:00,0.7864
7/14/2007 10:00,1.791366667
7/14/2007 11:00,1.811933333
7/14/2007 12:00,0.469166667
7/14/2007 13:00,0.385333333
7/14/2007 14:00,1.642033333
7/14/2007 15:00,0.790566667
7/14/2007 16:00,1.3296
7/14/2007 17:00,0.583333333
7/14/2007 18:00,0.920533333
7/14/2007 19:00,3.7519
7/14/2007 20:00,0.932666667
7/14/2007 21:00,0.707566667
7/14/2007 22:00,1.645366667
7/14/2007 23:00,0.3931
7/15/2007 0:00,0.251533333
7/15/2007 1:00,0.304066667
7/15/2007 2:00,0.274333333
7/15/2007 3:00,0.238
7/15/2007 4:00,0.288933333
7/15/2007 5:00,0.268466667
7/15/2007 6:00,0.2421
7/15/2007 7:00,0.788366667
7/15/2007 8:00,0.5955
7/15/2007 9:00,0.290466667
7/15/2007 10:00,0.361266667
7/15/2007 11:00,0.3251
7/15/2007 12:00,0.482333333
7/15/2007 13:00,0.960633333
7/15/2007 14:00,1.494533333
7/15/2007 15:00,1.097233333
7/15/2007 16:00,0.747833333
7/15/2007 17:00,0.583333333
7/15/2007 18:00,0.873
7/15/2007 19:00,0.945266667
7/15/2007 20:00,0.9503
7/15/2007 21:00,1.819233333
7/15/2007 22:00,1.820466667
7/15/2007 23:00,1.359533333
7/16/2007 0:00,0.495466667
7/16/2007 1:00,0.241633333
7/16/2007 2:00,0.264866667
7/16/2007 3:00,0.281466667
7/16/2007 4:00,0.217266667
7/16/2007 5:00,0.2674
7/16/2007 6:00,0.451666667
7/16/2007 7:00,1.375066667
7/16/2007 8:00,1.258666667
7/16/2007 9:00,0.359766667
7/16/2007 10:00,0.2329
7/16/2007 11:00,0.2467
7/16/2007 12:00,0.3288
7/16/2007 13:00,0.716233333
7/16/2007 14:00,0.694333333
7/16/2007 15:00,0.8036
7/16/2007 16:00,0.205533333
7/16/2007 17:00,0.398533333
7/16/2007 18:00,0.7001
7/16/2007 19:00,0.9101
7/16/2007 20:00,1.2389
7/16/2007 21:00,0.766566667
7/16/2007 22:00,1.3103
7/16/2007 23:00,0.462033333
7/17/2007 0:00,0.257466667
7/17/2007 1:00,0.242966667
7/17/2007 2:00,0.1981
7/17/2007 3:00,0.2592
7/17/2007 4:00,0.233666667
7/17/2007 5:00,0.2055
7/17/2007 6:00,0.458
7/17/2007 7:00,0.956866667
7/17/2007 8:00,2.014866667
7/17/2007 9:00,0.748066667
7/17/2007 10:00,0.2303
7/17/2007 11:00,0.201
7/17/2007 12:00,0.2337
7/17/2007 13:00,0.241866667
7/17/2007 14:00,0.1949
7/17/2007 15:00,0.2346
7/17/2007 16:00,0.250266667
7/17/2007 17:00,0.195366667
7/17/2007 18:00,0.932566667
7/17/2007 19:00,0.5344
7/17/2007 20:00,0.662533333
7/17/2007 21:00,0.9732
7/17/2007 22:00,1.2975
7/17/2007 23:00,0.236966667
7/18/2007 0:00,0.2232
7/18/2007 1:00,0.246566667
7/18/2007 2:00,0.195533333
7/18/2007 3:00,0.203833333
7/18/2007 4:00,0.2526
7/18/2007 5:00,0.179066667
7/18/2007 6:00,0.6247
7/18/2007 7:00,1.9317
7/18/2007 8:00,2.1119
7/18/2007 9:00,1.625933333
7/18/2007 10:00,1.179633333
7/18/2007 11:00,0.205633333
7/18/2007 12:00,0.216233333
7/18/2007 13:00,0.2429
7/18/2007 14:00,0.190433333
7/18/2007 15:00,0.214466667
7/18/2007 16:00,0.2513
7/18/2007 17:00,0.233466667
7/18/2007 18:00,0.385833333
7/18/2007 19:00,0.880766667
7/18/2007 20:00,0.199633333
7/18/2007 21:00,0.230833333
7/18/2007 22:00,0.3888
7/18/2007 23:00,0.203066667
7/19/2007 0:00,0.216566667
7/19/2007 1:00,0.256466667
7/19/2007 2:00,0.196266667
7/19/2007 3:00,0.211866667
7/19/2007 4:00,0.261033333
7/19/2007 5:00,0.604366667
7/19/2007 6:00,1.093266667
7/19/2007 7:00,0.685433333
7/19/2007 8:00,0.895766667
7/19/2007 9:00,0.2147
7/19/2007 10:00,0.257366667
7/19/2007 11:00,0.199
7/19/2007 12:00,0.199433333
7/19/2007 13:00,0.270333333
7/19/2007 14:00,0.188233333
7/19/2007 15:00,0.2145
7/19/2007 16:00,0.2609
7/19/2007 17:00,0.3793
7/19/2007 18:00,0.8407
7/19/2007 19:00,0.691066667
7/19/2007 20:00,1.505
7/19/2007 21:00,0.797733333
7/19/2007 22:00,0.339266667
7/19/2007 23:00,0.519533333
7/20/2007 0:00,0.210266667
7/20/2007 1:00,0.2809
7/20/2007 2:00,0.214633333
7/20/2007 3:00,0.1986
7/20/2007 4:00,0.262733333
7/20/2007 5:00,0.872
7/20/2007 6:00,0.196666667
7/20/2007 7:00,0.545433333
7/20/2007 8:00,0.274866667
7/20/2007 9:00,1.337633333
7/20/2007 10:00,0.910466667
7/20/2007 11:00,0.3487
7/20/2007 12:00,0.572333333
7/20/2007 13:00,0.839733333
7/20/2007 14:00,0.402566667
7/20/2007 15:00,0.627933333
7/20/2007 16:00,0.334933333
7/20/2007 17:00,1.035733333
7/20/2007 18:00,2.812833333
7/20/2007 19:00,1.9397
7/20/2007 20:00,1.083933333
7/20/2007 21:00,1.403633333
7/20/2007 22:00,1.517733333
7/20/2007 23:00,0.283066667
7/21/2007 0:00,0.187966667
7/21/2007 1:00,0.221833333
7/21/2007 2:00,0.220266667
7/21/2007 3:00,0.184966667
7/21/2007 4:00,0.220133333
7/21/2007 5:00,0.2242
7/21/2007 6:00,0.418033333
7/21/2007 7:00,1.694933333
7/21/2007 8:00,1.3896
7/21/2007 9:00,0.702133333
7/21/2007 10:00,0.414933333
7/21/2007 11:00,1.293866667
7/21/2007 12:00,0.8366
7/21/2007 13:00,1.057966667
7/21/2007 14:00,1.116266667
7/21/2007 15:00,0.278333333
7/21/2007 16:00,0.368833333
7/21/2007 17:00,0.511666667
7/21/2007 18:00,1.505533333
7/21/2007 19:00,1.432666667
7/21/2007 20:00,0.881166667
7/21/2007 21:00,0.337766667
7/21/2007 22:00,0.3215
7/21/2007 23:00,1.849633333
7/22/2007 0:00,0.527133333
7/22/2007 1:00,0.6544
7/22/2007 2:00,0.197633333
7/22/2007 3:00,0.1869
7/22/2007 4:00,0.196033333
7/22/2007 5:00,0.182266667
7/22/2007 6:00,0.1857
7/22/2007 7:00,0.999766667
7/22/2007 8:00,0.2438
7/22/2007 9:00,0.3758
7/22/2007 10:00,2.565433333
7/22/2007 11:00,3.033233333
7/22/2007 12:00,1.895966667
7/22/2007 13:00,1.3722
7/22/2007 14:00,1.479066667
7/22/2007 15:00,0.2837
7/22/2007 16:00,0.262033333
7/22/2007 17:00,0.6127
7/22/2007 18:00,0.5591
7/22/2007 19:00,1.921066667
7/22/2007 20:00,0.3455
7/22/2007 21:00,1.836333333
7/22/2007 22:00,2.105066667
7/22/2007 23:00,0.9407
7/23/2007 0:00,0.226166667
7/23/2007 1:00,0.196466667
7/23/2007 2:00,0.220333333
7/23/2007 3:00,0.203733333
7/23/2007 4:00,0.195466667
7/23/2007 5:00,0.207333333
7/23/2007 6:00,0.6541
7/23/2007 7:00,0.212933333
7/23/2007 8:00,0.458266667
7/23/2007 9:00,0.533833333
7/23/2007 10:00,1.4376
7/23/2007 11:00,1.202033333
7/23/2007 12:00,2.701866667
7/23/2007 13:00,0.4112
7/23/2007 14:00,0.740133333
7/23/2007 15:00,0.512966667
7/23/2007 16:00,1.0384
7/23/2007 17:00,0.282266667
7/23/2007 18:00,0.431666667
7/23/2007 19:00,0.8225
7/23/2007 20:00,1.461733333
7/23/2007 21:00,1.1664
7/23/2007 22:00,1.0159
7/23/2007 23:00,0.183666667
7/24/2007 0:00,0.1838
7/24/2007 1:00,0.167366667
7/24/2007 2:00,0.677366667
7/24/2007 3:00,0.189233333
7/24/2007 4:00,0.173666667
7/24/2007 5:00,0.1685
7/24/2007 6:00,0.179366667
7/24/2007 7:00,1.424966667
7/24/2007 8:00,1.455666667
7/24/2007 9:00,1.196666667
7/24/2007 10:00,1.179333333
7/24/2007 11:00,0.741233333
7/24/2007 12:00,0.193066667
7/24/2007 13:00,0.186133333
7/24/2007 14:00,0.186766667
7/24/2007 15:00,0.1973
7/24/2007 16:00,0.177166667
7/24/2007 17:00,0.230666667
7/24/2007 18:00,0.353333333
7/24/2007 19:00,1.44
7/24/2007 20:00,0.402733333
7/24/2007 21:00,0.723433333
7/24/2007 22:00,0.6725
7/24/2007 23:00,1.254466667
7/25/2007 0:00,0.259
7/25/2007 1:00,0.223766667
7/25/2007 2:00,0.8511
7/25/2007 3:00,0.232
7/25/2007 4:00,0.199166667
7/25/2007 5:00,0.199933333
7/25/2007 6:00,0.4311
7/25/2007 7:00,0.779366667
7/25/2007 8:00,0.940733333
7/25/2007 9:00,0.186
7/25/2007 10:00,0.1843
7/25/2007 11:00,0.184266667
7/25/2007 12:00,0.1769
7/25/2007 13:00,0.194033333
7/25/2007 14:00,0.192566667
7/25/2007 15:00,0.182033333
7/25/2007 16:00,0.186233333
7/25/2007 17:00,0.4939
7/25/2007 18:00,0.602433333
7/25/2007 19:00,0.202066667
7/25/2007 20:00,0.187833333
7/25/2007 21:00,0.1788
7/25/2007 22:00,0.3598
7/25/2007 23:00,0.248666667
7/26/2007 0:00,0.186666667
7/26/2007 1:00,0.359466667
7/26/2007 2:00,0.755766667
7/26/2007 3:00,0.186766667
7/26/2007 4:00,0.195033333
7/26/2007 5:00,0.190066667
7/26/2007 6:00,0.385
7/26/2007 7:00,0.676266667
7/26/2007 8:00,1.667666667
7/26/2007 9:00,1.5946
7/26/2007 10:00,0.1846
7/26/2007 11:00,0.191833333
7/26/2007 12:00,0.179466667
7/26/2007 13:00,0.179933333
7/26/2007 14:00,0.188
7/26/2007 15:00,0.191933333
7/26/2007 16:00,0.189033333
7/26/2007 17:00,0.212066667
7/26/2007 18:00,0.973233333
7/26/2007 19:00,2.473066667
7/26/2007 20:00,1.757
7/26/2007 21:00,1.930666667
7/26/2007 22:00,0.3509
7/26/2007 23:00,0.2093
7/27/2007 0:00,0.193533333
7/27/2007 1:00,0.796466667
7/27/2007 2:00,0.182633333
7/27/2007 3:00,0.195233333
7/27/2007 4:00,0.186233333
7/27/2007 5:00,0.170566667
7/27/2007 6:00,0.1797
7/27/2007 7:00,1.956833333
7/27/2007 8:00,1.615133333
7/27/2007 9:00,1.640533333
7/27/2007 10:00,0.1789
7/27/2007 11:00,0.193033333
7/27/2007 12:00,0.181966667
7/27/2007 13:00,0.179933333
7/27/2007 14:00,0.4686
7/27/2007 15:00,1.3765
7/27/2007 16:00,1.321466667
7/27/2007 17:00,1.3178
7/27/2007 18:00,0.701933333
7/27/2007 19:00,0.757566667
7/27/2007 20:00,1.370866667
7/27/2007 21:00,1.808366667
7/27/2007 22:00,2.2491
7/27/2007 23:00,0.819
7/28/2007 0:00,0.446733333
7/28/2007 1:00,0.198033333
7/28/2007 2:00,0.2034
7/28/2007 3:00,0.197266667
7/28/2007 4:00,0.214666667
7/28/2007 5:00,0.1767
7/28/2007 6:00,0.2016
7/28/2007 7:00,0.415166667
7/28/2007 8:00,0.8167
7/28/2007 9:00,0.6552
7/28/2007 10:00,1.250866667
7/28/2007 11:00,1.676966667
7/28/2007 12:00,2.172366667
7/28/2007 13:00,2.702
7/28/2007 14:00,1.616966667
7/28/2007 15:00,1.926666667
7/28/2007 16:00,1.4924
7/28/2007 17:00,2.0474
7/28/2007 18:00,1.095233333
7/28/2007 19:00,2.989066667
7/28/2007 20:00,2.253133333
7/28/2007 21:00,1.379066667
7/28/2007 22:00,0.714033333
7/28/2007 23:00,0.1894
7/29/2007 0:00,0.1695
7/29/2007 1:00,0.172833333
7/29/2007 2:00,0.1819
7/29/2007 3:00,0.159766667
7/29/2007 4:00,0.184033333
7/29/2007 5:00,0.1657
7/29/2007 6:00,0.173966667
7/29/2007 7:00,0.732933333
7/29/2007 8:00,0.163566667
7/29/2007 9:00,0.172066667
7/29/2007 10:00,0.171233333
7/29/2007 11:00,0.1646
7/29/2007 12:00,0.164666667
7/29/2007 13:00,0.166866667
7/29/2007 14:00,0.1642
7/29/2007 15:00,0.1722
7/29/2007 16:00,0.1708
7/29/2007 17:00,0.162233333
7/29/2007 18:00,0.5862
7/29/2007 19:00,0.487066667
7/29/2007 20:00,0.161666667
7/29/2007 21:00,0.170866667
7/29/2007 22:00,0.167333333
7/29/2007 23:00,0.165733333
7/30/2007 0:00,0.1718
7/30/2007 1:00,0.166133333
7/30/2007 2:00,0.1641
7/30/2007 3:00,0.172866667
7/30/2007 4:00,0.164766667
7/30/2007 5:00,0.161133333
7/30/2007 6:00,0.925066667
7/30/2007 7:00,0.3044
7/30/2007 8:00,0.155833333
7/30/2007 9:00,0.173766667
7/30/2007 10:00,0.167866667
7/30/2007 11:00,0.260433333
7/30/2007 12:00,0.1656
7/30/2007 13:00,0.171
7/30/2007 14:00,0.148166667
7/30/2007 15:00,0.1674
7/30/2007 16:00,0.175133333
7/30/2007 17:00,0.192933333
7/30/2007 18:00,1.191433333
7/30/2007 19:00,0.748866667
7/30/2007 20:00,0.286633333
7/30/2007 21:00,0.236633333
7/30/2007 22:00,0.4259
7/30/2007 23:00,0.8824
7/31/2007 0:00,0.269233333
7/31/2007 1:00,0.1654
7/31/2007 2:00,0.167566667
7/31/2007 3:00,0.163233333
7/31/2007 4:00,0.168533333
7/31/2007 5:00,0.169033333
7/31/2007 6:00,0.1563
7/31/2007 7:00,0.166566667
7/31/2007 8:00,0.170433333
7/31/2007 9:00,0.152233333
7/31/2007 10:00,0.9379
7/31/2007 11:00,0.243966667
7/31/2007 12:00,2.0913
7/31/2007 13:00,1.184333333
7/31/2007 14:00,0.2668
7/31/2007 15:00,0.357066667
7/31/2007 16:00,0.8629
7/31/2007 17:00,0.327133333
7/31/2007 18:00,0.412266667
7/31/2007 19:00,0.907033333
7/31/2007 20:00,1.921066667
7/31/2007 21:00,1.227733333
7/31/2007 22:00,0.830666667
7/31/2007 23:00,0.220166667
08-01-2007 00:00,0.1649
08-01-2007 01:00,0.1759
08-01-2007 02:00,0.227266667
08-01-2007 03:00,0.1756
08-01-2007 04:00,1.218266667
08-01-2007 05:00,0.802333333
08-01-2007 06:00,0.495
08-01-2007 07:00,0.162333333
08-01-2007 08:00,0.7602
08-01-2007 09:00,2.148066667
08-01-2007 10:00,1.478166667
08-01-2007 11:00,1.446266667
08-01-2007 12:00,1.248233333
08-01-2007 13:00,1.175333333
08-01-2007 14:00,1.7354
08-01-2007 15:00,1.273933333
08-01-2007 16:00,1.629333333
08-01-2007 17:00,0.340566667
08-01-2007 18:00,0.185366667
08-01-2007 19:00,0.198166667
08-01-2007 20:00,0.165133333
08-01-2007 21:00,0.1903
08-01-2007 22:00,0.177333333
08-01-2007 23:00,0.167666667
08-02-2007 00:00,0.193566667
08-02-2007 01:00,1.957666667
08-02-2007 02:00,0.9549
08-02-2007 03:00,0.1821
08-02-2007 04:00,0.181166667
08-02-2007 05:00,0.1768
08-02-2007 06:00,0.165666667
08-02-2007 07:00,0.187366667
08-02-2007 08:00,0.175033333
08-02-2007 09:00,0.6222
08-02-2007 10:00,1.4474
08-02-2007 11:00,1.6185
08-02-2007 12:00,1.291233333
08-02-2007 13:00,1.168566667
08-02-2007 14:00,1.156466667
08-02-2007 15:00,1.1913
08-02-2007 16:00,0.182233333
08-02-2007 17:00,0.179133333
08-02-2007 18:00,0.176766667
08-02-2007 19:00,0.173333333
08-02-2007 20:00,0.176266667
08-02-2007 21:00,0.1641
08-02-2007 22:00,1.270966667
08-02-2007 23:00,1.997533333
08-03-2007 00:00,1.0709
08-03-2007 01:00,0.497
08-03-2007 02:00,0.603333333
08-03-2007 03:00,0.486766667
08-03-2007 04:00,0.2857
08-03-2007 05:00,0.160666667
08-03-2007 06:00,0.176733333
08-03-2007 07:00,0.892533333
08-03-2007 08:00,1.177966667
08-03-2007 09:00,1.472766667
08-03-2007 10:00,1.3431
08-03-2007 11:00,1.710833333
08-03-2007 12:00,1.7135
08-03-2007 13:00,1.175633333
08-03-2007 14:00,1.203033333
08-03-2007 15:00,1.238766667
08-03-2007 16:00,0.226233333
08-03-2007 17:00,0.215133333
08-03-2007 18:00,0.207133333
08-03-2007 19:00,0.213033333
08-03-2007 20:00,0.2278
08-03-2007 21:00,0.1954
08-03-2007 22:00,0.2104
08-03-2007 23:00,1.018366667
08-04-2007 00:00,1.131633333
08-04-2007 01:00,0.503366667
08-04-2007 02:00,0.4568
08-04-2007 03:00,1.189366667
08-04-2007 04:00,0.182566667
08-04-2007 05:00,0.157533333
08-04-2007 06:00,0.167066667
08-04-2007 07:00,0.183
08-04-2007 08:00,0.443966667
08-04-2007 09:00,1.368933333
08-04-2007 10:00,1.841233333
08-04-2007 11:00,1.980666667
08-04-2007 12:00,1.477566667
08-04-2007 13:00,1.3692
08-04-2007 14:00,1.359266667
08-04-2007 15:00,0.6398
08-04-2007 16:00,0.341733333
08-04-2007 17:00,0.3649
08-04-2007 18:00,0.3316
08-04-2007 19:00,0.356166667
08-04-2007 20:00,0.3322
08-04-2007 21:00,0.3571
08-04-2007 22:00,0.3415
08-04-2007 23:00,2.206
08-05-2007 00:00,1.804166667
08-05-2007 01:00,0.873166667
08-05-2007 02:00,0.2063
08-05-2007 03:00,0.217066667
08-05-2007 04:00,0.226033333
08-05-2007 05:00,0.192233333
08-05-2007 06:00,0.201666667
08-05-2007 07:00,0.2014
08-05-2007 08:00,0.215366667
08-05-2007 09:00,1.308233333
08-05-2007 10:00,1.6886
08-05-2007 11:00,1.675566667
08-05-2007 12:00,1.236466667
08-05-2007 13:00,0.5048
08-05-2007 14:00,0.177933333
08-05-2007 15:00,0.202433333
08-05-2007 16:00,0.175666667
08-05-2007 17:00,0.2019
08-05-2007 18:00,0.187233333
08-05-2007 19:00,0.186933333
08-05-2007 20:00,0.196933333
08-05-2007 21:00,0.176066667
08-05-2007 22:00,0.485466667
08-05-2007 23:00,0.576666667
08-06-2007 00:00,0.965866667
08-06-2007 01:00,1.471
08-06-2007 02:00,0.5881
08-06-2007 03:00,0.186266667
08-06-2007 04:00,0.1804
08-06-2007 05:00,0.197466667
08-06-2007 06:00,0.1779
08-06-2007 07:00,1.287366667
08-06-2007 08:00,1.776866667
08-06-2007 09:00,2.2215
08-06-2007 10:00,1.8368
08-06-2007 11:00,1.738133333
08-06-2007 12:00,1.242333333
08-06-2007 13:00,0.7364
08-06-2007 14:00,0.240966667
08-06-2007 15:00,0.2171
08-06-2007 16:00,0.2131
08-06-2007 17:00,0.219766667
08-06-2007 18:00,0.215233333
08-06-2007 19:00,0.230433333
08-06-2007 20:00,0.199166667
08-06-2007 21:00,0.219
08-06-2007 22:00,0.1959
08-06-2007 23:00,1.604933333
08-07-2007 00:00,2.136966667
08-07-2007 01:00,0.748966667
08-07-2007 02:00,0.219566667
08-07-2007 03:00,0.227033333
08-07-2007 04:00,0.242166667
08-07-2007 05:00,0.154766667
08-07-2007 06:00,0.174166667
08-07-2007 07:00,0.167033333
08-07-2007 08:00,1.3373
08-07-2007 09:00,1.4842
08-07-2007 10:00,1.857
08-07-2007 11:00,1.4727
08-07-2007 12:00,1.306766667
08-07-2007 13:00,1.171333333
08-07-2007 14:00,1.478
08-07-2007 15:00,1.400133333
08-07-2007 16:00,1.764066667
08-07-2007 17:00,1.987566667
08-07-2007 18:00,1.3085
08-07-2007 19:00,0.7839
08-07-2007 20:00,0.7899
08-07-2007 21:00,0.788366667
08-07-2007 22:00,0.802933333
08-07-2007 23:00,0.923
08-08-2007 00:00,1.9969
08-08-2007 01:00,1.196566667
08-08-2007 02:00,1.169366667
08-08-2007 03:00,0.525033333
08-08-2007 04:00,0.174566667
08-08-2007 05:00,0.166666667
08-08-2007 06:00,0.1741
08-08-2007 07:00,0.167
08-08-2007 08:00,0.589566667
08-08-2007 09:00,2.107766667
08-08-2007 10:00,2.661133333
08-08-2007 11:00,1.739
08-08-2007 12:00,1.272066667
08-08-2007 13:00,1.247333333
08-08-2007 14:00,1.246166667
08-08-2007 15:00,0.4185
08-08-2007 16:00,0.213166667
08-08-2007 17:00,0.239866667
08-08-2007 18:00,0.210866667
08-08-2007 19:00,0.2036
08-08-2007 20:00,0.224333333
08-08-2007 21:00,0.198833333
08-08-2007 22:00,0.218066667
08-08-2007 23:00,0.397566667
08-09-2007 00:00,2.6874
08-09-2007 01:00,1.025533333
08-09-2007 02:00,0.177833333
08-09-2007 03:00,0.195933333
08-09-2007 04:00,0.195166667
08-09-2007 05:00,0.1764
08-09-2007 06:00,0.1642
08-09-2007 07:00,0.594533333
08-09-2007 08:00,1.523
08-09-2007 09:00,1.152533333
08-09-2007 10:00,2.323466667
08-09-2007 11:00,2.7738
08-09-2007 12:00,1.8688
08-09-2007 13:00,1.1723
08-09-2007 14:00,0.3711
08-09-2007 15:00,0.152166667
08-09-2007 16:00,0.1732
08-09-2007 17:00,0.166166667
08-09-2007 18:00,0.149033333
08-09-2007 19:00,0.1665
08-09-2007 20:00,0.178166667
08-09-2007 21:00,0.146966667
08-09-2007 22:00,0.1622
08-09-2007 23:00,0.164933333
08-10-2007 00:00,1.0812
08-10-2007 01:00,0.523433333
08-10-2007 02:00,0.1634
08-10-2007 03:00,0.1461
08-10-2007 04:00,0.178166667
08-10-2007 05:00,0.1625
08-10-2007 06:00,0.151466667
08-10-2007 07:00,0.1626
08-10-2007 08:00,1.638633333
08-10-2007 09:00,2.0162
08-10-2007 10:00,2.319533333
08-10-2007 11:00,1.729833333
08-10-2007 12:00,1.1718
08-10-2007 13:00,1.206333333
08-10-2007 14:00,1.189066667
08-10-2007 15:00,0.737033333
08-10-2007 16:00,0.205533333
08-10-2007 17:00,0.190033333
08-10-2007 18:00,0.174666667
08-10-2007 19:00,0.206666667
08-10-2007 20:00,0.186266667
08-10-2007 21:00,0.173833333
08-10-2007 22:00,0.203733333
08-10-2007 23:00,1.215466667
08-11-2007 00:00,1.3562
08-11-2007 01:00,0.197033333
08-11-2007 02:00,0.1912
08-11-2007 03:00,0.176966667
08-11-2007 04:00,0.191966667
08-11-2007 05:00,0.1992
08-11-2007 06:00,0.177166667
08-11-2007 07:00,0.189966667
08-11-2007 08:00,0.955666667
08-11-2007 09:00,1.7487
08-11-2007 10:00,1.723133333
08-11-2007 11:00,2.6036
08-11-2007 12:00,1.213533333
08-11-2007 13:00,1.2071
08-11-2007 14:00,1.175466667
08-11-2007 15:00,1.181333333
08-11-2007 16:00,1.199633333
08-11-2007 17:00,0.756933333
08-11-2007 18:00,0.165966667
08-11-2007 19:00,0.175466667
08-11-2007 20:00,0.153833333
08-11-2007 21:00,0.169366667
08-11-2007 22:00,0.164066667
08-11-2007 23:00,0.920666667
08-12-2007 00:00,0.792566667
08-12-2007 01:00,0.269833333
08-12-2007 02:00,0.8995
08-12-2007 03:00,0.3001
08-12-2007 04:00,0.155633333
08-12-2007 05:00,0.157166667
08-12-2007 06:00,0.176066667
08-12-2007 07:00,0.161733333
08-12-2007 08:00,1.047433333
08-12-2007 09:00,2.099333333
08-12-2007 10:00,1.793366667
08-12-2007 11:00,1.213366667
08-12-2007 12:00,1.185433333
08-12-2007 13:00,0.837833333
08-12-2007 14:00,0.1726
08-12-2007 15:00,0.168633333
08-12-2007 16:00,0.1676
08-12-2007 17:00,0.173966667
08-12-2007 18:00,0.169
08-12-2007 19:00,0.171866667
08-12-2007 20:00,0.1659
08-12-2007 21:00,1.019233333
08-12-2007 22:00,2.765833333
08-12-2007 23:00,4.6344
8/13/2007 0:00,1.982433333
8/13/2007 1:00,1.2445
8/13/2007 2:00,0.624466667
8/13/2007 3:00,0.2009
8/13/2007 4:00,0.187966667
8/13/2007 5:00,0.2007
8/13/2007 6:00,0.197566667
8/13/2007 7:00,0.334066667
8/13/2007 8:00,1.456533333
8/13/2007 9:00,1.432266667
8/13/2007 10:00,1.5104
8/13/2007 11:00,1.1943
8/13/2007 12:00,1.158266667
8/13/2007 13:00,1.162866667
8/13/2007 14:00,1.186466667
8/13/2007 15:00,1.180733333
8/13/2007 16:00,0.393833333
8/13/2007 17:00,0.1701
8/13/2007 18:00,0.1684
8/13/2007 19:00,0.171533333
8/13/2007 20:00,0.1604
8/13/2007 21:00,0.1849
8/13/2007 22:00,0.8161
8/13/2007 23:00,1.897166667
8/14/2007 0:00,0.9433
8/14/2007 1:00,0.163833333
8/14/2007 2:00,0.1744
8/14/2007 3:00,0.166733333
8/14/2007 4:00,0.1752
8/14/2007 5:00,0.170033333
8/14/2007 6:00,0.151066667
8/14/2007 7:00,0.216166667
8/14/2007 8:00,1.552766667
8/14/2007 9:00,1.454066667
8/14/2007 10:00,2.3496
8/14/2007 11:00,1.202766667
8/14/2007 12:00,1.218233333
8/14/2007 13:00,1.011633333
8/14/2007 14:00,0.193133333
8/14/2007 15:00,0.219133333
8/14/2007 16:00,0.208766667
8/14/2007 17:00,0.209566667
8/14/2007 18:00,0.212333333
8/14/2007 19:00,0.214433333
8/14/2007 20:00,0.218133333
8/14/2007 21:00,0.1969
8/14/2007 22:00,1.187866667
8/14/2007 23:00,1.876433333
8/15/2007 0:00,2.058533333
8/15/2007 1:00,1.4714
8/15/2007 2:00,0.7849
8/15/2007 3:00,0.2049
8/15/2007 4:00,0.193866667
8/15/2007 5:00,0.205466667
8/15/2007 6:00,0.2071
8/15/2007 7:00,0.158666667
8/15/2007 8:00,0.401133333
8/15/2007 9:00,1.370133333
8/15/2007 10:00,2.827066667
8/15/2007 11:00,2.419766667
8/15/2007 12:00,1.418433333
8/15/2007 13:00,1.231166667
8/15/2007 14:00,1.231966667
8/15/2007 15:00,1.173566667
8/15/2007 16:00,0.164433333
8/15/2007 17:00,0.186566667
8/15/2007 18:00,0.177733333
8/15/2007 19:00,0.165666667
8/15/2007 20:00,0.182966667
8/15/2007 21:00,0.167933333
8/15/2007 22:00,0.182433333
8/15/2007 23:00,1.278533333
8/16/2007 0:00,1.6635
8/16/2007 1:00,0.5608
8/16/2007 2:00,0.283066667
8/16/2007 3:00,0.175633333
8/16/2007 4:00,0.151466667
8/16/2007 5:00,0.189833333
8/16/2007 6:00,0.161033333
8/16/2007 7:00,0.660333333
8/16/2007 8:00,1.982533333
8/16/2007 9:00,1.678766667
8/16/2007 10:00,1.597933333
8/16/2007 11:00,1.7586
8/16/2007 12:00,1.255266667
8/16/2007 13:00,0.6347
8/16/2007 14:00,0.185266667
8/16/2007 15:00,0.1881
8/16/2007 16:00,0.1583
8/16/2007 17:00,0.188166667
8/16/2007 18:00,0.173933333
8/16/2007 19:00,0.167833333
8/16/2007 20:00,0.177133333
8/16/2007 21:00,0.172666667
8/16/2007 22:00,0.182466667
8/16/2007 23:00,1.6276
8/17/2007 0:00,2.735
8/17/2007 1:00,1.236533333
8/17/2007 2:00,0.725966667
8/17/2007 3:00,0.176733333
8/17/2007 4:00,0.169733333
8/17/2007 5:00,0.1723
8/17/2007 6:00,1.342433333
8/17/2007 7:00,3.144466667
8/17/2007 8:00,2.002433333
8/17/2007 9:00,1.2141
8/17/2007 10:00,0.905933333
8/17/2007 11:00,0.179766667
8/17/2007 12:00,0.153666667
8/17/2007 13:00,0.173833333
8/17/2007 14:00,0.169733333
8/17/2007 15:00,0.166966667
8/17/2007 16:00,0.1664
8/17/2007 17:00,0.171033333
8/17/2007 18:00,0.174866667
8/17/2007 19:00,0.154633333
8/17/2007 20:00,0.992133333
8/17/2007 21:00,0.169033333
8/17/2007 22:00,0.156466667
8/17/2007 23:00,0.177366667
8/18/2007 0:00,0.166033333
8/18/2007 1:00,0.165033333
8/18/2007 2:00,0.166666667
8/18/2007 3:00,0.162866667
8/18/2007 4:00,0.177266667
8/18/2007 5:00,0.154133333
8/18/2007 6:00,0.161466667
8/18/2007 7:00,0.289933333
8/18/2007 8:00,0.933533333
8/18/2007 9:00,0.169133333
8/18/2007 10:00,0.1561
8/18/2007 11:00,0.167766667
8/18/2007 12:00,0.173566667
8/18/2007 13:00,0.148933333
8/18/2007 14:00,0.172633333
8/18/2007 15:00,0.169033333
8/18/2007 16:00,0.165766667
8/18/2007 17:00,0.172633333
8/18/2007 18:00,0.148966667
8/18/2007 19:00,0.688333333
8/18/2007 20:00,0.599766667
8/18/2007 21:00,0.1607
8/18/2007 22:00,0.1689
8/18/2007 23:00,0.160166667
8/19/2007 0:00,0.1766
8/19/2007 1:00,0.156566667
8/19/2007 2:00,0.1617
8/19/2007 3:00,0.182433333
8/19/2007 4:00,0.153666667
8/19/2007 5:00,0.172366667
8/19/2007 6:00,0.158133333
8/19/2007 7:00,0.924466667
8/19/2007 8:00,0.403966667
8/19/2007 9:00,0.147966667
8/19/2007 10:00,0.1782
8/19/2007 11:00,0.1624
8/19/2007 12:00,0.161533333
8/19/2007 13:00,0.314
8/19/2007 14:00,0.434233333
8/19/2007 15:00,2.3622
8/19/2007 16:00,3.696133333
8/19/2007 17:00,2.252733333
8/19/2007 18:00,2.686066667
8/19/2007 19:00,2.796366667
8/19/2007 20:00,2.761533333
8/19/2007 21:00,2.385866667
8/19/2007 22:00,0.667366667
8/19/2007 23:00,0.2084
8/20/2007 0:00,0.1798
8/20/2007 1:00,0.1762
8/20/2007 2:00,0.202466667
8/20/2007 3:00,0.189
8/20/2007 4:00,0.1744
8/20/2007 5:00,0.1659
8/20/2007 6:00,0.1716
8/20/2007 7:00,1.400466667
8/20/2007 8:00,0.909766667
8/20/2007 9:00,1.2909
8/20/2007 10:00,1.526266667
8/20/2007 11:00,0.439966667
8/20/2007 12:00,2.188766667
8/20/2007 13:00,1.444433333
8/20/2007 14:00,0.764733333
8/20/2007 15:00,1.843666667
8/20/2007 16:00,2.057066667
8/20/2007 17:00,0.9635
8/20/2007 18:00,0.896933333
8/20/2007 19:00,2.130533333
8/20/2007 20:00,1.1969
8/20/2007 21:00,0.343366667
8/20/2007 22:00,0.587233333
8/20/2007 23:00,1.070166667
8/21/2007 0:00,0.212233333
8/21/2007 1:00,0.201433333
8/21/2007 2:00,0.217033333
8/21/2007 3:00,0.1933
8/21/2007 4:00,0.1833
8/21/2007 5:00,0.190633333
8/21/2007 6:00,0.1782
8/21/2007 7:00,1.021566667
8/21/2007 8:00,1.437766667
8/21/2007 9:00,0.452366667
8/21/2007 10:00,0.178566667
8/21/2007 11:00,0.182566667
8/21/2007 12:00,0.1736
8/21/2007 13:00,0.172866667
8/21/2007 14:00,0.183266667
8/21/2007 15:00,0.179366667
8/21/2007 16:00,0.169166667
8/21/2007 17:00,0.345933333
8/21/2007 18:00,0.6432
8/21/2007 19:00,0.354166667
8/21/2007 20:00,1.097833333
8/21/2007 21:00,1.7089
8/21/2007 22:00,0.831666667
8/21/2007 23:00,0.200333333
8/22/2007 0:00,0.2001
8/22/2007 1:00,0.816066667
8/22/2007 2:00,0.188533333
8/22/2007 3:00,0.165766667
8/22/2007 4:00,0.1801
8/22/2007 5:00,0.1658
8/22/2007 6:00,0.169066667
8/22/2007 7:00,0.611966667
8/22/2007 8:00,1.6683
8/22/2007 9:00,1.3052
8/22/2007 10:00,1.173666667
8/22/2007 11:00,0.179533333
8/22/2007 12:00,0.165533333
8/22/2007 13:00,0.1765
8/22/2007 14:00,0.168533333
8/22/2007 15:00,0.166133333
8/22/2007 16:00,0.1846
8/22/2007 17:00,0.172133333
8/22/2007 18:00,2.367733333
8/22/2007 19:00,3.239133333
8/22/2007 20:00,2.152966667
8/22/2007 21:00,1.428366667
8/22/2007 22:00,2.0455
8/22/2007 23:00,1.072233333
8/23/2007 0:00,0.209466667
8/23/2007 1:00,0.181166667
8/23/2007 2:00,0.6008
8/23/2007 3:00,0.457833333
8/23/2007 4:00,0.188333333
8/23/2007 5:00,0.175433333
8/23/2007 6:00,0.637666667
8/23/2007 7:00,1.992166667
8/23/2007 8:00,1.990966667
8/23/2007 9:00,0.888733333
8/23/2007 10:00,0.233
8/23/2007 11:00,0.2269
8/23/2007 12:00,0.277066667
8/23/2007 13:00,2.4528
8/23/2007 14:00,1.3168
8/23/2007 15:00,0.2852
8/23/2007 16:00,0.261
8/23/2007 17:00,0.392666667
8/23/2007 18:00,0.825466667
8/23/2007 19:00,1.717166667
8/23/2007 20:00,0.678233333
8/23/2007 21:00,0.832166667
8/23/2007 22:00,0.561733333
8/23/2007 23:00,1.155766667
8/24/2007 0:00,0.863433333
8/24/2007 1:00,0.349933333
8/24/2007 2:00,0.738366667
8/24/2007 3:00,0.2563
8/24/2007 4:00,0.197833333
8/24/2007 5:00,0.1659
8/24/2007 6:00,0.248633333
8/24/2007 7:00,0.619733333
8/24/2007 8:00,1.6047
8/24/2007 9:00,1.4147
8/24/2007 10:00,1.156033333
8/24/2007 11:00,0.297366667
8/24/2007 12:00,1.107233333
8/24/2007 13:00,1.442333333
8/24/2007 14:00,2.5673
8/24/2007 15:00,1.309766667
8/24/2007 16:00,0.325033333
8/24/2007 17:00,0.2713
8/24/2007 18:00,1.093666667
8/24/2007 19:00,2.8103
8/24/2007 20:00,2.7214
8/24/2007 21:00,1.752666667
8/24/2007 22:00,1.498533333
8/24/2007 23:00,2.794566667
8/25/2007 0:00,3.5055
8/25/2007 1:00,0.7538
8/25/2007 2:00,0.198933333
8/25/2007 3:00,0.233933333
8/25/2007 4:00,0.235533333
8/25/2007 5:00,0.192266667
8/25/2007 6:00,0.222933333
8/25/2007 7:00,0.220933333
8/25/2007 8:00,0.171866667
8/25/2007 9:00,1.0415
8/25/2007 10:00,0.324433333
8/25/2007 11:00,0.347166667
8/25/2007 12:00,0.334866667
8/25/2007 13:00,0.764366667
8/25/2007 14:00,1.813466667
8/25/2007 15:00,1.994633333
8/25/2007 16:00,2.024066667
8/25/2007 17:00,0.905266667
8/25/2007 18:00,1.6269
8/25/2007 19:00,0.918566667
8/25/2007 20:00,0.3285
8/25/2007 21:00,0.353566667
8/25/2007 22:00,0.326533333
8/25/2007 23:00,0.3418
8/26/2007 0:00,0.465566667
8/26/2007 1:00,0.672333333
8/26/2007 2:00,0.344966667
8/26/2007 3:00,0.2489
8/26/2007 4:00,0.212466667
8/26/2007 5:00,0.181866667
8/26/2007 6:00,0.207033333
8/26/2007 7:00,0.241066667
8/26/2007 8:00,0.193233333
8/26/2007 9:00,1.182033333
8/26/2007 10:00,0.565533333
8/26/2007 11:00,2.2077
8/26/2007 12:00,2.4344
8/26/2007 13:00,1.421033333
8/26/2007 14:00,3.7632
8/26/2007 15:00,1.022366667
8/26/2007 16:00,0.360233333
8/26/2007 17:00,0.378766667
8/26/2007 18:00,0.459066667
8/26/2007 19:00,0.811766667
8/26/2007 20:00,1.504633333
8/26/2007 21:00,2.210766667
8/26/2007 22:00,0.573433333
8/26/2007 23:00,0.252733333
8/27/2007 0:00,0.2717
8/27/2007 1:00,0.254866667
8/27/2007 2:00,0.265733333
8/27/2007 3:00,0.238166667
8/27/2007 4:00,0.249566667
8/27/2007 5:00,0.261833333
8/27/2007 6:00,0.798633333
8/27/2007 7:00,1.068266667
8/27/2007 8:00,1.770966667
8/27/2007 9:00,1.8057
8/27/2007 10:00,1.3028
8/27/2007 11:00,1.280366667
8/27/2007 12:00,0.359066667
8/27/2007 13:00,0.2494
8/27/2007 14:00,0.264833333
8/27/2007 15:00,0.236233333
8/27/2007 16:00,0.2435
8/27/2007 17:00,0.2611
8/27/2007 18:00,0.270366667
8/27/2007 19:00,0.231
8/27/2007 20:00,1.075
8/27/2007 21:00,2.793333333
8/27/2007 22:00,1.648633333
8/27/2007 23:00,2.994433333
8/28/2007 0:00,2.2551
8/28/2007 1:00,0.284033333
8/28/2007 2:00,0.400633333
8/28/2007 3:00,0.264633333
8/28/2007 4:00,0.190466667
8/28/2007 5:00,0.2196
8/28/2007 6:00,0.1738
8/28/2007 7:00,1.305633333
8/28/2007 8:00,1.173366667
8/28/2007 9:00,0.821133333
8/28/2007 10:00,0.991533333
8/28/2007 11:00,1.216433333
8/28/2007 12:00,0.810233333
8/28/2007 13:00,0.3628
8/28/2007 14:00,0.2031
8/28/2007 15:00,0.732433333
8/28/2007 16:00,0.2424
8/28/2007 17:00,0.202366667
8/28/2007 18:00,0.290466667
8/28/2007 19:00,1.1943
8/28/2007 20:00,0.285733333
8/28/2007 21:00,0.3978
8/28/2007 22:00,1.968866667
8/28/2007 23:00,0.629866667
8/29/2007 0:00,0.2349
8/29/2007 1:00,0.238266667
8/29/2007 2:00,0.216133333
8/29/2007 3:00,0.1979
8/29/2007 4:00,0.542633333
8/29/2007 5:00,0.4287
8/29/2007 6:00,0.215333333
8/29/2007 7:00,1.387166667
8/29/2007 8:00,1.8076
8/29/2007 9:00,1.726766667
8/29/2007 10:00,0.374
8/29/2007 11:00,0.1762
8/29/2007 12:00,0.218166667
8/29/2007 13:00,0.186166667
8/29/2007 14:00,0.1986
8/29/2007 15:00,0.262533333
8/29/2007 16:00,0.177266667
8/29/2007 17:00,0.235166667
8/29/2007 18:00,0.338066667
8/29/2007 19:00,1.5772
8/29/2007 20:00,0.956666667
8/29/2007 21:00,0.363766667
8/29/2007 22:00,0.207833333
8/29/2007 23:00,0.1995
8/30/2007 0:00,0.210466667
8/30/2007 1:00,0.531666667
8/30/2007 2:00,0.444133333
8/30/2007 3:00,0.1878
8/30/2007 4:00,0.190633333
8/30/2007 5:00,0.181566667
8/30/2007 6:00,0.3673
8/30/2007 7:00,0.5831
8/30/2007 8:00,1.7162
8/30/2007 9:00,0.7404
8/30/2007 10:00,0.1828
8/30/2007 11:00,0.509766667
8/30/2007 12:00,0.888966667
8/30/2007 13:00,0.812133333
8/30/2007 14:00,0.1605
8/30/2007 15:00,0.206066667
8/30/2007 16:00,0.192266667
8/30/2007 17:00,0.199533333
8/30/2007 18:00,1.748066667
8/30/2007 19:00,2.8546
8/30/2007 20:00,1.4065
8/30/2007 21:00,1.91
8/30/2007 22:00,3.062033333
8/30/2007 23:00,0.754466667
8/31/2007 0:00,0.430733333
8/31/2007 1:00,0.373933333
8/31/2007 2:00,0.388733333
8/31/2007 3:00,0.3777
8/31/2007 4:00,0.374533333
8/31/2007 5:00,0.396766667
8/31/2007 6:00,0.870766667
8/31/2007 7:00,1.6161
8/31/2007 8:00,1.454666667
8/31/2007 9:00,1.5753
8/31/2007 10:00,1.228266667
8/31/2007 11:00,1.238433333
8/31/2007 12:00,0.512266667
8/31/2007 13:00,0.166666667
8/31/2007 14:00,0.203233333
8/31/2007 15:00,0.177033333
8/31/2007 16:00,0.340133333
8/31/2007 17:00,0.263233333
8/31/2007 18:00,0.402566667
8/31/2007 19:00,1.977833333
8/31/2007 20:00,2.727333333
8/31/2007 21:00,2.017533333
8/31/2007 22:00,1.144133333
8/31/2007 23:00,1.072466667
09-01-2007 00:00,0.2733
09-01-2007 01:00,0.226533333
09-01-2007 02:00,0.2033
09-01-2007 03:00,0.2269
09-01-2007 04:00,0.1958
09-01-2007 05:00,0.218533333
09-01-2007 06:00,0.442033333
09-01-2007 07:00,0.744466667
09-01-2007 08:00,0.4581
09-01-2007 09:00,1.630466667
09-01-2007 10:00,1.3176
09-01-2007 11:00,0.545366667
09-01-2007 12:00,0.420333333
09-01-2007 13:00,1.269166667
09-01-2007 14:00,1.858533333
09-01-2007 15:00,2.2353
09-01-2007 16:00,1.977433333
09-01-2007 17:00,1.519966667
09-01-2007 18:00,1.814733333
09-01-2007 19:00,1.773
09-01-2007 20:00,1.517933333
09-01-2007 21:00,2.473266667
09-01-2007 22:00,1.857566667
09-01-2007 23:00,3.158466667
09-02-2007 00:00,1.686366667
09-02-2007 01:00,0.495933333
09-02-2007 02:00,0.2351
09-02-2007 03:00,0.206533333
09-02-2007 04:00,0.1782
09-02-2007 05:00,0.2296
09-02-2007 06:00,0.157333333
09-02-2007 07:00,0.234666667
09-02-2007 08:00,0.6741
09-02-2007 09:00,1.075066667
09-02-2007 10:00,0.467866667
09-02-2007 11:00,0.505166667
09-02-2007 12:00,1.143566667
09-02-2007 13:00,1.903366667
09-02-2007 14:00,1.9665
09-02-2007 15:00,2.521133333
09-02-2007 16:00,1.9808
09-02-2007 17:00,1.961033333
09-02-2007 18:00,2.9593
09-02-2007 19:00,0.964
09-02-2007 20:00,1.147266667
09-02-2007 21:00,2.187666667
09-02-2007 22:00,1.125933333
09-02-2007 23:00,1.7013
09-03-2007 00:00,0.557933333
09-03-2007 01:00,0.226
09-03-2007 02:00,0.251033333
09-03-2007 03:00,0.235366667
09-03-2007 04:00,0.232866667
09-03-2007 05:00,0.2524
09-03-2007 06:00,0.4556
09-03-2007 07:00,1.191366667
09-03-2007 08:00,1.916733333
09-03-2007 09:00,2.615366667
09-03-2007 10:00,2.011066667
09-03-2007 11:00,0.658533333
09-03-2007 12:00,0.2654
09-03-2007 13:00,0.187233333
09-03-2007 14:00,0.2363
09-03-2007 15:00,0.221366667
09-03-2007 16:00,0.207633333
09-03-2007 17:00,0.2448
09-03-2007 18:00,0.391
09-03-2007 19:00,1.449266667
09-03-2007 20:00,1.231466667
09-03-2007 21:00,1.233633333
09-03-2007 22:00,0.553466667
09-03-2007 23:00,0.489533333
09-04-2007 00:00,0.5908
09-04-2007 01:00,0.173733333
09-04-2007 02:00,0.250833333
09-04-2007 03:00,0.171933333
09-04-2007 04:00,0.233333333
09-04-2007 05:00,0.179433333
09-04-2007 06:00,0.4863
09-04-2007 07:00,0.820433333
09-04-2007 08:00,1.3849
09-04-2007 09:00,1.119066667
09-04-2007 10:00,1.306066667
09-04-2007 11:00,1.574833333
09-04-2007 12:00,2.519266667
09-04-2007 13:00,1.388466667
09-04-2007 14:00,0.72
09-04-2007 15:00,0.433133333
09-04-2007 16:00,1.654866667
09-04-2007 17:00,1.247333333
09-04-2007 18:00,1.502266667
09-04-2007 19:00,1.6972
09-04-2007 20:00,2.695266667
09-04-2007 21:00,3.2361
09-04-2007 22:00,0.683266667
09-04-2007 23:00,0.3469
09-05-2007 00:00,0.274933333
09-05-2007 01:00,0.193933333
09-05-2007 02:00,0.840433333
09-05-2007 03:00,0.2149
09-05-2007 04:00,0.216733333
09-05-2007 05:00,0.234133333
09-05-2007 06:00,1.765633333
09-05-2007 07:00,2.194033333
09-05-2007 08:00,2.874466667
09-05-2007 09:00,0.6952
09-05-2007 10:00,0.198433333
09-05-2007 11:00,0.265566667
09-05-2007 12:00,0.173966667
09-05-2007 13:00,0.264633333
09-05-2007 14:00,0.178166667
09-05-2007 15:00,0.241066667
09-05-2007 16:00,0.196066667
09-05-2007 17:00,0.351966667
09-05-2007 18:00,0.713
09-05-2007 19:00,0.801333333
09-05-2007 20:00,1.7856
09-05-2007 21:00,3.1208
09-05-2007 22:00,1.6311
09-05-2007 23:00,1.183433333
09-06-2007 00:00,1.168833333
09-06-2007 01:00,0.287366667
09-06-2007 02:00,0.201266667
09-06-2007 03:00,0.1875
09-06-2007 04:00,0.247566667
09-06-2007 05:00,0.188833333
09-06-2007 06:00,1.138733333
09-06-2007 07:00,1.910866667
09-06-2007 08:00,1.252533333
09-06-2007 09:00,0.399766667
09-06-2007 10:00,0.183566667
09-06-2007 11:00,0.2006
09-06-2007 12:00,0.2282
09-06-2007 13:00,0.185733333
09-06-2007 14:00,0.225533333
09-06-2007 15:00,0.206633333
09-06-2007 16:00,0.181866667
09-06-2007 17:00,0.426133333
09-06-2007 18:00,0.586933333
09-06-2007 19:00,0.401033333
09-06-2007 20:00,0.274333333
09-06-2007 21:00,2.646133333
09-06-2007 22:00,1.945966667
09-06-2007 23:00,0.348633333
09-07-2007 00:00,0.173366667
09-07-2007 01:00,0.791833333
09-07-2007 02:00,0.304133333
09-07-2007 03:00,0.187533333
09-07-2007 04:00,0.220533333
09-07-2007 05:00,0.151666667
09-07-2007 06:00,1.478466667
09-07-2007 07:00,1.847466667
09-07-2007 08:00,1.868833333
09-07-2007 09:00,1.771633333
09-07-2007 10:00,1.211266667
09-07-2007 11:00,1.247133333
09-07-2007 12:00,1.0327
09-07-2007 13:00,0.196433333
09-07-2007 14:00,0.231566667
09-07-2007 15:00,0.1783
09-07-2007 16:00,0.250566667
09-07-2007 17:00,0.203866667
09-07-2007 18:00,0.272066667
09-07-2007 19:00,2.6643
09-07-2007 20:00,2.498866667
09-07-2007 21:00,2.2298
09-07-2007 22:00,0.7883
09-07-2007 23:00,0.4743
09-08-2007 00:00,0.322366667
09-08-2007 01:00,0.174366667
09-08-2007 02:00,0.251366667
09-08-2007 03:00,0.168466667
09-08-2007 04:00,0.213666667
09-08-2007 05:00,0.201633333
09-08-2007 06:00,0.801066667
09-08-2007 07:00,0.357533333
09-08-2007 08:00,0.577
09-08-2007 09:00,1.214933333
09-08-2007 10:00,0.9839
09-08-2007 11:00,1.512933333
09-08-2007 12:00,0.356033333
09-08-2007 13:00,0.7618
09-08-2007 14:00,0.337066667
09-08-2007 15:00,2.871133333
09-08-2007 16:00,2.485333333
09-08-2007 17:00,1.477566667
09-08-2007 18:00,1.461833333
09-08-2007 19:00,0.911666667
09-08-2007 20:00,2.258
09-08-2007 21:00,2.6646
09-08-2007 22:00,1.449133333
09-08-2007 23:00,0.682466667
09-09-2007 00:00,0.321266667
09-09-2007 01:00,0.198033333
09-09-2007 02:00,0.213566667
09-09-2007 03:00,0.2279
09-09-2007 04:00,0.185566667
09-09-2007 05:00,0.262266667
09-09-2007 06:00,0.1654
09-09-2007 07:00,0.739133333
09-09-2007 08:00,0.658533333
09-09-2007 09:00,0.4234
09-09-2007 10:00,0.736966667
09-09-2007 11:00,1.670533333
09-09-2007 12:00,2.167766667
09-09-2007 13:00,1.4597
09-09-2007 14:00,3.109533333
09-09-2007 15:00,1.503133333
09-09-2007 16:00,1.1326
09-09-2007 17:00,0.620266667
09-09-2007 18:00,1.824733333
09-09-2007 19:00,2.828233333
09-09-2007 20:00,2.130666667
09-09-2007 21:00,2.567266667
09-09-2007 22:00,1.359166667
09-09-2007 23:00,1.486066667
09-10-2007 00:00,1.2898
09-10-2007 01:00,0.5638
09-10-2007 02:00,0.1719
09-10-2007 03:00,0.229133333
09-10-2007 04:00,0.1682
09-10-2007 05:00,0.224766667
09-10-2007 06:00,1.511766667
09-10-2007 07:00,1.846033333
09-10-2007 08:00,0.246166667
09-10-2007 09:00,0.168433333
09-10-2007 10:00,0.253933333
09-10-2007 11:00,0.171533333
09-10-2007 12:00,0.215566667
09-10-2007 13:00,0.2208
09-10-2007 14:00,0.192433333
09-10-2007 15:00,0.301933333
09-10-2007 16:00,0.704
09-10-2007 17:00,0.208933333
09-10-2007 18:00,0.315366667
09-10-2007 19:00,0.671333333
09-10-2007 20:00,3.324866667
09-10-2007 21:00,3.539533333
09-10-2007 22:00,1.690033333
09-10-2007 23:00,0.392666667
09-11-2007 00:00,0.2016
09-11-2007 01:00,0.234266667
09-11-2007 02:00,0.177833333
09-11-2007 03:00,0.188633333
09-11-2007 04:00,0.220933333
09-11-2007 05:00,0.1571
09-11-2007 06:00,1.0285
09-11-2007 07:00,1.022966667
09-11-2007 08:00,0.212433333
09-11-2007 09:00,0.191166667
09-11-2007 10:00,0.172366667
09-11-2007 11:00,0.2234
09-11-2007 12:00,0.162666667
09-11-2007 13:00,0.4623
09-11-2007 14:00,0.2848
09-11-2007 15:00,0.7647
09-11-2007 16:00,1.2781
09-11-2007 17:00,0.7109
09-11-2007 18:00,0.257533333
09-11-2007 19:00,0.237
09-11-2007 20:00,1.031966667
09-11-2007 21:00,2.411566667
09-11-2007 22:00,3.3426
09-11-2007 23:00,1.417533333
09-12-2007 00:00,1.2854
09-12-2007 01:00,1.262933333
09-12-2007 02:00,1.244466667
09-12-2007 03:00,0.1889
09-12-2007 04:00,0.230266667
09-12-2007 05:00,0.198833333
09-12-2007 06:00,0.546266667
09-12-2007 07:00,1.482166667
09-12-2007 08:00,1.151533333
09-12-2007 09:00,0.2395
09-12-2007 10:00,0.172833333
09-12-2007 11:00,0.700233333
09-12-2007 12:00,0.248333333
09-12-2007 13:00,0.3082
09-12-2007 14:00,0.231333333
09-12-2007 15:00,0.198833333
09-12-2007 16:00,0.224766667
09-12-2007 17:00,1.1936
09-12-2007 18:00,0.337
09-12-2007 19:00,0.475866667
09-12-2007 20:00,1.8821
09-12-2007 21:00,3.3821
09-12-2007 22:00,3.318133333
09-12-2007 23:00,0.959133333
9/13/2007 0:00,0.2415
9/13/2007 1:00,0.207233333
9/13/2007 2:00,0.179
9/13/2007 3:00,0.2313
9/13/2007 4:00,0.1873
9/13/2007 5:00,0.213966667
9/13/2007 6:00,0.644166667
9/13/2007 7:00,1.719533333
9/13/2007 8:00,1.723833333
9/13/2007 9:00,0.2502
9/13/2007 10:00,0.225533333
9/13/2007 11:00,0.1619
9/13/2007 12:00,0.5649
9/13/2007 13:00,0.942966667
9/13/2007 14:00,0.5823
9/13/2007 15:00,0.739333333
9/13/2007 16:00,0.667166667
9/13/2007 17:00,0.693066667
9/13/2007 18:00,0.526633333
9/13/2007 19:00,0.6397
9/13/2007 20:00,2.062333333
9/13/2007 21:00,3.600333333
9/13/2007 22:00,1.761733333
9/13/2007 23:00,0.340433333
9/14/2007 0:00,0.399166667
9/14/2007 1:00,0.336933333
9/14/2007 2:00,0.3598
9/14/2007 3:00,0.3748
9/14/2007 4:00,0.4922
9/14/2007 5:00,0.8374
9/14/2007 6:00,1.2214
9/14/2007 7:00,2.1035
9/14/2007 8:00,1.882066667
9/14/2007 9:00,1.189233333
9/14/2007 10:00,0.984833333
9/14/2007 11:00,0.2073
9/14/2007 12:00,0.176433333
9/14/2007 13:00,0.242666667
9/14/2007 14:00,0.187566667
9/14/2007 15:00,0.2094
9/14/2007 16:00,0.231633333
9/14/2007 17:00,0.202566667
9/14/2007 18:00,0.240433333
9/14/2007 19:00,0.6164
9/14/2007 20:00,2.249766667
9/14/2007 21:00,1.950133333
9/14/2007 22:00,1.276
9/14/2007 23:00,0.952866667
9/15/2007 0:00,0.477566667
9/15/2007 1:00,0.894033333
9/15/2007 2:00,0.233433333
9/15/2007 3:00,0.271133333
9/15/2007 4:00,0.281333333
9/15/2007 5:00,0.2492
9/15/2007 6:00,1.180333333
9/15/2007 7:00,1.801566667
9/15/2007 8:00,1.7972
9/15/2007 9:00,1.295433333
9/15/2007 10:00,0.813766667
9/15/2007 11:00,0.247266667
9/15/2007 12:00,0.372833333
9/15/2007 13:00,0.306733333
9/15/2007 14:00,1.197366667
9/15/2007 15:00,1.304533333
9/15/2007 16:00,0.237566667
9/15/2007 17:00,0.3035
9/15/2007 18:00,0.256466667
9/15/2007 19:00,0.210933333
9/15/2007 20:00,1.821066667
9/15/2007 21:00,0.857133333
9/15/2007 22:00,1.025766667
9/15/2007 23:00,0.819033333
9/16/2007 0:00,0.3886
9/16/2007 1:00,0.217333333
9/16/2007 2:00,0.200066667
9/16/2007 3:00,0.802066667
9/16/2007 4:00,0.233633333
9/16/2007 5:00,0.1669
9/16/2007 6:00,0.1809
9/16/2007 7:00,0.225666667
9/16/2007 8:00,0.256133333
9/16/2007 9:00,0.515433333
9/16/2007 10:00,0.993533333
9/16/2007 11:00,2.173366667
9/16/2007 12:00,0.7062
9/16/2007 13:00,0.708166667
9/16/2007 14:00,1.4416
9/16/2007 15:00,1.620766667
9/16/2007 16:00,0.741533333
9/16/2007 17:00,1.2663
9/16/2007 18:00,2.151266667
9/16/2007 19:00,2.107633333
9/16/2007 20:00,3.813966667
9/16/2007 21:00,3.062366667
9/16/2007 22:00,2.0181
9/16/2007 23:00,1.545533333
9/17/2007 0:00,0.454633333
9/17/2007 1:00,0.2382
9/17/2007 2:00,0.207166667
9/17/2007 3:00,0.200466667
9/17/2007 4:00,0.246566667
9/17/2007 5:00,0.1735
9/17/2007 6:00,0.761333333
9/17/2007 7:00,1.300066667
9/17/2007 8:00,2.074066667
9/17/2007 9:00,0.976533333
9/17/2007 10:00,0.224666667
9/17/2007 11:00,0.161433333
9/17/2007 12:00,0.2376
9/17/2007 13:00,0.185366667
9/17/2007 14:00,0.2012
9/17/2007 15:00,0.222433333
9/17/2007 16:00,0.205633333
9/17/2007 17:00,0.176733333
9/17/2007 18:00,1.0714
9/17/2007 19:00,3.288266667
9/17/2007 20:00,1.9746
9/17/2007 21:00,5.735766667
9/17/2007 22:00,2.8106
9/17/2007 23:00,1.224866667
9/18/2007 0:00,0.211666667
9/18/2007 1:00,0.168766667
9/18/2007 2:00,0.236
9/18/2007 3:00,0.1635
9/18/2007 4:00,0.1862
9/18/2007 5:00,0.214433333
9/18/2007 6:00,1.456033333
9/18/2007 7:00,2.253333333
9/18/2007 8:00,1.6571
9/18/2007 9:00,0.6907
9/18/2007 10:00,0.2085
9/18/2007 11:00,0.185333333
9/18/2007 12:00,0.175833333
9/18/2007 13:00,0.212466667
9/18/2007 14:00,0.167733333
9/18/2007 15:00,0.211
9/18/2007 16:00,0.1869
9/18/2007 17:00,1.038833333
9/18/2007 18:00,2.282266667
9/18/2007 19:00,1.191833333
9/18/2007 20:00,1.277266667
9/18/2007 21:00,1.903933333
9/18/2007 22:00,2.299133333
9/18/2007 23:00,0.8799
9/19/2007 0:00,0.2091
9/19/2007 1:00,0.2143
9/19/2007 2:00,0.175966667
9/19/2007 3:00,0.184333333
9/19/2007 4:00,0.214733333
9/19/2007 5:00,0.177366667
9/19/2007 6:00,1.429
9/19/2007 7:00,1.69
9/19/2007 8:00,1.2012
9/19/2007 9:00,1.125766667
9/19/2007 10:00,0.207866667
9/19/2007 11:00,0.1563
9/19/2007 12:00,0.232566667
9/19/2007 13:00,0.297
9/19/2007 14:00,1.571733333
9/19/2007 15:00,1.371166667
9/19/2007 16:00,1.631966667
9/19/2007 17:00,2.962233333
9/19/2007 18:00,1.0023
9/19/2007 19:00,0.864133333
9/19/2007 20:00,2.043966667
9/19/2007 21:00,1.764833333
9/19/2007 22:00,0.6816
9/19/2007 23:00,0.2353
9/20/2007 0:00,0.1947
9/20/2007 1:00,0.714333333
9/20/2007 2:00,0.150533333
9/20/2007 3:00,0.236866667
9/20/2007 4:00,0.155433333
9/20/2007 5:00,0.194
9/20/2007 6:00,0.901766667
9/20/2007 7:00,2.222033333
9/20/2007 8:00,1.9914
9/20/2007 9:00,1.731866667
9/20/2007 10:00,1.207133333
9/20/2007 11:00,0.333666667
9/20/2007 12:00,0.148666667
9/20/2007 13:00,0.2152
9/20/2007 14:00,0.200866667
9/20/2007 15:00,0.165
9/20/2007 16:00,0.234666667
9/20/2007 17:00,0.174166667
9/20/2007 18:00,0.1602
9/20/2007 19:00,0.8263
9/20/2007 20:00,1.9642
9/20/2007 21:00,2.685233333
9/20/2007 22:00,2.338133333
9/20/2007 23:00,1.779166667
9/21/2007 0:00,0.579866667
9/21/2007 1:00,0.1764
9/21/2007 2:00,0.179466667
9/21/2007 3:00,0.2092
9/21/2007 4:00,0.175133333
9/21/2007 5:00,0.1556
9/21/2007 6:00,1.526266667
9/21/2007 7:00,1.9173
9/21/2007 8:00,1.2253
9/21/2007 9:00,1.231
9/21/2007 10:00,0.537833333
9/21/2007 11:00,0.184033333
9/21/2007 12:00,0.207333333
9/21/2007 13:00,0.150933333
9/21/2007 14:00,0.221333333
9/21/2007 15:00,0.177833333
9/21/2007 16:00,0.1662
9/21/2007 17:00,0.224733333
9/21/2007 18:00,0.327366667
9/21/2007 19:00,3.533766667
9/21/2007 20:00,3.248733333
9/21/2007 21:00,2.569733333
9/21/2007 22:00,1.3951
9/21/2007 23:00,0.325866667
9/22/2007 0:00,0.173866667
9/22/2007 1:00,0.198766667
9/22/2007 2:00,0.231966667
9/22/2007 3:00,0.188433333
9/22/2007 4:00,0.187133333
9/22/2007 5:00,0.217533333
9/22/2007 6:00,0.793666667
9/22/2007 7:00,0.467233333
9/22/2007 8:00,1.827966667
9/22/2007 9:00,1.245366667
9/22/2007 10:00,1.2029
9/22/2007 11:00,0.6488
9/22/2007 12:00,0.5132
9/22/2007 13:00,0.730866667
9/22/2007 14:00,2.019266667
9/22/2007 15:00,1.1896
9/22/2007 16:00,1.334866667
9/22/2007 17:00,0.3303
9/22/2007 18:00,0.395066667
9/22/2007 19:00,0.942666667
9/22/2007 20:00,1.342466667
9/22/2007 21:00,2.687733333
9/22/2007 22:00,0.466133333
9/22/2007 23:00,0.267066667
9/23/2007 0:00,0.239933333
9/23/2007 1:00,0.241566667
9/23/2007 2:00,0.238233333
9/23/2007 3:00,0.2332
9/23/2007 4:00,0.504166667
9/23/2007 5:00,0.504633333
9/23/2007 6:00,0.2457
9/23/2007 7:00,0.349833333
9/23/2007 8:00,0.847066667
9/23/2007 9:00,0.9893
9/23/2007 10:00,1.728333333
9/23/2007 11:00,0.73
9/23/2007 12:00,0.638866667
9/23/2007 13:00,0.404333333
9/23/2007 14:00,0.349166667
9/23/2007 15:00,0.9575
9/23/2007 16:00,1.513466667
9/23/2007 17:00,1.333066667
9/23/2007 18:00,1.337366667
9/23/2007 19:00,2.588966667
9/23/2007 20:00,3.285266667
9/23/2007 21:00,2.5538
9/23/2007 22:00,1.619433333
9/23/2007 23:00,0.199633333
9/24/2007 0:00,0.159866667
9/24/2007 1:00,0.183
9/24/2007 2:00,0.1608
9/24/2007 3:00,0.178066667
9/24/2007 4:00,0.162633333
9/24/2007 5:00,0.223433333
9/24/2007 6:00,1.370166667
9/24/2007 7:00,1.9995
9/24/2007 8:00,1.2754
9/24/2007 9:00,1.257433333
9/24/2007 10:00,0.230066667
9/24/2007 11:00,0.225733333
9/24/2007 12:00,0.228566667
9/24/2007 13:00,0.229766667
9/24/2007 14:00,0.231566667
9/24/2007 15:00,1.658866667
9/24/2007 16:00,1.919866667
9/24/2007 17:00,2.6368
9/24/2007 18:00,0.606266667
9/24/2007 19:00,1.0125
9/24/2007 20:00,3.475766667
9/24/2007 21:00,2.623866667
9/24/2007 22:00,0.3509
9/24/2007 23:00,0.174666667
9/25/2007 0:00,0.161333333
9/25/2007 1:00,0.223266667
9/25/2007 2:00,0.507066667
9/25/2007 3:00,0.343133333
9/25/2007 4:00,0.189066667
9/25/2007 5:00,0.178433333
9/25/2007 6:00,0.653033333
9/25/2007 7:00,2.408633333
9/25/2007 8:00,3.3475
9/25/2007 9:00,1.834866667
9/25/2007 10:00,1.809466667
9/25/2007 11:00,1.783733333
9/25/2007 12:00,1.640166667
9/25/2007 13:00,0.791266667
9/25/2007 14:00,0.7837
9/25/2007 15:00,0.797133333
9/25/2007 16:00,0.761933333
9/25/2007 17:00,0.737133333
9/25/2007 18:00,0.7518
9/25/2007 19:00,0.776866667
9/25/2007 20:00,2.991666667
9/25/2007 21:00,2.7256
9/25/2007 22:00,2.4158
9/25/2007 23:00,0.7931
9/26/2007 0:00,0.330933333
9/26/2007 1:00,0.255366667
9/26/2007 2:00,0.287666667
9/26/2007 3:00,0.2729
9/26/2007 4:00,0.2884
9/26/2007 5:00,0.298
9/26/2007 6:00,1.640233333
9/26/2007 7:00,2.069866667
9/26/2007 8:00,2.0486
9/26/2007 9:00,1.517
9/26/2007 10:00,0.361966667
9/26/2007 11:00,2.427333333
9/26/2007 12:00,1.674766667
9/26/2007 13:00,0.2702
9/26/2007 14:00,0.320666667
9/26/2007 15:00,1.636033333
9/26/2007 16:00,1.8679
9/26/2007 17:00,1.1673
9/26/2007 18:00,1.296166667
9/26/2007 19:00,1.6395
9/26/2007 20:00,2.432133333
9/26/2007 21:00,4.821866667
9/26/2007 22:00,0.909666667
9/26/2007 23:00,0.7067
9/27/2007 0:00,0.6063
9/27/2007 1:00,0.309366667
9/27/2007 2:00,0.2894
9/27/2007 3:00,0.2938
9/27/2007 4:00,0.322866667
9/27/2007 5:00,0.2594
9/27/2007 6:00,0.293733333
9/27/2007 7:00,2.626233333
9/27/2007 8:00,2.965666667
9/27/2007 9:00,1.910066667
9/27/2007 10:00,1.368833333
9/27/2007 11:00,0.955633333
9/27/2007 12:00,0.2571
9/27/2007 13:00,0.283633333
9/27/2007 14:00,0.3148
9/27/2007 15:00,0.273233333
9/27/2007 16:00,1.038233333
9/27/2007 17:00,0.332166667
9/27/2007 18:00,0.292766667
9/27/2007 19:00,1.063133333
9/27/2007 20:00,2.293
9/27/2007 21:00,3.020666667
9/27/2007 22:00,1.3126
9/27/2007 23:00,0.527366667
9/28/2007 0:00,0.325533333
9/28/2007 1:00,0.253933333
9/28/2007 2:00,0.8624
9/28/2007 3:00,0.3377
9/28/2007 4:00,0.2679
9/28/2007 5:00,0.266333333
9/28/2007 6:00,1.708333333
9/28/2007 7:00,2.1347
9/28/2007 8:00,3.5643
9/28/2007 9:00,2.5247
9/28/2007 10:00,2.782133333
9/28/2007 11:00,2.512533333
9/28/2007 12:00,1.391466667
9/28/2007 13:00,1.4559
9/28/2007 14:00,0.556866667
9/28/2007 15:00,0.319266667
9/28/2007 16:00,0.3919
9/28/2007 17:00,0.5576
9/28/2007 18:00,0.614766667
9/28/2007 19:00,1.1028
9/28/2007 20:00,1.172033333
9/28/2007 21:00,1.661866667
9/28/2007 22:00,0.8861
9/28/2007 23:00,0.357233333
9/29/2007 0:00,0.2969
9/29/2007 1:00,0.265666667
9/29/2007 2:00,0.341166667
9/29/2007 3:00,0.3259
9/29/2007 4:00,0.275033333
9/29/2007 5:00,0.283366667
9/29/2007 6:00,0.349933333
9/29/2007 7:00,1.144366667
9/29/2007 8:00,1.9708
9/29/2007 9:00,1.533033333
9/29/2007 10:00,1.391
9/29/2007 11:00,2.185033333
9/29/2007 12:00,3.001733333
9/29/2007 13:00,2.774966667
9/29/2007 14:00,0.923266667
9/29/2007 15:00,1.512066667
9/29/2007 16:00,3.195266667
9/29/2007 17:00,2.062566667
9/29/2007 18:00,1.530733333
9/29/2007 19:00,2.225733333
9/29/2007 20:00,3.285566667
9/29/2007 21:00,2.4087
9/29/2007 22:00,3.490766667
9/29/2007 23:00,1.5018
9/30/2007 0:00,0.331966667
9/30/2007 1:00,0.312233333
9/30/2007 2:00,0.260333333
9/30/2007 3:00,0.3445
9/30/2007 4:00,0.2909
9/30/2007 5:00,0.281666667
9/30/2007 6:00,0.302933333
9/30/2007 7:00,1.328266667
9/30/2007 8:00,0.369033333
9/30/2007 9:00,1.847166667
9/30/2007 10:00,1.678266667
9/30/2007 11:00,2.8233
9/30/2007 12:00,0.9623
9/30/2007 13:00,0.5211
9/30/2007 14:00,1.2933
9/30/2007 15:00,0.6153
9/30/2007 16:00,0.335233333
9/30/2007 17:00,0.984866667
9/30/2007 18:00,0.687133333
9/30/2007 19:00,2.122133333
9/30/2007 20:00,2.803466667
9/30/2007 21:00,1.988
9/30/2007 22:00,1.423466667
9/30/2007 23:00,1.364633333
10-01-2007 00:00,0.456
10-01-2007 01:00,0.2863
10-01-2007 02:00,0.310833333
10-01-2007 03:00,0.250933333
10-01-2007 04:00,0.277666667
10-01-2007 05:00,0.308633333
10-01-2007 06:00,0.6104
10-01-2007 07:00,1.563533333
10-01-2007 08:00,1.421866667
10-01-2007 09:00,3.3244
10-01-2007 10:00,3.207566667
10-01-2007 11:00,1.425433333
10-01-2007 12:00,0.338466667
10-01-2007 13:00,0.2853
10-01-2007 14:00,0.337433333
10-01-2007 15:00,0.319866667
10-01-2007 16:00,1.214566667
10-01-2007 17:00,1.382033333
10-01-2007 18:00,1.227866667
10-01-2007 19:00,1.841
10-01-2007 20:00,1.402666667
10-01-2007 21:00,1.7908
10-01-2007 22:00,2.697533333
10-01-2007 23:00,2.400933333
10-02-2007 00:00,1.988533333
10-02-2007 01:00,0.498966667
10-02-2007 02:00,0.318733333
10-02-2007 03:00,0.351233333
10-02-2007 04:00,0.299233333
10-02-2007 05:00,0.2761
10-02-2007 06:00,0.3076
10-02-2007 07:00,1.657166667
10-02-2007 08:00,2.146766667
10-02-2007 09:00,1.8331
10-02-2007 10:00,2.034233333
10-02-2007 11:00,2.213866667
10-02-2007 12:00,1.4184
10-02-2007 13:00,1.7474
10-02-2007 14:00,2.0945
10-02-2007 15:00,2.779966667
10-02-2007 16:00,2.621033333
10-02-2007 17:00,1.7884
10-02-2007 18:00,2.292466667
10-02-2007 19:00,2.250666667
10-02-2007 20:00,1.9102
10-02-2007 21:00,1.9473
10-02-2007 22:00,1.5017
10-02-2007 23:00,0.370166667
10-03-2007 00:00,0.268966667
10-03-2007 01:00,0.355933333
10-03-2007 02:00,0.2814
10-03-2007 03:00,0.7598
10-03-2007 04:00,0.3089
10-03-2007 05:00,0.312466667
10-03-2007 06:00,1.1957
10-03-2007 07:00,2.455366667
10-03-2007 08:00,1.807833333
10-03-2007 09:00,1.1562
10-03-2007 10:00,0.289866667
10-03-2007 11:00,0.494
10-03-2007 12:00,0.452933333
10-03-2007 13:00,1.505266667
10-03-2007 14:00,1.790933333
10-03-2007 15:00,0.435033333
10-03-2007 16:00,0.279766667
10-03-2007 17:00,0.271966667
10-03-2007 18:00,1.0054
10-03-2007 19:00,1.4285
10-03-2007 20:00,0.479966667
10-03-2007 21:00,2.7942
10-03-2007 22:00,0.8599
10-03-2007 23:00,0.3506
10-04-2007 00:00,0.330466667
10-04-2007 01:00,0.317866667
10-04-2007 02:00,0.2929
10-04-2007 03:00,0.3052
10-04-2007 04:00,0.9777
10-04-2007 05:00,0.2858
10-04-2007 06:00,1.200733333
10-04-2007 07:00,1.929166667
10-04-2007 08:00,1.985833333
10-04-2007 09:00,1.326
10-04-2007 10:00,1.3197
10-04-2007 11:00,1.3155
10-04-2007 12:00,1.327266667
10-04-2007 13:00,0.314766667
10-04-2007 14:00,0.2856
10-04-2007 15:00,0.283133333
10-04-2007 16:00,0.381133333
10-04-2007 17:00,0.293866667
10-04-2007 18:00,1.0865
10-04-2007 19:00,3.187066667
10-04-2007 20:00,3.394633333
10-04-2007 21:00,1.881933333
10-04-2007 22:00,0.971333333
10-04-2007 23:00,0.313533333
10-05-2007 00:00,0.303766667
10-05-2007 01:00,0.287833333
10-05-2007 02:00,0.2812
10-05-2007 03:00,0.286666667
10-05-2007 04:00,0.273933333
10-05-2007 05:00,0.8622
10-05-2007 06:00,1.0602
10-05-2007 07:00,1.620733333
10-05-2007 08:00,1.526433333
10-05-2007 09:00,1.530333333
10-05-2007 10:00,1.9439
10-05-2007 11:00,1.629566667
10-05-2007 12:00,1.365233333
10-05-2007 13:00,1.355866667
10-05-2007 14:00,1.029566667
10-05-2007 15:00,0.316966667
10-05-2007 16:00,0.328533333
10-05-2007 17:00,0.3336
10-05-2007 18:00,0.382133333
10-05-2007 19:00,1.852866667
10-05-2007 20:00,1.994666667
10-05-2007 21:00,1.168566667
10-05-2007 22:00,1.133266667
10-05-2007 23:00,0.366833333
10-06-2007 00:00,0.392566667
10-06-2007 01:00,0.346966667
10-06-2007 02:00,0.2595
10-06-2007 03:00,0.301833333
10-06-2007 04:00,0.737
10-06-2007 05:00,0.4605
10-06-2007 06:00,0.274866667
10-06-2007 07:00,0.640233333
10-06-2007 08:00,1.719266667
10-06-2007 09:00,1.338766667
10-06-2007 10:00,1.431766667
10-06-2007 11:00,2.562033333
10-06-2007 12:00,0.8432
10-06-2007 13:00,0.8673
10-06-2007 14:00,1.439766667
10-06-2007 15:00,1.799066667
10-06-2007 16:00,0.517833333
10-06-2007 17:00,1.3082
10-06-2007 18:00,2.661833333
10-06-2007 19:00,2.473066667
10-06-2007 20:00,1.955566667
10-06-2007 21:00,1.9151
10-06-2007 22:00,1.683
10-06-2007 23:00,1.341433333
10-07-2007 00:00,0.451033333
10-07-2007 01:00,0.420033333
10-07-2007 02:00,0.398666667
10-07-2007 03:00,0.3994
10-07-2007 04:00,0.389266667
10-07-2007 05:00,0.8398
10-07-2007 06:00,0.328533333
10-07-2007 07:00,0.317966667
10-07-2007 08:00,0.657433333
10-07-2007 09:00,0.4057
10-07-2007 10:00,1.0681
10-07-2007 11:00,2.181966667
10-07-2007 12:00,2.302633333
10-07-2007 13:00,3.119566667
10-07-2007 14:00,2.106266667
10-07-2007 15:00,2.1776
10-07-2007 16:00,1.788133333
10-07-2007 17:00,1.050866667
10-07-2007 18:00,1.0246
10-07-2007 19:00,3.159533333
10-07-2007 20:00,4.0393
10-07-2007 21:00,3.510566667
10-07-2007 22:00,1.582466667
10-07-2007 23:00,1.382466667
10-08-2007 00:00,0.344966667
10-08-2007 01:00,0.3436
10-08-2007 02:00,0.3198
10-08-2007 03:00,0.306733333
10-08-2007 04:00,0.305166667
10-08-2007 05:00,0.314033333
10-08-2007 06:00,0.498533333
10-08-2007 07:00,1.481233333
10-08-2007 08:00,1.3795
10-08-2007 09:00,0.342866667
10-08-2007 10:00,0.324666667
10-08-2007 11:00,0.3784
10-08-2007 12:00,0.402333333
10-08-2007 13:00,0.4132
10-08-2007 14:00,0.559433333
10-08-2007 15:00,0.353766667
10-08-2007 16:00,0.307233333
10-08-2007 17:00,0.656466667
10-08-2007 18:00,0.6485
10-08-2007 19:00,1.361166667
10-08-2007 20:00,1.601133333
10-08-2007 21:00,2.689033333
10-08-2007 22:00,1.741266667
10-08-2007 23:00,1.181
10-09-2007 00:00,0.316133333
10-09-2007 01:00,0.289033333
10-09-2007 02:00,0.291233333
10-09-2007 03:00,0.3001
10-09-2007 04:00,0.2893
10-09-2007 05:00,0.2992
10-09-2007 06:00,1.954
10-09-2007 07:00,2.278266667
10-09-2007 08:00,1.305833333
10-09-2007 09:00,1.340333333
10-09-2007 10:00,0.671233333
10-09-2007 11:00,0.273066667
10-09-2007 12:00,0.297433333
10-09-2007 13:00,0.310466667
10-09-2007 14:00,0.517533333
10-09-2007 15:00,2.6725
10-09-2007 16:00,2.725966667
10-09-2007 17:00,2.0779
10-09-2007 18:00,1.439266667
10-09-2007 19:00,1.003366667
10-09-2007 20:00,1.582566667
10-09-2007 21:00,3.967333333
10-09-2007 22:00,1.557133333
10-09-2007 23:00,0.371766667
10-10-2007 00:00,0.323066667
10-10-2007 01:00,0.3149
10-10-2007 02:00,0.307133333
10-10-2007 03:00,0.282333333
10-10-2007 04:00,0.292966667
10-10-2007 05:00,0.319266667
10-10-2007 06:00,1.015033333
10-10-2007 07:00,0.849566667
10-10-2007 08:00,1.980666667
10-10-2007 09:00,0.775833333
10-10-2007 10:00,0.348
10-10-2007 11:00,0.295633333
10-10-2007 12:00,0.532633333
10-10-2007 13:00,0.795133333
10-10-2007 14:00,0.393733333
10-10-2007 15:00,0.3328
10-10-2007 16:00,0.296066667
10-10-2007 17:00,0.296133333
10-10-2007 18:00,0.337766667
10-10-2007 19:00,1.9301
10-10-2007 20:00,3.123233333
10-10-2007 21:00,3.188733333
10-10-2007 22:00,0.757733333
10-10-2007 23:00,0.361066667
10-11-2007 00:00,0.370133333
10-11-2007 01:00,0.3102
10-11-2007 02:00,0.322633333
10-11-2007 03:00,0.314733333
10-11-2007 04:00,0.667366667
10-11-2007 05:00,0.493033333
10-11-2007 06:00,0.5198
10-11-2007 07:00,2.142466667
10-11-2007 08:00,2.0458
10-11-2007 09:00,1.311966667
10-11-2007 10:00,1.331133333
10-11-2007 11:00,1.339866667
10-11-2007 12:00,0.540233333
10-11-2007 13:00,0.432566667
10-11-2007 14:00,0.3615
10-11-2007 15:00,0.361466667
10-11-2007 16:00,0.310033333
10-11-2007 17:00,0.3084
10-11-2007 18:00,0.307733333
10-11-2007 19:00,2.4614
10-11-2007 20:00,4.318366667
10-11-2007 21:00,3.967666667
10-11-2007 22:00,2.3618
10-11-2007 23:00,1.9738
10-12-2007 00:00,0.854033333
10-12-2007 01:00,0.333333333
10-12-2007 02:00,0.316266667
10-12-2007 03:00,0.343233333
10-12-2007 04:00,0.335666667
10-12-2007 05:00,0.303833333
10-12-2007 06:00,1.494333333
10-12-2007 07:00,2.038566667
10-12-2007 08:00,2.138866667
10-12-2007 09:00,1.8389
10-12-2007 10:00,2.566466667
10-12-2007 11:00,2.041166667
10-12-2007 12:00,3.562
10-12-2007 13:00,2.649633333
10-12-2007 14:00,0.451466667
10-12-2007 15:00,0.348466667
10-12-2007 16:00,0.343433333
10-12-2007 17:00,0.3923
10-12-2007 18:00,1.7316
10-12-2007 19:00,2.548366667
10-12-2007 20:00,2.091833333
10-12-2007 21:00,2.261933333
10-12-2007 22:00,0.631066667
10-12-2007 23:00,0.291633333
10/13/2007 0:00,0.2869
10/13/2007 1:00,0.298366667
10/13/2007 2:00,0.296266667
10/13/2007 3:00,0.288533333
10/13/2007 4:00,0.294
10/13/2007 5:00,0.2943
10/13/2007 6:00,0.286266667
10/13/2007 7:00,1.719
10/13/2007 8:00,2.276866667
10/13/2007 9:00,1.372066667
10/13/2007 10:00,1.3429
10/13/2007 11:00,0.42
10/13/2007 12:00,0.319666667
10/13/2007 13:00,0.704366667
10/13/2007 14:00,0.3883
10/13/2007 15:00,0.9404
10/13/2007 16:00,0.735233333
10/13/2007 17:00,1.743366667
10/13/2007 18:00,1.6048
10/13/2007 19:00,4.732766667
10/13/2007 20:00,5.0948
10/13/2007 21:00,2.408566667
10/13/2007 22:00,2.6967
10/13/2007 23:00,1.5677
10/14/2007 0:00,1.142766667
10/14/2007 1:00,1.134466667
10/14/2007 2:00,0.363733333
10/14/2007 3:00,0.6868
10/14/2007 4:00,0.5795
10/14/2007 5:00,0.273066667
10/14/2007 6:00,0.302233333
10/14/2007 7:00,0.3007
10/14/2007 8:00,0.651366667
10/14/2007 9:00,1.065233333
10/14/2007 10:00,1.775533333
10/14/2007 11:00,1.4052
10/14/2007 12:00,1.807466667
10/14/2007 13:00,2.2312
10/14/2007 14:00,4.1698
10/14/2007 15:00,2.8681
10/14/2007 16:00,2.046
10/14/2007 17:00,0.6699
10/14/2007 18:00,1.067366667
10/14/2007 19:00,3.3715
10/14/2007 20:00,2.754766667
10/14/2007 21:00,2.027433333
10/14/2007 22:00,1.3191
10/14/2007 23:00,0.340966667
10/15/2007 0:00,0.2934
10/15/2007 1:00,0.305266667
10/15/2007 2:00,0.291733333
10/15/2007 3:00,0.2938
10/15/2007 4:00,0.5143
10/15/2007 5:00,0.550033333
10/15/2007 6:00,1.036066667
10/15/2007 7:00,2.494733333
10/15/2007 8:00,1.379433333
10/15/2007 9:00,1.327833333
10/15/2007 10:00,1.325233333
10/15/2007 11:00,1.3325
10/15/2007 12:00,0.7312
10/15/2007 13:00,0.2939
10/15/2007 14:00,0.279166667
10/15/2007 15:00,0.3204
10/15/2007 16:00,0.299333333
10/15/2007 17:00,0.292433333
10/15/2007 18:00,0.7722
10/15/2007 19:00,1.2147
10/15/2007 20:00,3.0245
10/15/2007 21:00,1.944566667
10/15/2007 22:00,0.454966667
10/15/2007 23:00,0.3338
10/16/2007 0:00,0.308433333
10/16/2007 1:00,0.9748
10/16/2007 2:00,0.2683
10/16/2007 3:00,0.307866667
10/16/2007 4:00,0.287633333
10/16/2007 5:00,0.264266667
10/16/2007 6:00,0.895066667
10/16/2007 7:00,2.1742
10/16/2007 8:00,1.437733333
10/16/2007 9:00,1.324666667
10/16/2007 10:00,0.646966667
10/16/2007 11:00,0.902533333
10/16/2007 12:00,1.725766667
10/16/2007 13:00,3.603466667
10/16/2007 14:00,3.2336
10/16/2007 15:00,2.155933333
10/16/2007 16:00,1.464633333
10/16/2007 17:00,0.502733333
10/16/2007 18:00,0.454733333
10/16/2007 19:00,1.151233333
10/16/2007 20:00,2.3113
10/16/2007 21:00,2.230033333
10/16/2007 22:00,3.185666667
10/16/2007 23:00,0.929133333
10/17/2007 0:00,0.3263
10/17/2007 1:00,0.300066667
10/17/2007 2:00,0.291833333
10/17/2007 3:00,0.313666667
10/17/2007 4:00,0.298266667
10/17/2007 5:00,0.2906
10/17/2007 6:00,1.132833333
10/17/2007 7:00,2.525133333
10/17/2007 8:00,2.2839
10/17/2007 9:00,1.8623
10/17/2007 10:00,1.3458
10/17/2007 11:00,1.386
10/17/2007 12:00,1.3975
10/17/2007 13:00,1.404266667
10/17/2007 14:00,0.464933333
10/17/2007 15:00,0.377633333
10/17/2007 16:00,0.3116
10/17/2007 17:00,0.2916
10/17/2007 18:00,0.361733333
10/17/2007 19:00,1.990633333
10/17/2007 20:00,2.484033333
10/17/2007 21:00,3.0821
10/17/2007 22:00,1.3708
10/17/2007 23:00,0.388633333
10/18/2007 0:00,0.3593
10/18/2007 1:00,0.355766667
10/18/2007 2:00,0.3547
10/18/2007 3:00,0.3106
10/18/2007 4:00,0.3244
10/18/2007 5:00,0.3079
10/18/2007 6:00,0.718333333
10/18/2007 7:00,1.4076
10/18/2007 8:00,1.926933333
10/18/2007 9:00,1.4943
10/18/2007 10:00,1.3158
10/18/2007 11:00,0.3668
10/18/2007 12:00,1.577666667
10/18/2007 13:00,0.5647
10/18/2007 14:00,0.465533333
10/18/2007 15:00,0.3264
10/18/2007 16:00,0.304066667
10/18/2007 17:00,0.865966667
10/18/2007 18:00,0.337
10/18/2007 19:00,1.649866667
10/18/2007 20:00,2.428733333
10/18/2007 21:00,3.401766667
10/18/2007 22:00,2.753066667
10/18/2007 23:00,1.391633333
10/19/2007 0:00,1.1266
10/19/2007 1:00,0.276366667
10/19/2007 2:00,0.296266667
10/19/2007 3:00,0.301366667
10/19/2007 4:00,0.289866667
10/19/2007 5:00,0.283633333
10/19/2007 6:00,1.389966667
10/19/2007 7:00,2.934833333
10/19/2007 8:00,2.086466667
10/19/2007 9:00,1.6543
10/19/2007 10:00,2.5801
10/19/2007 11:00,4.328466667
10/19/2007 12:00,2.949866667
10/19/2007 13:00,1.579266667
10/19/2007 14:00,1.4328
10/19/2007 15:00,1.3998
10/19/2007 16:00,0.928
10/19/2007 17:00,0.289933333
10/19/2007 18:00,0.816966667
10/19/2007 19:00,1.915933333
10/19/2007 20:00,1.970266667
10/19/2007 21:00,1.418966667
10/19/2007 22:00,1.1913
10/19/2007 23:00,1.319466667
10/20/2007 0:00,0.8003
10/20/2007 1:00,0.6008
10/20/2007 2:00,0.2978
10/20/2007 3:00,0.298433333
10/20/2007 4:00,0.288566667
10/20/2007 5:00,0.284166667
10/20/2007 6:00,0.3142
10/20/2007 7:00,1.029566667
10/20/2007 8:00,1.9596
10/20/2007 9:00,1.4457
10/20/2007 10:00,1.4729
10/20/2007 11:00,1.785866667
10/20/2007 12:00,2.238866667
10/20/2007 13:00,1.226733333
10/20/2007 14:00,2.504
10/20/2007 15:00,1.827
10/20/2007 16:00,1.870833333
10/20/2007 17:00,1.537766667
10/20/2007 18:00,1.424633333
10/20/2007 19:00,1.433433333
10/20/2007 20:00,1.421166667
10/20/2007 21:00,0.5351
10/20/2007 22:00,0.416466667
10/20/2007 23:00,0.656866667
10/21/2007 0:00,0.9332
10/21/2007 1:00,0.321466667
10/21/2007 2:00,0.294
10/21/2007 3:00,0.2915
10/21/2007 4:00,0.288466667
10/21/2007 5:00,0.315266667
10/21/2007 6:00,1.014733333
10/21/2007 7:00,0.430633333
10/21/2007 8:00,0.6267
10/21/2007 9:00,0.425966667
10/21/2007 10:00,0.317066667
10/21/2007 11:00,2.294733333
10/21/2007 12:00,3.200033333
10/21/2007 13:00,3.2446
10/21/2007 14:00,2.657966667
10/21/2007 15:00,3.740833333
10/21/2007 16:00,1.710066667
10/21/2007 17:00,0.660566667
10/21/2007 18:00,0.8611
10/21/2007 19:00,2.295466667
10/21/2007 20:00,3.11
10/21/2007 21:00,1.759233333
10/21/2007 22:00,1.223666667
10/21/2007 23:00,0.3484
10/22/2007 0:00,0.330866667
10/22/2007 1:00,0.2952
10/22/2007 2:00,0.331266667
10/22/2007 3:00,0.324966667
10/22/2007 4:00,0.621166667
10/22/2007 5:00,0.607333333
10/22/2007 6:00,1.3658
10/22/2007 7:00,2.026033333
10/22/2007 8:00,2.423333333
10/22/2007 9:00,2.089066667
10/22/2007 10:00,1.448733333
10/22/2007 11:00,1.331433333
10/22/2007 12:00,1.326166667
10/22/2007 13:00,1.334366667
10/22/2007 14:00,1.3663
10/22/2007 15:00,1.391166667
10/22/2007 16:00,1.3416
10/22/2007 17:00,1.374833333
10/22/2007 18:00,0.6895
10/22/2007 19:00,1.568133333
10/22/2007 20:00,1.3316
10/22/2007 21:00,1.209166667
10/22/2007 22:00,0.8534
10/22/2007 23:00,0.566833333
10/23/2007 0:00,1.098233333
10/23/2007 1:00,0.293433333
10/23/2007 2:00,0.300766667
10/23/2007 3:00,0.266066667
10/23/2007 4:00,0.302133333
10/23/2007 5:00,0.275233333
10/23/2007 6:00,0.297866667
10/23/2007 7:00,1.979966667
10/23/2007 8:00,2.338533333
10/23/2007 9:00,1.3824
10/23/2007 10:00,1.356733333
10/23/2007 11:00,1.336133333
10/23/2007 12:00,0.980766667
10/23/2007 13:00,0.275566667
10/23/2007 14:00,0.295
10/23/2007 15:00,0.358566667
10/23/2007 16:00,2.888766667
10/23/2007 17:00,4.508366667
10/23/2007 18:00,2.1023
10/23/2007 19:00,2.506266667
10/23/2007 20:00,2.714033333
10/23/2007 21:00,2.1572
10/23/2007 22:00,1.962466667
10/23/2007 23:00,0.634833333
10/24/2007 0:00,0.821133333
10/24/2007 1:00,0.308633333
10/24/2007 2:00,0.289933333
10/24/2007 3:00,0.293
10/24/2007 4:00,0.3164
10/24/2007 5:00,0.285633333
10/24/2007 6:00,0.301966667
10/24/2007 7:00,1.4049
10/24/2007 8:00,1.886033333
10/24/2007 9:00,1.363166667
10/24/2007 10:00,1.372166667
10/24/2007 11:00,2.5847
10/24/2007 12:00,1.0865
10/24/2007 13:00,0.349866667
10/24/2007 14:00,1.0112
10/24/2007 15:00,0.913233333
10/24/2007 16:00,0.3447
10/24/2007 17:00,0.4616
10/24/2007 18:00,1.493766667
10/24/2007 19:00,3.7766
10/24/2007 20:00,3.183033333
10/24/2007 21:00,3.269433333
10/24/2007 22:00,3.1174
10/24/2007 23:00,0.858933333
10/25/2007 0:00,0.651666667
10/25/2007 1:00,0.291966667
10/25/2007 2:00,0.273
10/25/2007 3:00,0.270766667
10/25/2007 4:00,0.276266667
10/25/2007 5:00,0.272166667
10/25/2007 6:00,1.597433333
10/25/2007 7:00,3.239
10/25/2007 8:00,2.483766667
10/25/2007 9:00,1.760066667
10/25/2007 10:00,1.3026
10/25/2007 11:00,1.3034
10/25/2007 12:00,0.5476
10/25/2007 13:00,0.284366667
10/25/2007 14:00,0.359233333
10/25/2007 15:00,0.3983
10/25/2007 16:00,0.418533333
10/25/2007 17:00,0.920766667
10/25/2007 18:00,0.683266667
10/25/2007 19:00,2.239566667
10/25/2007 20:00,2.830266667
10/25/2007 21:00,4.800966667
10/25/2007 22:00,2.4369
10/25/2007 23:00,1.256766667
10/26/2007 0:00,0.785
10/26/2007 1:00,0.482733333
10/26/2007 2:00,0.4886
10/26/2007 3:00,0.481633333
10/26/2007 4:00,0.494433333
10/26/2007 5:00,0.542733333
10/26/2007 6:00,2.2563
10/26/2007 7:00,2.7048
10/26/2007 8:00,2.274933333
10/26/2007 9:00,1.531666667
10/26/2007 10:00,1.5173
10/26/2007 11:00,0.512833333
10/26/2007 12:00,0.459833333
10/26/2007 13:00,0.5193
10/26/2007 14:00,0.521766667
10/26/2007 15:00,0.534433333
10/26/2007 16:00,0.4651
10/26/2007 17:00,0.467333333
10/26/2007 18:00,1.260133333
10/26/2007 19:00,2.041633333
10/26/2007 20:00,0.820133333
10/26/2007 21:00,1.535933333
10/26/2007 22:00,0.788166667
10/26/2007 23:00,0.472733333
10/27/2007 0:00,0.458633333
10/27/2007 1:00,0.481066667
10/27/2007 2:00,1.025333333
10/27/2007 3:00,0.5648
10/27/2007 4:00,0.4751
10/27/2007 5:00,0.4544
10/27/2007 6:00,0.4747
10/27/2007 7:00,1.122266667
10/27/2007 8:00,2.866833333
10/27/2007 9:00,3.191633333
10/27/2007 10:00,4.336766667
10/27/2007 11:00,3.8225
10/27/2007 12:00,2.6971
10/27/2007 13:00,2.2952
10/27/2007 14:00,1.730166667
10/27/2007 15:00,1.3412
10/27/2007 16:00,0.426966667
10/27/2007 17:00,0.264
10/27/2007 18:00,0.376133333
10/27/2007 19:00,0.267933333
10/27/2007 20:00,0.264533333
10/27/2007 21:00,0.2735
10/27/2007 22:00,0.260766667
10/27/2007 23:00,0.289933333
10/28/2007 0:00,0.2585
10/28/2007 1:00,0.312166667
10/28/2007 2:00,0.918266667
10/28/2007 3:00,0.276366667
10/28/2007 4:00,0.2745
10/28/2007 5:00,0.258733333
10/28/2007 6:00,0.2796
10/28/2007 7:00,0.2464
10/28/2007 8:00,0.2669
10/28/2007 9:00,0.275566667
10/28/2007 10:00,0.4741
10/28/2007 11:00,0.257
10/28/2007 12:00,0.661133333
10/28/2007 13:00,0.844733333
10/28/2007 14:00,0.2529
10/28/2007 15:00,0.276666667
10/28/2007 16:00,0.256866667
10/28/2007 17:00,0.251033333
10/28/2007 18:00,0.377733333
10/28/2007 19:00,0.260866667
10/28/2007 20:00,0.2599
10/28/2007 21:00,0.257733333
10/28/2007 22:00,0.2745
10/28/2007 23:00,0.4638
10/29/2007 0:00,1.067
10/29/2007 1:00,0.256533333
10/29/2007 2:00,0.2818
10/29/2007 3:00,0.2624
10/29/2007 4:00,0.251566667
10/29/2007 5:00,0.2795
10/29/2007 6:00,0.265266667
10/29/2007 7:00,0.246
10/29/2007 8:00,0.268
10/29/2007 9:00,0.261833333
10/29/2007 10:00,0.262233333
10/29/2007 11:00,1.2306
10/29/2007 12:00,0.272533333
10/29/2007 13:00,0.2458
10/29/2007 14:00,0.266166667
10/29/2007 15:00,0.2834
10/29/2007 16:00,0.2593
10/29/2007 17:00,0.2952
10/29/2007 18:00,0.2819
10/29/2007 19:00,0.255233333
10/29/2007 20:00,0.247166667
10/29/2007 21:00,0.270366667
10/29/2007 22:00,1.1052
10/29/2007 23:00,0.375466667
10/30/2007 0:00,0.286033333
10/30/2007 1:00,0.253366667
10/30/2007 2:00,0.259133333
10/30/2007 3:00,0.272766667
10/30/2007 4:00,0.256133333
10/30/2007 5:00,0.267366667
10/30/2007 6:00,0.2592
10/30/2007 7:00,0.268133333
10/30/2007 8:00,0.261266667
10/30/2007 9:00,1.029433333
10/30/2007 10:00,0.466233333
10/30/2007 11:00,0.2546
10/30/2007 12:00,0.950766667
10/30/2007 13:00,3.357033333
10/30/2007 14:00,1.383733333
10/30/2007 15:00,1.360266667
10/30/2007 16:00,0.4977
10/30/2007 17:00,0.252
10/30/2007 18:00,0.274966667
10/30/2007 19:00,0.257033333
10/30/2007 20:00,0.2426
10/30/2007 21:00,0.2782
10/30/2007 22:00,0.2681
10/30/2007 23:00,0.260733333
10/31/2007 0:00,0.618833333
10/31/2007 1:00,0.699333333
10/31/2007 2:00,0.261433333
10/31/2007 3:00,0.282466667
10/31/2007 4:00,0.257333333
10/31/2007 5:00,0.260433333
10/31/2007 6:00,0.2868
10/31/2007 7:00,0.241166667
10/31/2007 8:00,0.2622
10/31/2007 9:00,0.278166667
10/31/2007 10:00,0.2564
10/31/2007 11:00,1.186966667
10/31/2007 12:00,2.749633333
10/31/2007 13:00,3.673633333
10/31/2007 14:00,1.7286
10/31/2007 15:00,1.3592
10/31/2007 16:00,1.351633333
10/31/2007 17:00,1.465033333
10/31/2007 18:00,1.959666667
10/31/2007 19:00,1.096866667
10/31/2007 20:00,0.269166667
10/31/2007 21:00,0.260733333
10/31/2007 22:00,0.282
10/31/2007 23:00,0.299133333
11-01-2007 00:00,0.258033333
11-01-2007 01:00,0.275666667
11-01-2007 02:00,0.281466667
11-01-2007 03:00,0.2465
11-01-2007 04:00,0.269433333
11-01-2007 05:00,0.2742
11-01-2007 06:00,0.483566667
11-01-2007 07:00,1.038966667
11-01-2007 08:00,0.2784
11-01-2007 09:00,0.255233333
11-01-2007 10:00,0.237466667
11-01-2007 11:00,0.283033333
11-01-2007 12:00,0.255666667
11-01-2007 13:00,0.255866667
11-01-2007 14:00,0.277866667
11-01-2007 15:00,0.2559
11-01-2007 16:00,0.261733333
11-01-2007 17:00,0.259066667
11-01-2007 18:00,1.2346
11-01-2007 19:00,0.256933333
11-01-2007 20:00,0.252566667
11-01-2007 21:00,0.258366667
11-01-2007 22:00,0.254733333
11-01-2007 23:00,0.265
11-02-2007 00:00,0.261733333
11-02-2007 01:00,0.257533333
11-02-2007 02:00,0.276933333
11-02-2007 03:00,0.247266667
11-02-2007 04:00,0.269433333
11-02-2007 05:00,1.195133333
11-02-2007 06:00,0.3027
11-02-2007 07:00,0.263733333
11-02-2007 08:00,0.276066667
11-02-2007 09:00,0.241966667
11-02-2007 10:00,0.2867
11-02-2007 11:00,2.2435
11-02-2007 12:00,2.656433333
11-02-2007 13:00,2.312266667
11-02-2007 14:00,1.4636
11-02-2007 15:00,1.353333333
11-02-2007 16:00,1.345366667
11-02-2007 17:00,3.0781
11-02-2007 18:00,1.279266667
11-02-2007 19:00,1.277666667
11-02-2007 20:00,1.289966667
11-02-2007 21:00,1.267
11-02-2007 22:00,0.3375
11-02-2007 23:00,0.276833333
11-03-2007 00:00,0.255133333
11-03-2007 01:00,0.264066667
11-03-2007 02:00,0.2653
11-03-2007 03:00,0.263066667
11-03-2007 04:00,0.2707
11-03-2007 05:00,0.254733333
11-03-2007 06:00,0.265633333
11-03-2007 07:00,0.2644
11-03-2007 08:00,0.903066667
11-03-2007 09:00,0.588766667
11-03-2007 10:00,0.257733333
11-03-2007 11:00,0.271466667
11-03-2007 12:00,0.230733333
11-03-2007 13:00,0.258833333
11-03-2007 14:00,0.2766
11-03-2007 15:00,0.253466667
11-03-2007 16:00,0.277666667
11-03-2007 17:00,0.280633333
11-03-2007 18:00,0.252133333
11-03-2007 19:00,0.643666667
11-03-2007 20:00,0.832233333
11-03-2007 21:00,0.257933333
11-03-2007 22:00,0.252366667
11-03-2007 23:00,0.268833333
11-04-2007 00:00,0.280666667
11-04-2007 01:00,0.259533333
11-04-2007 02:00,0.264533333
11-04-2007 03:00,0.270833333
11-04-2007 04:00,0.265733333
11-04-2007 05:00,0.274666667
11-04-2007 06:00,0.518933333
11-04-2007 07:00,0.9623
11-04-2007 08:00,0.275066667
11-04-2007 09:00,0.261166667
11-04-2007 10:00,0.273266667
11-04-2007 11:00,0.275266667
11-04-2007 12:00,0.290033333
11-04-2007 13:00,0.266933333
11-04-2007 14:00,0.871166667
11-04-2007 15:00,1.110966667
11-04-2007 16:00,0.7918
11-04-2007 17:00,2.503966667
11-04-2007 18:00,4.843566667
11-04-2007 19:00,2.9293
11-04-2007 20:00,1.8956
11-04-2007 21:00,3.0963
11-04-2007 22:00,1.608733333
11-04-2007 23:00,0.3711
11-05-2007 00:00,0.357666667
11-05-2007 01:00,0.308066667
11-05-2007 02:00,0.2981
11-05-2007 03:00,0.3181
11-05-2007 04:00,0.3106
11-05-2007 05:00,0.4257
11-05-2007 06:00,0.941
11-05-2007 07:00,1.536666667
11-05-2007 08:00,1.4708
11-05-2007 09:00,1.438733333
11-05-2007 10:00,1.371633333
11-05-2007 11:00,1.079
11-05-2007 12:00,0.308033333
11-05-2007 13:00,1.1723
11-05-2007 14:00,1.264766667
11-05-2007 15:00,0.879633333
11-05-2007 16:00,0.280633333
11-05-2007 17:00,0.6881
11-05-2007 18:00,1.989266667
11-05-2007 19:00,2.243766667
11-05-2007 20:00,1.7039
11-05-2007 21:00,1.680066667
11-05-2007 22:00,1.706433333
11-05-2007 23:00,1.2369
11-06-2007 00:00,1.7592
11-06-2007 01:00,1.103566667
11-06-2007 02:00,1.189966667
11-06-2007 03:00,1.048966667
11-06-2007 04:00,0.592233333
11-06-2007 05:00,0.289666667
11-06-2007 06:00,0.693033333
11-06-2007 07:00,0.944366667
11-06-2007 08:00,2.122033333
11-06-2007 09:00,1.865266667
11-06-2007 10:00,1.8486
11-06-2007 11:00,3.214033333
11-06-2007 12:00,2.8554
11-06-2007 13:00,2.223566667
11-06-2007 14:00,1.426533333
11-06-2007 15:00,1.433833333
11-06-2007 16:00,0.766666667
11-06-2007 17:00,0.732566667
11-06-2007 18:00,1.525433333
11-06-2007 19:00,2.2011
11-06-2007 20:00,2.8774
11-06-2007 21:00,0.871166667
11-06-2007 22:00,0.763633333
11-06-2007 23:00,0.358066667
11-07-2007 00:00,0.344533333
11-07-2007 01:00,0.292833333
11-07-2007 02:00,0.941066667
11-07-2007 03:00,0.303
11-07-2007 04:00,0.267333333
11-07-2007 05:00,0.290533333
11-07-2007 06:00,0.597233333
11-07-2007 07:00,2.116233333
11-07-2007 08:00,1.447066667
11-07-2007 09:00,1.405133333
11-07-2007 10:00,1.354066667
11-07-2007 11:00,0.326366667
11-07-2007 12:00,0.531
11-07-2007 13:00,1.010866667
11-07-2007 14:00,1.010033333
11-07-2007 15:00,0.365266667
11-07-2007 16:00,1.079966667
11-07-2007 17:00,2.486266667
11-07-2007 18:00,2.716
11-07-2007 19:00,4.483366667
11-07-2007 20:00,2.429266667
11-07-2007 21:00,2.7556
11-07-2007 22:00,1.318166667
11-07-2007 23:00,0.874766667
11-08-2007 00:00,0.3018
11-08-2007 01:00,0.315566667
11-08-2007 02:00,0.2739
11-08-2007 03:00,0.3068
11-08-2007 04:00,0.2987
11-08-2007 05:00,0.279533333
11-08-2007 06:00,0.331566667
11-08-2007 07:00,1.219966667
11-08-2007 08:00,1.9536
11-08-2007 09:00,1.559633333
11-08-2007 10:00,1.5716
11-08-2007 11:00,1.576833333
11-08-2007 12:00,0.758
11-08-2007 13:00,0.310933333
11-08-2007 14:00,0.352233333
11-08-2007 15:00,0.333366667
11-08-2007 16:00,0.329233333
11-08-2007 17:00,0.502333333
11-08-2007 18:00,1.376266667
11-08-2007 19:00,2.298733333
11-08-2007 20:00,3.083333333
11-08-2007 21:00,3.3366
11-08-2007 22:00,2.002766667
11-08-2007 23:00,0.344366667
11-09-2007 00:00,0.282133333
11-09-2007 01:00,0.303566667
11-09-2007 02:00,0.296833333
11-09-2007 03:00,0.2891
11-09-2007 04:00,0.7901
11-09-2007 05:00,0.374633333
11-09-2007 06:00,0.5535
11-09-2007 07:00,2.071633333
11-09-2007 08:00,1.806433333
11-09-2007 09:00,1.333566667
11-09-2007 10:00,1.350433333
11-09-2007 11:00,1.516466667
11-09-2007 12:00,2.511333333
11-09-2007 13:00,3.8873
11-09-2007 14:00,2.8083
11-09-2007 15:00,1.621633333
11-09-2007 16:00,1.459566667
11-09-2007 17:00,1.4952
11-09-2007 18:00,2.5231
11-09-2007 19:00,2.4301
11-09-2007 20:00,1.761
11-09-2007 21:00,2.023
11-09-2007 22:00,2.218066667
11-09-2007 23:00,0.4801
11-10-2007 00:00,0.332133333
11-10-2007 01:00,0.293066667
11-10-2007 02:00,0.290933333
11-10-2007 03:00,0.305733333
11-10-2007 04:00,0.265033333
11-10-2007 05:00,0.306466667
11-10-2007 06:00,0.9894
11-10-2007 07:00,1.104266667
11-10-2007 08:00,2.301833333
11-10-2007 09:00,2.969066667
11-10-2007 10:00,1.786166667
11-10-2007 11:00,1.6155
11-10-2007 12:00,1.940033333
11-10-2007 13:00,1.6109
11-10-2007 14:00,1.074666667
11-10-2007 15:00,1.017633333
11-10-2007 16:00,0.887666667
11-10-2007 17:00,3.053233333
11-10-2007 18:00,3.979066667
11-10-2007 19:00,4.191233333
11-10-2007 20:00,3.541933333
11-10-2007 21:00,3.1991
11-10-2007 22:00,3.126933333
11-10-2007 23:00,3.344666667
11-11-2007 00:00,3.1856
11-11-2007 01:00,1.5539
11-11-2007 02:00,0.956666667
11-11-2007 03:00,0.457933333
11-11-2007 04:00,1.0703
11-11-2007 05:00,0.431033333
11-11-2007 06:00,0.4169
11-11-2007 07:00,0.424433333
11-11-2007 08:00,0.4395
11-11-2007 09:00,1.199266667
11-11-2007 10:00,1.5636
11-11-2007 11:00,1.657933333
11-11-2007 12:00,1.7268
11-11-2007 13:00,0.5882
11-11-2007 14:00,0.3302
11-11-2007 15:00,1.127466667
11-11-2007 16:00,0.8602
11-11-2007 17:00,1.5106
11-11-2007 18:00,1.985766667
11-11-2007 19:00,3.7612
11-11-2007 20:00,3.298233333
11-11-2007 21:00,1.851466667
11-11-2007 22:00,0.691966667
11-11-2007 23:00,0.3629
11-12-2007 00:00,0.318066667
11-12-2007 01:00,0.3229
11-12-2007 02:00,0.8652
11-12-2007 03:00,0.3069
11-12-2007 04:00,0.315
11-12-2007 05:00,0.317833333
11-12-2007 06:00,0.561966667
11-12-2007 07:00,3.031833333
11-12-2007 08:00,2.575066667
11-12-2007 09:00,1.847633333
11-12-2007 10:00,1.854566667
11-12-2007 11:00,1.352566667
11-12-2007 12:00,1.348933333
11-12-2007 13:00,1.3406
11-12-2007 14:00,1.356866667
11-12-2007 15:00,1.358266667
11-12-2007 16:00,1.362566667
11-12-2007 17:00,1.404566667
11-12-2007 18:00,1.158633333
11-12-2007 19:00,3.178466667
11-12-2007 20:00,4.759833333
11-12-2007 21:00,2.553266667
11-12-2007 22:00,1.294066667
11-12-2007 23:00,1.150166667
11/13/2007 0:00,0.3737
11/13/2007 1:00,0.291866667
11/13/2007 2:00,0.2988
11/13/2007 3:00,0.3135
11/13/2007 4:00,0.9745
11/13/2007 5:00,0.3033
11/13/2007 6:00,0.956233333
11/13/2007 7:00,2.420466667
11/13/2007 8:00,2.537266667
11/13/2007 9:00,0.805933333
11/13/2007 10:00,0.3307
11/13/2007 11:00,0.333966667
11/13/2007 12:00,0.345766667
11/13/2007 13:00,1.575066667
11/13/2007 14:00,2.01
11/13/2007 15:00,4.638666667
11/13/2007 16:00,3.218
11/13/2007 17:00,3.215933333
11/13/2007 18:00,3.213966667
11/13/2007 19:00,2.308
11/13/2007 20:00,2.827433333
11/13/2007 21:00,2.6124
11/13/2007 22:00,0.6545
11/13/2007 23:00,0.346666667
11/14/2007 0:00,0.337766667
11/14/2007 1:00,0.307066667
11/14/2007 2:00,0.2932
11/14/2007 3:00,0.309033333
11/14/2007 4:00,0.277566667
11/14/2007 5:00,0.5176
11/14/2007 6:00,1.1312
11/14/2007 7:00,1.8918
11/14/2007 8:00,2.27
11/14/2007 9:00,1.4351
11/14/2007 10:00,1.434633333
11/14/2007 11:00,1.697966667
11/14/2007 12:00,1.367566667
11/14/2007 13:00,1.658433333
11/14/2007 14:00,2.187533333
11/14/2007 15:00,1.544566667
11/14/2007 16:00,1.420933333
11/14/2007 17:00,1.5442
11/14/2007 18:00,1.619933333
11/14/2007 19:00,2.372666667
11/14/2007 20:00,2.6945
11/14/2007 21:00,2.240166667
11/14/2007 22:00,2.092833333
11/14/2007 23:00,1.486966667
11/15/2007 0:00,1.3832
11/15/2007 1:00,0.369766667
11/15/2007 2:00,0.3086
11/15/2007 3:00,0.270833333
11/15/2007 4:00,0.3007
11/15/2007 5:00,0.289933333
11/15/2007 6:00,0.817066667
11/15/2007 7:00,2.0615
11/15/2007 8:00,2.091066667
11/15/2007 9:00,1.356333333
11/15/2007 10:00,1.316866667
11/15/2007 11:00,1.2071
11/15/2007 12:00,0.299733333
11/15/2007 13:00,0.2652
11/15/2007 14:00,0.514466667
11/15/2007 15:00,0.4784
11/15/2007 16:00,0.4028
11/15/2007 17:00,0.313933333
11/15/2007 18:00,0.827766667
11/15/2007 19:00,3.093733333
11/15/2007 20:00,2.0821
11/15/2007 21:00,2.6894
11/15/2007 22:00,1.1946
11/15/2007 23:00,0.931366667
11/16/2007 0:00,0.319033333
11/16/2007 1:00,0.275066667
11/16/2007 2:00,0.299566667
11/16/2007 3:00,0.2882
11/16/2007 4:00,0.2917
11/16/2007 5:00,0.286266667
11/16/2007 6:00,0.826533333
11/16/2007 7:00,2.7895
11/16/2007 8:00,2.075666667
11/16/2007 9:00,1.5885
11/16/2007 10:00,1.413733333
11/16/2007 11:00,1.627566667
11/16/2007 12:00,1.412033333
11/16/2007 13:00,3.7717
11/16/2007 14:00,2.8027
11/16/2007 15:00,2.7296
11/16/2007 16:00,2.5121
11/16/2007 17:00,2.477433333
11/16/2007 18:00,2.7812
11/16/2007 19:00,1.844866667
11/16/2007 20:00,3.198633333
11/16/2007 21:00,1.4926
11/16/2007 22:00,0.663466667
11/16/2007 23:00,0.728233333
11/17/2007 0:00,0.938366667
11/17/2007 1:00,0.2737
11/17/2007 2:00,0.2887
11/17/2007 3:00,0.294533333
11/17/2007 4:00,0.2612
11/17/2007 5:00,0.313633333
11/17/2007 6:00,0.269966667
11/17/2007 7:00,0.536533333
11/17/2007 8:00,1.973566667
11/17/2007 9:00,1.425766667
11/17/2007 10:00,1.4114
11/17/2007 11:00,1.8255
11/17/2007 12:00,1.807266667
11/17/2007 13:00,1.8611
11/17/2007 14:00,3.1913
11/17/2007 15:00,2.223333333
11/17/2007 16:00,1.978666667
11/17/2007 17:00,1.832433333
11/17/2007 18:00,4.912366667
11/17/2007 19:00,4.310266667
11/17/2007 20:00,3.477466667
11/17/2007 21:00,2.847233333
11/17/2007 22:00,2.247133333
11/17/2007 23:00,3.000133333
11/18/2007 0:00,3.265866667
11/18/2007 1:00,1.375033333
11/18/2007 2:00,0.891566667
11/18/2007 3:00,0.345166667
11/18/2007 4:00,0.3023
11/18/2007 5:00,0.3122
11/18/2007 6:00,0.3285
11/18/2007 7:00,0.314733333
11/18/2007 8:00,1.121233333
11/18/2007 9:00,0.4961
11/18/2007 10:00,1.670766667
11/18/2007 11:00,2.4254
11/18/2007 12:00,2.2949
11/18/2007 13:00,0.640366667
11/18/2007 14:00,1.041733333
11/18/2007 15:00,0.360466667
11/18/2007 16:00,1.933766667
11/18/2007 17:00,1.9223
11/18/2007 18:00,2.5912
11/18/2007 19:00,3.696333333
11/18/2007 20:00,4.216366667
11/18/2007 21:00,2.9707
11/18/2007 22:00,1.527766667
11/18/2007 23:00,0.352866667
11/19/2007 0:00,0.312433333
11/19/2007 1:00,0.2661
11/19/2007 2:00,0.316366667
11/19/2007 3:00,0.2734
11/19/2007 4:00,0.3018
11/19/2007 5:00,0.2814
11/19/2007 6:00,1.086633333
11/19/2007 7:00,2.2573
11/19/2007 8:00,1.432666667
11/19/2007 9:00,1.333433333
11/19/2007 10:00,1.322933333
11/19/2007 11:00,1.352933333
11/19/2007 12:00,1.347
11/19/2007 13:00,1.3462
11/19/2007 14:00,0.5512
11/19/2007 15:00,0.304933333
11/19/2007 16:00,0.272
11/19/2007 17:00,0.9028
11/19/2007 18:00,2.037966667
11/19/2007 19:00,3.386933333
11/19/2007 20:00,3.815833333
11/19/2007 21:00,2.736466667
11/19/2007 22:00,1.201733333
11/19/2007 23:00,0.2871
11/20/2007 0:00,0.867533333
11/20/2007 1:00,0.293066667
11/20/2007 2:00,0.283333333
11/20/2007 3:00,0.29
11/20/2007 4:00,0.285033333
11/20/2007 5:00,0.282466667
11/20/2007 6:00,1.131866667
11/20/2007 7:00,2.638166667
11/20/2007 8:00,2.227366667
11/20/2007 9:00,1.379766667
11/20/2007 10:00,2.050633333
11/20/2007 11:00,3.358633333
11/20/2007 12:00,1.454566667
11/20/2007 13:00,1.414533333
11/20/2007 14:00,1.4655
11/20/2007 15:00,2.203133333
11/20/2007 16:00,0.3546
11/20/2007 17:00,0.918166667
11/20/2007 18:00,1.316366667
11/20/2007 19:00,1.5276
11/20/2007 20:00,3.2057
11/20/2007 21:00,2.356266667
11/20/2007 22:00,2.221533333
11/20/2007 23:00,1.4051
11/21/2007 0:00,0.3201
11/21/2007 1:00,0.312166667
11/21/2007 2:00,0.346533333
11/21/2007 3:00,0.293766667
11/21/2007 4:00,0.3117
11/21/2007 5:00,0.3194
11/21/2007 6:00,0.892366667
11/21/2007 7:00,1.771866667
11/21/2007 8:00,2.007733333
11/21/2007 9:00,2.061633333
11/21/2007 10:00,1.847266667
11/21/2007 11:00,0.5445
11/21/2007 12:00,1.201966667
11/21/2007 13:00,0.466566667
11/21/2007 14:00,0.3295
11/21/2007 15:00,0.3422
11/21/2007 16:00,0.9095
11/21/2007 17:00,1.318533333
11/21/2007 18:00,1.8622
11/21/2007 19:00,2.0124
11/21/2007 20:00,3.080533333
11/21/2007 21:00,2.8956
11/21/2007 22:00,2.683133333
11/21/2007 23:00,1.1141
11/22/2007 0:00,0.314
11/22/2007 1:00,0.280533333
11/22/2007 2:00,0.271966667
11/22/2007 3:00,0.314833333
11/22/2007 4:00,0.2617
11/22/2007 5:00,0.2831
11/22/2007 6:00,0.784966667
11/22/2007 7:00,2.3688
11/22/2007 8:00,1.2895
11/22/2007 9:00,0.597433333
11/22/2007 10:00,1.3747
11/22/2007 11:00,1.323333333
11/22/2007 12:00,1.3509
11/22/2007 13:00,1.415733333
11/22/2007 14:00,1.157333333
11/22/2007 15:00,0.563566667
11/22/2007 16:00,0.571566667
11/22/2007 17:00,0.884333333
11/22/2007 18:00,2.2059
11/22/2007 19:00,4.583066667
11/22/2007 20:00,3.8522
11/22/2007 21:00,2.630966667
11/22/2007 22:00,2.556933333
11/22/2007 23:00,0.968933333
11/23/2007 0:00,0.2801
11/23/2007 1:00,0.304366667
11/23/2007 2:00,0.2728
11/23/2007 3:00,0.313833333
11/23/2007 4:00,0.282733333
11/23/2007 5:00,0.305566667
11/23/2007 6:00,2.384933333
11/23/2007 7:00,2.504066667
11/23/2007 8:00,1.7871
11/23/2007 9:00,1.340066667
11/23/2007 10:00,1.339333333
11/23/2007 11:00,1.723833333
11/23/2007 12:00,4.1297
11/23/2007 13:00,3.450766667
11/23/2007 14:00,2.343166667
11/23/2007 15:00,1.428066667
11/23/2007 16:00,1.357466667
11/23/2007 17:00,0.832766667
11/23/2007 18:00,1.016266667
11/23/2007 19:00,2.566233333
11/23/2007 20:00,2.066333333
11/23/2007 21:00,3.517633333
11/23/2007 22:00,4.401633333
11/23/2007 23:00,2.094866667
11/24/2007 0:00,1.793733333
11/24/2007 1:00,0.9447
11/24/2007 2:00,0.701333333
11/24/2007 3:00,0.329033333
11/24/2007 4:00,0.293933333
11/24/2007 5:00,0.314566667
11/24/2007 6:00,0.3285
11/24/2007 7:00,0.3192
11/24/2007 8:00,1.973066667
11/24/2007 9:00,2.077633333
11/24/2007 10:00,1.4284
11/24/2007 11:00,3.779966667
11/24/2007 12:00,2.823633333
11/24/2007 13:00,2.323533333
11/24/2007 14:00,1.488366667
11/24/2007 15:00,1.929333333
11/24/2007 16:00,1.3914
11/24/2007 17:00,1.3418
11/24/2007 18:00,1.366
11/24/2007 19:00,0.744633333
11/24/2007 20:00,1.172366667
11/24/2007 21:00,1.988733333
11/24/2007 22:00,0.501566667
11/24/2007 23:00,0.295466667
11/25/2007 0:00,0.2933
11/25/2007 1:00,0.2956
11/25/2007 2:00,0.306766667
11/25/2007 3:00,0.2731
11/25/2007 4:00,0.316566667
11/25/2007 5:00,0.268033333
11/25/2007 6:00,0.8349
11/25/2007 7:00,0.554966667
11/25/2007 8:00,0.272333333
11/25/2007 9:00,0.654066667
11/25/2007 10:00,0.581266667
11/25/2007 11:00,0.477633333
11/25/2007 12:00,2.319333333
11/25/2007 13:00,1.631333333
11/25/2007 14:00,1.3794
11/25/2007 15:00,1.079833333
11/25/2007 16:00,0.298633333
11/25/2007 17:00,0.287266667
11/25/2007 18:00,1.323266667
11/25/2007 19:00,3.1197
11/25/2007 20:00,3.751233333
11/25/2007 21:00,1.607633333
11/25/2007 22:00,1.0445
11/25/2007 23:00,0.2893
11/26/2007 0:00,0.306766667
11/26/2007 1:00,0.267433333
11/26/2007 2:00,0.3072
11/26/2007 3:00,0.311366667
11/26/2007 4:00,0.916833333
11/26/2007 5:00,0.2759
11/26/2007 6:00,0.4593
11/26/2007 7:00,2.502366667
11/26/2007 8:00,1.623133333
11/26/2007 9:00,1.5253
11/26/2007 10:00,1.539933333
11/26/2007 11:00,0.660933333
11/26/2007 12:00,1.7014
11/26/2007 13:00,1.440366667
11/26/2007 14:00,0.553033333
11/26/2007 15:00,0.3227
11/26/2007 16:00,0.267466667
11/26/2007 17:00,0.432766667
11/26/2007 18:00,0.8298
11/26/2007 19:00,2.851633333
11/26/2007 20:00,3.270766667
11/26/2007 21:00,1.934366667
11/26/2007 22:00,1.563266667
11/26/2007 23:00,0.2979
11/27/2007 0:00,0.865933333
11/27/2007 1:00,0.2864
11/27/2007 2:00,0.302366667
11/27/2007 3:00,0.284333333
11/27/2007 4:00,0.289866667
11/27/2007 5:00,0.289266667
11/27/2007 6:00,1.783333333
11/27/2007 7:00,2.9497
11/27/2007 8:00,2.9461
11/27/2007 9:00,1.627166667
11/27/2007 10:00,4.0636
11/27/2007 11:00,4.310966667
11/27/2007 12:00,2.989833333
11/27/2007 13:00,3.464866667
11/27/2007 14:00,2.257533333
11/27/2007 15:00,1.445633333
11/27/2007 16:00,1.445933333
11/27/2007 17:00,1.088233333
11/27/2007 18:00,2.345033333
11/27/2007 19:00,2.231133333
11/27/2007 20:00,2.512833333
11/27/2007 21:00,1.936066667
11/27/2007 22:00,3.398933333
11/27/2007 23:00,1.568466667
11/28/2007 0:00,0.5081
11/28/2007 1:00,0.369166667
11/28/2007 2:00,0.350766667
11/28/2007 3:00,0.365166667
11/28/2007 4:00,0.348933333
11/28/2007 5:00,0.3628
11/28/2007 6:00,0.998033333
11/28/2007 7:00,2.794966667
11/28/2007 8:00,1.6949
11/28/2007 9:00,2.0929
11/28/2007 10:00,1.989466667
11/28/2007 11:00,1.404333333
11/28/2007 12:00,0.711566667
11/28/2007 13:00,0.393966667
11/28/2007 14:00,0.366366667
11/28/2007 15:00,0.391466667
11/28/2007 16:00,0.3452
11/28/2007 17:00,1.061166667
11/28/2007 18:00,1.910633333
11/28/2007 19:00,2.101633333
11/28/2007 20:00,2.5258
11/28/2007 21:00,2.617066667
11/28/2007 22:00,1.387466667
11/28/2007 23:00,0.3238
11/29/2007 0:00,0.294933333
11/29/2007 1:00,0.285233333
11/29/2007 2:00,0.3003
11/29/2007 3:00,0.285666667
11/29/2007 4:00,0.2819
11/29/2007 5:00,0.532033333
11/29/2007 6:00,0.708433333
11/29/2007 7:00,2.911266667
11/29/2007 8:00,2.865433333
11/29/2007 9:00,2.174533333
11/29/2007 10:00,1.619766667
11/29/2007 11:00,1.589366667
11/29/2007 12:00,1.486666667
11/29/2007 13:00,1.2989
11/29/2007 14:00,0.474966667
11/29/2007 15:00,0.2821
11/29/2007 16:00,0.308933333
11/29/2007 17:00,0.7284
11/29/2007 18:00,1.1169
11/29/2007 19:00,1.642
11/29/2007 20:00,2.464233333
11/29/2007 21:00,3.179033333
11/29/2007 22:00,1.259333333
11/29/2007 23:00,0.568233333
11/30/2007 0:00,0.498133333
11/30/2007 1:00,1.2589
11/30/2007 2:00,0.4625
11/30/2007 3:00,0.4552
11/30/2007 4:00,0.456766667
11/30/2007 5:00,0.445166667
11/30/2007 6:00,1.495166667
11/30/2007 7:00,2.238333333
11/30/2007 8:00,2.3092
11/30/2007 9:00,1.968266667
11/30/2007 10:00,1.699966667
11/30/2007 11:00,1.606333333
11/30/2007 12:00,2.701466667
11/30/2007 13:00,4.563233333
11/30/2007 14:00,3.090666667
11/30/2007 15:00,2.7311
11/30/2007 16:00,1.467166667
11/30/2007 17:00,0.589433333
11/30/2007 18:00,2.477666667
11/30/2007 19:00,1.918566667
11/30/2007 20:00,2.309233333
11/30/2007 21:00,0.968933333
11/30/2007 22:00,0.7934
11/30/2007 23:00,0.357333333
12-01-2007 00:00,0.439933333
12-01-2007 01:00,0.392533333
12-01-2007 02:00,0.273033333
12-01-2007 03:00,0.336866667
12-01-2007 04:00,0.903366667
12-01-2007 05:00,0.268933333
12-01-2007 06:00,0.309166667
12-01-2007 07:00,1.3852
12-01-2007 08:00,2.251033333
12-01-2007 09:00,1.945233333
12-01-2007 10:00,3.006666667
12-01-2007 11:00,3.1564
12-01-2007 12:00,2.7982
12-01-2007 13:00,2.7507
12-01-2007 14:00,1.915966667
12-01-2007 15:00,2.460933333
12-01-2007 16:00,1.646733333
12-01-2007 17:00,3.669866667
12-01-2007 18:00,4.209933333
12-01-2007 19:00,2.9485
12-01-2007 20:00,3.620933333
12-01-2007 21:00,5.139566667
12-01-2007 22:00,3.669533333
12-01-2007 23:00,2.7498
12-02-2007 00:00,1.840966667
12-02-2007 01:00,2.559133333
12-02-2007 02:00,2.080966667
12-02-2007 03:00,1.3126
12-02-2007 04:00,1.138533333
12-02-2007 05:00,1.156066667
12-02-2007 06:00,0.577033333
12-02-2007 07:00,0.2464
12-02-2007 08:00,1.048233333
12-02-2007 09:00,0.889333333
12-02-2007 10:00,0.894066667
12-02-2007 11:00,1.9325
12-02-2007 12:00,3.0761
12-02-2007 13:00,3.6045
12-02-2007 14:00,3.810266667
12-02-2007 15:00,4.410166667
12-02-2007 16:00,4.1104
12-02-2007 17:00,2.033633333
12-02-2007 18:00,2.361933333
12-02-2007 19:00,2.785233333
12-02-2007 20:00,2.135033333
12-02-2007 21:00,3.420333333
12-02-2007 22:00,1.196466667
12-02-2007 23:00,0.483233333
12-03-2007 00:00,0.4786
12-03-2007 01:00,0.4561
12-03-2007 02:00,0.469466667
12-03-2007 03:00,0.488833333
12-03-2007 04:00,0.434333333
12-03-2007 05:00,1.113266667
12-03-2007 06:00,1.6696
12-03-2007 07:00,2.059433333
12-03-2007 08:00,2.0912
12-03-2007 09:00,1.876
12-03-2007 10:00,1.357366667
12-03-2007 11:00,1.354333333
12-03-2007 12:00,0.861633333
12-03-2007 13:00,0.288
12-03-2007 14:00,0.3027
12-03-2007 15:00,0.291233333
12-03-2007 16:00,0.3103
12-03-2007 17:00,0.706733333
12-03-2007 18:00,1.451733333
12-03-2007 19:00,3.161733333
12-03-2007 20:00,2.838866667
12-03-2007 21:00,1.948133333
12-03-2007 22:00,1.932
12-03-2007 23:00,1.426066667
12-04-2007 00:00,1.282433333
12-04-2007 01:00,0.2849
12-04-2007 02:00,0.303166667
12-04-2007 03:00,0.279133333
12-04-2007 04:00,0.299466667
12-04-2007 05:00,0.292566667
12-04-2007 06:00,1.597033333
12-04-2007 07:00,2.441833333
12-04-2007 08:00,1.445433333
12-04-2007 09:00,0.701166667
12-04-2007 10:00,0.3024
12-04-2007 11:00,1.7451
12-04-2007 12:00,4.054033333
12-04-2007 13:00,3.145866667
12-04-2007 14:00,1.400733333
12-04-2007 15:00,0.736166667
12-04-2007 16:00,0.376133333
12-04-2007 17:00,0.468166667
12-04-2007 18:00,1.577633333
12-04-2007 19:00,1.6923
12-04-2007 20:00,2.4918
12-04-2007 21:00,5.066066667
12-04-2007 22:00,1.768266667
12-04-2007 23:00,0.7088
12-05-2007 00:00,0.5198
12-05-2007 01:00,0.4735
12-05-2007 02:00,0.471933333
12-05-2007 03:00,0.462666667
12-05-2007 04:00,0.470066667
12-05-2007 05:00,1.0409
12-05-2007 06:00,1.5184
12-05-2007 07:00,2.290966667
12-05-2007 08:00,1.681433333
12-05-2007 09:00,1.339533333
12-05-2007 10:00,1.4016
12-05-2007 11:00,3.045833333
12-05-2007 12:00,2.2151
12-05-2007 13:00,1.446066667
12-05-2007 14:00,1.445733333
12-05-2007 15:00,0.494533333
12-05-2007 16:00,0.575866667
12-05-2007 17:00,0.717633333
12-05-2007 18:00,1.9607
12-05-2007 19:00,4.282633333
12-05-2007 20:00,2.92
12-05-2007 21:00,3.440466667
12-05-2007 22:00,1.173133333
12-05-2007 23:00,0.496833333
12-06-2007 00:00,0.499433333
12-06-2007 01:00,0.4465
12-06-2007 02:00,0.4996
12-06-2007 03:00,0.464733333
12-06-2007 04:00,0.455466667
12-06-2007 05:00,0.5468
12-06-2007 06:00,2.0744
12-06-2007 07:00,2.258166667
12-06-2007 08:00,2.782933333
12-06-2007 09:00,2.259866667
12-06-2007 10:00,1.719966667
12-06-2007 11:00,1.574266667
12-06-2007 12:00,1.528566667
12-06-2007 13:00,1.499166667
12-06-2007 14:00,1.675033333
12-06-2007 15:00,0.862766667
12-06-2007 16:00,0.269666667
12-06-2007 17:00,1.708833333
12-06-2007 18:00,1.7647
12-06-2007 19:00,2.569866667
12-06-2007 20:00,4.739033333
12-06-2007 21:00,2.9352
12-06-2007 22:00,3.642
12-06-2007 23:00,2.6886
12-07-2007 00:00,0.984433333
12-07-2007 01:00,0.7202
12-07-2007 02:00,0.580033333
12-07-2007 03:00,0.326433333
12-07-2007 04:00,0.292166667
12-07-2007 05:00,0.290633333
12-07-2007 06:00,0.599833333
12-07-2007 07:00,2.344666667
12-07-2007 08:00,2.151833333
12-07-2007 09:00,1.388266667
12-07-2007 10:00,1.3369
12-07-2007 11:00,1.359166667
12-07-2007 12:00,2.537233333
12-07-2007 13:00,3.494866667
12-07-2007 14:00,2.311333333
12-07-2007 15:00,1.272766667
12-07-2007 16:00,0.8627
12-07-2007 17:00,1.680566667
12-07-2007 18:00,1.300333333
12-07-2007 19:00,1.301966667
12-07-2007 20:00,0.702433333
12-07-2007 21:00,0.3076
12-07-2007 22:00,0.4087
12-07-2007 23:00,0.928533333
12-08-2007 00:00,0.358566667
12-08-2007 01:00,0.2704
12-08-2007 02:00,0.322566667
12-08-2007 03:00,0.901866667
12-08-2007 04:00,0.281566667
12-08-2007 05:00,0.303566667
12-08-2007 06:00,0.285866667
12-08-2007 07:00,1.194133333
12-08-2007 08:00,2.631033333
12-08-2007 09:00,1.961733333
12-08-2007 10:00,1.789166667
12-08-2007 11:00,1.804
12-08-2007 12:00,2.0256
12-08-2007 13:00,0.856866667
12-08-2007 14:00,0.746633333
12-08-2007 15:00,2.293333333
12-08-2007 16:00,1.364
12-08-2007 17:00,1.3081
12-08-2007 18:00,3.895366667
12-08-2007 19:00,3.345033333
12-08-2007 20:00,5.212933333
12-08-2007 21:00,1.603566667
12-08-2007 22:00,1.476366667
12-08-2007 23:00,0.6578
12-09-2007 00:00,0.400966667
12-09-2007 01:00,0.364966667
12-09-2007 02:00,0.5915
12-09-2007 03:00,0.3066
12-09-2007 04:00,0.280966667
12-09-2007 05:00,0.315466667
12-09-2007 06:00,0.2935
12-09-2007 07:00,0.870866667
12-09-2007 08:00,0.757966667
12-09-2007 09:00,0.4075
12-09-2007 10:00,0.881066667
12-09-2007 11:00,2.0378
12-09-2007 12:00,0.598466667
12-09-2007 13:00,1.7124
12-09-2007 14:00,2.393466667
12-09-2007 15:00,2.002433333
12-09-2007 16:00,4.8082
12-09-2007 17:00,3.898166667
12-09-2007 18:00,4.205133333
12-09-2007 19:00,4.611133333
12-09-2007 20:00,3.649766667
12-09-2007 21:00,1.600033333
12-09-2007 22:00,0.627866667
12-09-2007 23:00,0.2935
12-10-2007 00:00,0.293466667
12-10-2007 01:00,0.295266667
12-10-2007 02:00,0.284933333
12-10-2007 03:00,0.309533333
12-10-2007 04:00,0.743633333
12-10-2007 05:00,0.306966667
12-10-2007 06:00,0.802366667
12-10-2007 07:00,3.216266667
12-10-2007 08:00,1.8122
12-10-2007 09:00,1.520133333
12-10-2007 10:00,1.522133333
12-10-2007 11:00,1.5229
12-10-2007 12:00,1.032666667
12-10-2007 13:00,0.466533333
12-10-2007 14:00,0.454166667
12-10-2007 15:00,0.4697
12-10-2007 16:00,0.455366667
12-10-2007 17:00,1.406433333
12-10-2007 18:00,3.154033333
12-10-2007 19:00,2.298833333
12-10-2007 20:00,2.584566667
12-10-2007 21:00,3.064533333
12-10-2007 22:00,0.893833333
12-10-2007 23:00,0.4021
12-11-2007 00:00,0.286166667
12-11-2007 01:00,0.296066667
12-11-2007 02:00,0.262466667
12-11-2007 03:00,0.318466667
12-11-2007 04:00,0.881266667
12-11-2007 05:00,0.277433333
12-11-2007 06:00,0.616033333
12-11-2007 07:00,1.5146
12-11-2007 08:00,2.455466667
12-11-2007 09:00,1.5103
12-11-2007 10:00,1.5032
12-11-2007 11:00,1.508233333
12-11-2007 12:00,1.4932
12-11-2007 13:00,3.240066667
12-11-2007 14:00,2.922366667
12-11-2007 15:00,1.618166667
12-11-2007 16:00,2.1096
12-11-2007 17:00,2.3598
12-11-2007 18:00,2.3766
12-11-2007 19:00,2.662266667
12-11-2007 20:00,3.0293
12-11-2007 21:00,2.590433333
12-11-2007 22:00,1.832266667
12-11-2007 23:00,0.754633333
12-12-2007 00:00,0.268433333
12-12-2007 01:00,0.2906
12-12-2007 02:00,0.2684
12-12-2007 03:00,0.289933333
12-12-2007 04:00,0.271566667
12-12-2007 05:00,0.277533333
12-12-2007 06:00,0.966
12-12-2007 07:00,2.449766667
12-12-2007 08:00,1.702566667
12-12-2007 09:00,1.595566667
12-12-2007 10:00,1.2696
12-12-2007 11:00,0.530133333
12-12-2007 12:00,0.549033333
12-12-2007 13:00,0.661133333
12-12-2007 14:00,1.0293
12-12-2007 15:00,1.097166667
12-12-2007 16:00,1.5447
12-12-2007 17:00,0.8858
12-12-2007 18:00,2.406966667
12-12-2007 19:00,2.9594
12-12-2007 20:00,1.896833333
12-12-2007 21:00,2.0601
12-12-2007 22:00,0.917766667
12-12-2007 23:00,0.2794
12/13/2007 0:00,0.324833333
12/13/2007 1:00,0.2578
12/13/2007 2:00,0.3018
12/13/2007 3:00,0.289333333
12/13/2007 4:00,0.278533333
12/13/2007 5:00,0.742066667
12/13/2007 6:00,0.616566667
12/13/2007 7:00,1.770866667
12/13/2007 8:00,2.424066667
12/13/2007 9:00,1.959433333
12/13/2007 10:00,1.4338
12/13/2007 11:00,1.534133333
12/13/2007 12:00,1.506366667
12/13/2007 13:00,1.568633333
12/13/2007 14:00,0.489033333
12/13/2007 15:00,0.574033333
12/13/2007 16:00,0.494266667
12/13/2007 17:00,1.1408
12/13/2007 18:00,1.933133333
12/13/2007 19:00,2.6706
12/13/2007 20:00,4.142633333
12/13/2007 21:00,2.7003
12/13/2007 22:00,1.138966667
12/13/2007 23:00,0.503766667
12/14/2007 0:00,0.332566667
12/14/2007 1:00,0.296966667
12/14/2007 2:00,0.306066667
12/14/2007 3:00,0.2805
12/14/2007 4:00,0.451266667
12/14/2007 5:00,0.812633333
12/14/2007 6:00,0.811733333
12/14/2007 7:00,2.630533333
12/14/2007 8:00,2.041833333
12/14/2007 9:00,1.357633333
12/14/2007 10:00,1.3516
12/14/2007 11:00,1.317633333
12/14/2007 12:00,4.4303
12/14/2007 13:00,3.424366667
12/14/2007 14:00,1.8256
12/14/2007 15:00,1.685
12/14/2007 16:00,1.603733333
12/14/2007 17:00,1.5234
12/14/2007 18:00,1.781233333
12/14/2007 19:00,1.688466667
12/14/2007 20:00,1.058166667
12/14/2007 21:00,0.5472
12/14/2007 22:00,0.660166667
12/14/2007 23:00,0.694866667
12/15/2007 0:00,0.946166667
12/15/2007 1:00,0.886466667
12/15/2007 2:00,0.278633333
12/15/2007 3:00,0.300266667
12/15/2007 4:00,0.280033333
12/15/2007 5:00,0.2869
12/15/2007 6:00,0.292966667
12/15/2007 7:00,1.4953
12/15/2007 8:00,2.7791
12/15/2007 9:00,1.475566667
12/15/2007 10:00,2.842833333
12/15/2007 11:00,3.249
12/15/2007 12:00,1.485866667
12/15/2007 13:00,1.216833333
12/15/2007 14:00,2.937033333
12/15/2007 15:00,1.444966667
12/15/2007 16:00,2.3434
12/15/2007 17:00,4.333066667
12/15/2007 18:00,4.066633333
12/15/2007 19:00,3.200066667
12/15/2007 20:00,3.5468
12/15/2007 21:00,2.4743
12/15/2007 22:00,1.665866667
12/15/2007 23:00,1.786533333
12/16/2007 0:00,1.1169
12/16/2007 1:00,1.103066667
12/16/2007 2:00,1.1236
12/16/2007 3:00,1.235566667
12/16/2007 4:00,1.8691
12/16/2007 5:00,1.13
12/16/2007 6:00,0.935966667
12/16/2007 7:00,0.872733333
12/16/2007 8:00,1.2493
12/16/2007 9:00,1.2794
12/16/2007 10:00,3.280966667
12/16/2007 11:00,2.1428
12/16/2007 12:00,4.561633333
12/16/2007 13:00,2.839766667
12/16/2007 14:00,2.467
12/16/2007 15:00,2.441566667
12/16/2007 16:00,1.634933333
12/16/2007 17:00,2.474966667
12/16/2007 18:00,2.626633333
12/16/2007 19:00,2.8342
12/16/2007 20:00,3.767166667
12/16/2007 21:00,2.361233333
12/16/2007 22:00,0.414666667
12/16/2007 23:00,0.2738
12/17/2007 0:00,0.286933333
12/17/2007 1:00,0.267066667
12/17/2007 2:00,0.281866667
12/17/2007 3:00,0.273966667
12/17/2007 4:00,0.274133333
12/17/2007 5:00,0.444566667
12/17/2007 6:00,1.300266667
12/17/2007 7:00,2.9821
12/17/2007 8:00,1.941333333
12/17/2007 9:00,1.334233333
12/17/2007 10:00,1.3287
12/17/2007 11:00,1.317766667
12/17/2007 12:00,1.3778
12/17/2007 13:00,1.3351
12/17/2007 14:00,0.4971
12/17/2007 15:00,0.317333333
12/17/2007 16:00,0.259433333
12/17/2007 17:00,0.466233333
12/17/2007 18:00,2.484466667
12/17/2007 19:00,3.5401
12/17/2007 20:00,4.011
12/17/2007 21:00,2.418733333
12/17/2007 22:00,0.9368
12/17/2007 23:00,0.2842
12/18/2007 0:00,0.652266667
12/18/2007 1:00,0.534466667
12/18/2007 2:00,0.277833333
12/18/2007 3:00,0.272366667
12/18/2007 4:00,0.270966667
12/18/2007 5:00,0.281866667
12/18/2007 6:00,0.745866667
12/18/2007 7:00,2.4601
12/18/2007 8:00,2.230866667
12/18/2007 9:00,1.964266667
12/18/2007 10:00,1.397833333
12/18/2007 11:00,2.210833333
12/18/2007 12:00,4.514566667
12/18/2007 13:00,3.4426
12/18/2007 14:00,3.482966667
12/18/2007 15:00,2.3233
12/18/2007 16:00,0.554533333
12/18/2007 17:00,1.2705
12/18/2007 18:00,2.760533333
12/18/2007 19:00,2.377733333
12/18/2007 20:00,2.556333333
12/18/2007 21:00,3.929266667
12/18/2007 22:00,1.6583
12/18/2007 23:00,1.549733333
12/19/2007 0:00,1.141966667
12/19/2007 1:00,0.270733333
12/19/2007 2:00,0.2727
12/19/2007 3:00,0.276733333
12/19/2007 4:00,0.2812
12/19/2007 5:00,0.2647
12/19/2007 6:00,1.038866667
12/19/2007 7:00,2.802466667
12/19/2007 8:00,2.337833333
12/19/2007 9:00,1.436766667
12/19/2007 10:00,1.339066667
12/19/2007 11:00,1.601466667
12/19/2007 12:00,1.8706
12/19/2007 13:00,1.704166667
12/19/2007 14:00,1.7451
12/19/2007 15:00,1.5946
12/19/2007 16:00,0.497833333
12/19/2007 17:00,1.9943
12/19/2007 18:00,2.441033333
12/19/2007 19:00,2.831966667
12/19/2007 20:00,2.620066667
12/19/2007 21:00,3.6346
12/19/2007 22:00,1.956866667
12/19/2007 23:00,0.645233333
12/20/2007 0:00,0.9104
12/20/2007 1:00,0.352
12/20/2007 2:00,0.296266667
12/20/2007 3:00,0.2776
12/20/2007 4:00,0.275933333
12/20/2007 5:00,0.2955
12/20/2007 6:00,1.0713
12/20/2007 7:00,1.017633333
12/20/2007 8:00,2.052833333
12/20/2007 9:00,1.390766667
12/20/2007 10:00,1.3682
12/20/2007 11:00,1.468433333
12/20/2007 12:00,1.951666667
12/20/2007 13:00,2.1004
12/20/2007 14:00,2.197966667
12/20/2007 15:00,1.723233333
12/20/2007 16:00,1.513866667
12/20/2007 17:00,1.9087
12/20/2007 18:00,2.029466667
12/20/2007 19:00,2.676166667
12/20/2007 20:00,2.9681
12/20/2007 21:00,1.654933333
12/20/2007 22:00,0.695466667
12/20/2007 23:00,0.299133333
12/21/2007 0:00,0.288433333
12/21/2007 1:00,0.3044
12/21/2007 2:00,0.292
12/21/2007 3:00,0.447133333
12/21/2007 4:00,0.800766667
12/21/2007 5:00,0.2624
12/21/2007 6:00,1.1584
12/21/2007 7:00,2.149033333
12/21/2007 8:00,2.863766667
12/21/2007 9:00,1.4595
12/21/2007 10:00,1.863633333
12/21/2007 11:00,1.3374
12/21/2007 12:00,1.3454
12/21/2007 13:00,1.5009
12/21/2007 14:00,1.681866667
12/21/2007 15:00,1.415666667
12/21/2007 16:00,1.1035
12/21/2007 17:00,1.713066667
12/21/2007 18:00,2.434533333
12/21/2007 19:00,2.8135
12/21/2007 20:00,3.122433333
12/21/2007 21:00,1.882666667
12/21/2007 22:00,0.478833333
12/21/2007 23:00,0.3237
12/22/2007 0:00,0.270333333
12/22/2007 1:00,0.5659
12/22/2007 2:00,0.6003
12/22/2007 3:00,0.270933333
12/22/2007 4:00,0.896166667
12/22/2007 5:00,0.284366667
12/22/2007 6:00,0.7342
12/22/2007 7:00,0.794466667
12/22/2007 8:00,2.502466667
12/22/2007 9:00,1.693166667
12/22/2007 10:00,1.809
12/22/2007 11:00,1.3695
12/22/2007 12:00,1.921166667
12/22/2007 13:00,1.7384
12/22/2007 14:00,4.2451
12/22/2007 15:00,2.046033333
12/22/2007 16:00,1.4299
12/22/2007 17:00,1.289166667
12/22/2007 18:00,1.778666667
12/22/2007 19:00,2.785933333
12/22/2007 20:00,4.9255
12/22/2007 21:00,3.684366667
12/22/2007 22:00,4.1413
12/22/2007 23:00,1.744733333
12/23/2007 0:00,0.8472
12/23/2007 1:00,0.709066667
12/23/2007 2:00,0.692066667
12/23/2007 3:00,0.702366667
12/23/2007 4:00,0.7081
12/23/2007 5:00,1.121466667
12/23/2007 6:00,0.345166667
12/23/2007 7:00,0.5089
12/23/2007 8:00,2.8363
12/23/2007 9:00,1.4764
12/23/2007 10:00,1.527466667
12/23/2007 11:00,1.532433333
12/23/2007 12:00,0.8441
12/23/2007 13:00,0.775933333
12/23/2007 14:00,1.601266667
12/23/2007 15:00,1.807466667
12/23/2007 16:00,0.8924
12/23/2007 17:00,2.6306
12/23/2007 18:00,3.126666667
12/23/2007 19:00,6.488
12/23/2007 20:00,3.241233333
12/23/2007 21:00,2.287266667
12/23/2007 22:00,1.714266667
12/23/2007 23:00,1.734666667
12/24/2007 0:00,1.441533333
12/24/2007 1:00,1.156633333
12/24/2007 2:00,0.2965
12/24/2007 3:00,0.307166667
12/24/2007 4:00,0.296933333
12/24/2007 5:00,0.297833333
12/24/2007 6:00,0.2711
12/24/2007 7:00,0.656566667
12/24/2007 8:00,2.390466667
12/24/2007 9:00,3.716266667
12/24/2007 10:00,1.227233333
12/24/2007 11:00,1.959533333
12/24/2007 12:00,3.1761
12/24/2007 13:00,1.9641
12/24/2007 14:00,2.4367
12/24/2007 15:00,2.3553
12/24/2007 16:00,1.495733333
12/24/2007 17:00,3.994766667
12/24/2007 18:00,1.843166667
12/24/2007 19:00,1.523966667
12/24/2007 20:00,1.540766667
12/24/2007 21:00,1.510133333
12/24/2007 22:00,1.0148
12/24/2007 23:00,0.7575
12/25/2007 0:00,0.992933333
12/25/2007 1:00,0.4524
12/25/2007 2:00,0.324133333
12/25/2007 3:00,0.3394
12/25/2007 4:00,0.297866667
12/25/2007 5:00,0.277266667
12/25/2007 6:00,0.815433333
12/25/2007 7:00,0.633933333
12/25/2007 8:00,1.6194
12/25/2007 9:00,0.892866667
12/25/2007 10:00,2.051733333
12/25/2007 11:00,2.519766667
12/25/2007 12:00,2.669966667
12/25/2007 13:00,3.915833333
12/25/2007 14:00,2.478333333
12/25/2007 15:00,2.159333333
12/25/2007 16:00,2.837766667
12/25/2007 17:00,1.380733333
12/25/2007 18:00,1.812333333
12/25/2007 19:00,2.018733333
12/25/2007 20:00,2.86
12/25/2007 21:00,3.009866667
12/25/2007 22:00,4.597433333
12/25/2007 23:00,3.958666667
12/26/2007 0:00,1.438966667
12/26/2007 1:00,1.1712
12/26/2007 2:00,1.234733333
12/26/2007 3:00,1.262233333
12/26/2007 4:00,1.357333333
12/26/2007 5:00,1.395833333
12/26/2007 6:00,1.347233333
12/26/2007 7:00,1.996466667
12/26/2007 8:00,2.725066667
12/26/2007 9:00,2.4292
12/26/2007 10:00,1.490766667
12/26/2007 11:00,1.847866667
12/26/2007 12:00,2.615933333
12/26/2007 13:00,2.6315
12/26/2007 14:00,3.981066667
12/26/2007 15:00,2.905133333
12/26/2007 16:00,2.421166667
12/26/2007 17:00,3.030766667
12/26/2007 18:00,2.472133333
12/26/2007 19:00,0.9464
12/26/2007 20:00,0.421866667
12/26/2007 21:00,0.372933333
12/26/2007 22:00,0.5838
12/26/2007 23:00,0.925066667
12/27/2007 0:00,0.290466667
12/27/2007 1:00,0.465266667
12/27/2007 2:00,0.829033333
12/27/2007 3:00,0.2858
12/27/2007 4:00,0.3452
12/27/2007 5:00,0.286733333
12/27/2007 6:00,0.3123
12/27/2007 7:00,1.1062
12/27/2007 8:00,1.332033333
12/27/2007 9:00,1.276233333
12/27/2007 10:00,2.268533333
12/27/2007 11:00,1.4566
12/27/2007 12:00,1.293533333
12/27/2007 13:00,1.858233333
12/27/2007 14:00,1.96
12/27/2007 15:00,2.9449
12/27/2007 16:00,1.7977
12/27/2007 17:00,2.4987
12/27/2007 18:00,3.196933333
12/27/2007 19:00,5.1752
12/27/2007 20:00,3.468033333
12/27/2007 21:00,2.545733333
12/27/2007 22:00,3.4539
12/27/2007 23:00,1.756033333
12/28/2007 0:00,0.392
12/28/2007 1:00,0.3524
12/28/2007 2:00,0.317533333
12/28/2007 3:00,0.3359
12/28/2007 4:00,0.294033333
12/28/2007 5:00,0.3507
12/28/2007 6:00,0.829066667
12/28/2007 7:00,0.305666667
12/28/2007 8:00,1.152033333
12/28/2007 9:00,1.4533
12/28/2007 10:00,2.0935
12/28/2007 11:00,1.643166667
12/28/2007 12:00,1.677266667
12/28/2007 13:00,1.852933333
12/28/2007 14:00,2.463566667
12/28/2007 15:00,5.025133333
12/28/2007 16:00,5.1378
12/28/2007 17:00,6.333666667
12/28/2007 18:00,3.732766667
12/28/2007 19:00,2.519866667
12/28/2007 20:00,3.184566667
12/28/2007 21:00,3.001866667
12/28/2007 22:00,3.932733333
12/28/2007 23:00,3.502733333
12/29/2007 0:00,3.948333333
12/29/2007 1:00,2.4356
12/29/2007 2:00,2.492866667
12/29/2007 3:00,2.368066667
12/29/2007 4:00,1.398866667
12/29/2007 5:00,1.371266667
12/29/2007 6:00,1.300466667
12/29/2007 7:00,1.121966667
12/29/2007 8:00,1.686933333
12/29/2007 9:00,1.695133333
12/29/2007 10:00,3.567266667
12/29/2007 11:00,1.8862
12/29/2007 12:00,1.7369
12/29/2007 13:00,2.616266667
12/29/2007 14:00,2.1152
12/29/2007 15:00,1.526066667
12/29/2007 16:00,2.649866667
12/29/2007 17:00,1.606133333
12/29/2007 18:00,3.298333333
12/29/2007 19:00,5.2267
12/29/2007 20:00,2.421566667
12/29/2007 21:00,3.2371
12/29/2007 22:00,2.462
12/29/2007 23:00,0.8135
12/30/2007 0:00,0.5302
12/30/2007 1:00,0.489133333
12/30/2007 2:00,0.524366667
12/30/2007 3:00,0.494733333
12/30/2007 4:00,0.2791
12/30/2007 5:00,0.5093
12/30/2007 6:00,0.614
12/30/2007 7:00,0.279366667
12/30/2007 8:00,1.7968
12/30/2007 9:00,1.436966667
12/30/2007 10:00,1.365933333
12/30/2007 11:00,0.397766667
12/30/2007 12:00,1.562133333
12/30/2007 13:00,3.049
12/30/2007 14:00,4.1388
12/30/2007 15:00,2.319533333
12/30/2007 16:00,2.571933333
12/30/2007 17:00,2.5889
12/30/2007 18:00,4.941966667
12/30/2007 19:00,2.852066667
12/30/2007 20:00,2.779366667
12/30/2007 21:00,3.2652
12/30/2007 22:00,2.84
12/30/2007 23:00,1.022033333
12/31/2007 0:00,0.327
12/31/2007 1:00,0.303866667
12/31/2007 2:00,0.305033333
12/31/2007 3:00,0.2886
12/31/2007 4:00,0.312933333
12/31/2007 5:00,0.289566667
12/31/2007 6:00,0.650366667
12/31/2007 7:00,0.676833333
12/31/2007 8:00,0.6849
12/31/2007 9:00,1.220233333
12/31/2007 10:00,2.138166667
12/31/2007 11:00,2.858666667
12/31/2007 12:00,3.823166667
12/31/2007 13:00,1.506533333
12/31/2007 14:00,1.5533
12/31/2007 15:00,1.5956
12/31/2007 16:00,2.348166667
12/31/2007 17:00,2.857833333
12/31/2007 18:00,3.3441
12/31/2007 19:00,3.120366667
12/31/2007 20:00,1.938433333
12/31/2007 21:00,1.568333333
12/31/2007 22:00,1.613633333
12/31/2007 23:00,1.616733333
01-01-2008 00:00,1.596933333
01-01-2008 01:00,1.619566667
01-01-2008 02:00,2.473733333
01-01-2008 03:00,2.731133333
01-01-2008 04:00,2.431133333
01-01-2008 05:00,2.479666667
01-01-2008 06:00,1.6902
01-01-2008 07:00,1.332133333
01-01-2008 08:00,1.375166667
01-01-2008 09:00,1.0509
01-01-2008 10:00,0.5859
01-01-2008 11:00,2.6519
01-01-2008 12:00,2.060166667
01-01-2008 13:00,2.9478
01-01-2008 14:00,1.819333333
01-01-2008 15:00,1.049166667
01-01-2008 16:00,0.8458
01-01-2008 17:00,2.067166667
01-01-2008 18:00,2.880266667
01-01-2008 19:00,3.007233333
01-01-2008 20:00,2.8731
01-01-2008 21:00,2.704833333
01-01-2008 22:00,1.326533333
01-01-2008 23:00,0.395866667
01-02-2008 00:00,0.378366667
01-02-2008 01:00,0.355133333
01-02-2008 02:00,0.325566667
01-02-2008 03:00,0.3671
01-02-2008 04:00,0.869266667
01-02-2008 05:00,0.363266667
01-02-2008 06:00,1.1317
01-02-2008 07:00,2.140766667
01-02-2008 08:00,1.6265
01-02-2008 09:00,1.5302
01-02-2008 10:00,1.6207
01-02-2008 11:00,1.5079
01-02-2008 12:00,1.3829
01-02-2008 13:00,1.440966667
01-02-2008 14:00,0.9644
01-02-2008 15:00,0.408266667
01-02-2008 16:00,0.385166667
01-02-2008 17:00,0.5434
01-02-2008 18:00,1.137433333
01-02-2008 19:00,1.687266667
01-02-2008 20:00,1.296466667
01-02-2008 21:00,1.525833333
01-02-2008 22:00,2.263233333
01-02-2008 23:00,2.149966667
01-03-2008 00:00,0.442666667
01-03-2008 01:00,0.375266667
01-03-2008 02:00,1.125033333
01-03-2008 03:00,0.351466667
01-03-2008 04:00,0.372733333
01-03-2008 05:00,0.336266667
01-03-2008 06:00,0.8131
01-03-2008 07:00,0.8809
01-03-2008 08:00,1.976
01-03-2008 09:00,0.797833333
01-03-2008 10:00,0.577666667
01-03-2008 11:00,1.765466667
01-03-2008 12:00,1.365633333
01-03-2008 13:00,0.461533333
01-03-2008 14:00,0.356666667
01-03-2008 15:00,0.657766667
01-03-2008 16:00,0.946266667
01-03-2008 17:00,2.195933333
01-03-2008 18:00,2.384933333
01-03-2008 19:00,2.2553
01-03-2008 20:00,2.567433333
01-03-2008 21:00,1.220733333
01-03-2008 22:00,0.533
01-03-2008 23:00,0.408866667
01-04-2008 00:00,0.837433333
01-04-2008 01:00,0.267433333
01-04-2008 02:00,0.3225
01-04-2008 03:00,0.285533333
01-04-2008 04:00,0.2767
01-04-2008 05:00,0.329833333
01-04-2008 06:00,1.2453
01-04-2008 07:00,2.908766667
01-04-2008 08:00,2.963633333
01-04-2008 09:00,1.713833333
01-04-2008 10:00,1.8126
01-04-2008 11:00,1.488633333
01-04-2008 12:00,0.812466667
01-04-2008 13:00,1.667066667
01-04-2008 14:00,0.7873
01-04-2008 15:00,3.253466667
01-04-2008 16:00,2.4937
01-04-2008 17:00,3.813966667
01-04-2008 18:00,1.8705
01-04-2008 19:00,1.770866667
01-04-2008 20:00,2.792666667
01-04-2008 21:00,2.094566667
01-04-2008 22:00,1.5773
01-04-2008 23:00,0.811466667
01-05-2008 00:00,0.362666667
01-05-2008 01:00,0.304666667
01-05-2008 02:00,0.2802
01-05-2008 03:00,0.592733333
01-05-2008 04:00,0.496566667
01-05-2008 05:00,0.3081
01-05-2008 06:00,0.2853
01-05-2008 07:00,0.298133333
01-05-2008 08:00,1.940966667
01-05-2008 09:00,1.492933333
01-05-2008 10:00,1.599866667
01-05-2008 11:00,1.418766667
01-05-2008 12:00,2.448833333
01-05-2008 13:00,2.1071
01-05-2008 14:00,2.336033333
01-05-2008 15:00,1.920966667
01-05-2008 16:00,1.432433333
01-05-2008 17:00,1.926466667
01-05-2008 18:00,3.6183
01-05-2008 19:00,3.133533333
01-05-2008 20:00,2.987133333
01-05-2008 21:00,1.613666667
01-05-2008 22:00,1.678433333
01-05-2008 23:00,1.803666667
01-06-2008 00:00,1.456466667
01-06-2008 01:00,0.8159
01-06-2008 02:00,0.288666667
01-06-2008 03:00,0.298066667
01-06-2008 04:00,0.297633333
01-06-2008 05:00,0.273433333
01-06-2008 06:00,0.306
01-06-2008 07:00,0.283033333
01-06-2008 08:00,1.4143
01-06-2008 09:00,0.6432
01-06-2008 10:00,1.115566667
01-06-2008 11:00,0.8113
01-06-2008 12:00,1.308433333
01-06-2008 13:00,1.713366667
01-06-2008 14:00,1.6539
01-06-2008 15:00,1.7609
01-06-2008 16:00,0.862233333
01-06-2008 17:00,2.3048
01-06-2008 18:00,2.371966667
01-06-2008 19:00,3.629
01-06-2008 20:00,3.198566667
01-06-2008 21:00,2.379733333
01-06-2008 22:00,0.929666667
01-06-2008 23:00,0.3036
01-07-2008 00:00,0.322766667
01-07-2008 01:00,0.315966667
01-07-2008 02:00,0.316733333
01-07-2008 03:00,0.291866667
01-07-2008 04:00,0.4651
01-07-2008 05:00,0.706733333
01-07-2008 06:00,0.742666667
01-07-2008 07:00,2.603166667
01-07-2008 08:00,2.832033333
01-07-2008 09:00,1.968133333
01-07-2008 10:00,1.383333333
01-07-2008 11:00,1.3596
01-07-2008 12:00,1.365366667
01-07-2008 13:00,0.5053
01-07-2008 14:00,0.303866667
01-07-2008 15:00,0.2741
01-07-2008 16:00,0.286766667
01-07-2008 17:00,0.486766667
01-07-2008 18:00,0.929633333
01-07-2008 19:00,1.955033333
01-07-2008 20:00,3.399266667
01-07-2008 21:00,2.339266667
01-07-2008 22:00,1.7215
01-07-2008 23:00,1.3886
01-08-2008 00:00,1.3109
01-08-2008 01:00,0.270366667
01-08-2008 02:00,0.2898
01-08-2008 03:00,0.288833333
01-08-2008 04:00,0.276366667
01-08-2008 05:00,0.279566667
01-08-2008 06:00,2.124266667
01-08-2008 07:00,2.6565
01-08-2008 08:00,0.352233333
01-08-2008 09:00,0.314766667
01-08-2008 10:00,0.274433333
01-08-2008 11:00,1.1011
01-08-2008 12:00,3.263933333
01-08-2008 13:00,4.365033333
01-08-2008 14:00,1.520833333
01-08-2008 15:00,1.476533333
01-08-2008 16:00,1.445633333
01-08-2008 17:00,1.059733333
01-08-2008 18:00,1.3007
01-08-2008 19:00,1.8621
01-08-2008 20:00,2.117566667
01-08-2008 21:00,4.199433333
01-08-2008 22:00,1.504966667
01-08-2008 23:00,0.403566667
01-09-2008 00:00,0.516466667
01-09-2008 01:00,0.388866667
01-09-2008 02:00,0.290733333
01-09-2008 03:00,0.293466667
01-09-2008 04:00,0.261033333
01-09-2008 05:00,0.816
01-09-2008 06:00,1.2714
01-09-2008 07:00,2.428166667
01-09-2008 08:00,2.222766667
01-09-2008 09:00,1.388666667
01-09-2008 10:00,1.373666667
01-09-2008 11:00,1.5627
01-09-2008 12:00,1.456533333
01-09-2008 13:00,0.731266667
01-09-2008 14:00,0.2881
01-09-2008 15:00,0.350933333
01-09-2008 16:00,1.006666667
01-09-2008 17:00,0.817333333
01-09-2008 18:00,1.852833333
01-09-2008 19:00,2.408966667
01-09-2008 20:00,2.7699
01-09-2008 21:00,3.1422
01-09-2008 22:00,1.6212
01-09-2008 23:00,0.547466667
01-10-2008 00:00,0.461666667
01-10-2008 01:00,0.477066667
01-10-2008 02:00,0.4375
01-10-2008 03:00,0.469066667
01-10-2008 04:00,0.582866667
01-10-2008 05:00,0.977633333
01-10-2008 06:00,0.9064
01-10-2008 07:00,2.1531
01-10-2008 08:00,2.703866667
01-10-2008 09:00,1.541033333
01-10-2008 10:00,1.500766667
01-10-2008 11:00,1.522266667
01-10-2008 12:00,1.510666667
01-10-2008 13:00,1.5896
01-10-2008 14:00,1.5108
01-10-2008 15:00,0.900633333
01-10-2008 16:00,0.641366667
01-10-2008 17:00,0.544666667
01-10-2008 18:00,1.173233333
01-10-2008 19:00,2.416266667
01-10-2008 20:00,3.283766667
01-10-2008 21:00,2.956333333
01-10-2008 22:00,0.976433333
01-10-2008 23:00,0.330933333
01-11-2008 00:00,0.2717
01-11-2008 01:00,0.294666667
01-11-2008 02:00,0.3021
01-11-2008 03:00,0.277833333
01-11-2008 04:00,1.0245
01-11-2008 05:00,0.291666667
01-11-2008 06:00,0.6435
01-11-2008 07:00,0.939533333
01-11-2008 08:00,2.144533333
01-11-2008 09:00,1.659666667
01-11-2008 10:00,1.627533333
01-11-2008 11:00,1.527166667
01-11-2008 12:00,2.069466667
01-11-2008 13:00,1.474733333
01-11-2008 14:00,0.611733333
01-11-2008 15:00,0.610766667
01-11-2008 16:00,0.630733333
01-11-2008 17:00,0.9989
01-11-2008 18:00,1.363566667
01-11-2008 19:00,1.446033333
01-11-2008 20:00,1.7672
01-11-2008 21:00,1.4814
01-11-2008 22:00,3.057466667
01-11-2008 23:00,1.9139
01-12-2008 00:00,0.6461
01-12-2008 01:00,0.4843
01-12-2008 02:00,0.469533333
01-12-2008 03:00,0.492866667
01-12-2008 04:00,0.463333333
01-12-2008 05:00,0.4402
01-12-2008 06:00,0.480633333
01-12-2008 07:00,1.876666667
01-12-2008 08:00,2.272666667
01-12-2008 09:00,0.9876
01-12-2008 10:00,2.417933333
01-12-2008 11:00,2.897066667
01-12-2008 12:00,1.2081
01-12-2008 13:00,0.610866667
01-12-2008 14:00,2.365533333
01-12-2008 15:00,1.605766667
01-12-2008 16:00,1.3781
01-12-2008 17:00,2.625566667
01-12-2008 18:00,5.1968
01-12-2008 19:00,3.664033333
01-12-2008 20:00,3.437333333
01-12-2008 21:00,3.2162
01-12-2008 22:00,4.435266667
01-12-2008 23:00,4.184333333
1/13/2008 0:00,4.6702
1/13/2008 1:00,3.747333333
1/13/2008 2:00,3.126933333
1/13/2008 3:00,2.443566667
1/13/2008 4:00,2.055566667
1/13/2008 5:00,1.350066667
1/13/2008 6:00,1.376733333
1/13/2008 7:00,1.3412
1/13/2008 8:00,0.5089
1/13/2008 9:00,1.571133333
1/13/2008 10:00,0.999433333
1/13/2008 11:00,1.800833333
1/13/2008 12:00,2.355666667
1/13/2008 13:00,2.2812
1/13/2008 14:00,1.2324
1/13/2008 15:00,0.5166
1/13/2008 16:00,0.799433333
1/13/2008 17:00,1.922533333
1/13/2008 18:00,4.121566667
1/13/2008 19:00,3.792433333
1/13/2008 20:00,2.917733333
1/13/2008 21:00,2.282966667
1/13/2008 22:00,0.6088
1/13/2008 23:00,0.2664
1/14/2008 0:00,0.295733333
1/14/2008 1:00,0.291066667
1/14/2008 2:00,0.289466667
1/14/2008 3:00,0.6756
1/14/2008 4:00,0.4734
1/14/2008 5:00,0.3116
1/14/2008 6:00,0.630533333
1/14/2008 7:00,2.0701
1/14/2008 8:00,2.596133333
1/14/2008 9:00,1.8766
1/14/2008 10:00,1.5255
1/14/2008 11:00,1.487133333
1/14/2008 12:00,1.5431
1/14/2008 13:00,1.5001
1/14/2008 14:00,0.74
1/14/2008 15:00,0.4828
1/14/2008 16:00,0.462166667
1/14/2008 17:00,0.636533333
1/14/2008 18:00,1.124266667
1/14/2008 19:00,3.007533333
1/14/2008 20:00,5.136866667
1/14/2008 21:00,4.7452
1/14/2008 22:00,1.1165
1/14/2008 23:00,0.730933333
1/15/2008 0:00,0.731566667
1/15/2008 1:00,0.4102
1/15/2008 2:00,0.427933333
1/15/2008 3:00,0.386366667
1/15/2008 4:00,0.387
1/15/2008 5:00,0.447433333
1/15/2008 6:00,1.176333333
1/15/2008 7:00,2.4155
1/15/2008 8:00,2.2313
1/15/2008 9:00,1.481033333
1/15/2008 10:00,1.5534
1/15/2008 11:00,2.6644
1/15/2008 12:00,5.237266667
1/15/2008 13:00,3.688233333
1/15/2008 14:00,3.273233333
1/15/2008 15:00,2.142066667
1/15/2008 16:00,1.9128
1/15/2008 17:00,2.063166667
1/15/2008 18:00,2.617833333
1/15/2008 19:00,1.6846
1/15/2008 20:00,1.662766667
1/15/2008 21:00,2.5257
1/15/2008 22:00,2.354666667
1/15/2008 23:00,1.307066667
1/16/2008 0:00,0.494366667
1/16/2008 1:00,0.457
1/16/2008 2:00,0.4382
1/16/2008 3:00,0.4653
1/16/2008 4:00,0.480733333
1/16/2008 5:00,0.4446
1/16/2008 6:00,1.1206
1/16/2008 7:00,2.555266667
1/16/2008 8:00,1.984233333
1/16/2008 9:00,1.5631
1/16/2008 10:00,1.569533333
1/16/2008 11:00,1.884433333
1/16/2008 12:00,1.7948
1/16/2008 13:00,2.828933333
1/16/2008 14:00,3.268666667
1/16/2008 15:00,0.786233333
1/16/2008 16:00,1.254166667
1/16/2008 17:00,0.706433333
1/16/2008 18:00,1.495933333
1/16/2008 19:00,1.993733333
1/16/2008 20:00,2.509
1/16/2008 21:00,2.9948
1/16/2008 22:00,2.077266667
1/16/2008 23:00,0.4302
1/17/2008 0:00,0.417733333
1/17/2008 1:00,0.374233333
1/17/2008 2:00,0.364833333
1/17/2008 3:00,0.3913
1/17/2008 4:00,0.385566667
1/17/2008 5:00,0.5092
1/17/2008 6:00,1.418033333
1/17/2008 7:00,1.050933333
1/17/2008 8:00,3.012
1/17/2008 9:00,1.9642
1/17/2008 10:00,1.445433333
1/17/2008 11:00,1.405166667
1/17/2008 12:00,1.4498
1/17/2008 13:00,1.2956
1/17/2008 14:00,0.536533333
1/17/2008 15:00,0.464966667
1/17/2008 16:00,0.5075
1/17/2008 17:00,0.5655
1/17/2008 18:00,0.913733333
1/17/2008 19:00,2.221733333
1/17/2008 20:00,2.768966667
1/17/2008 21:00,1.414266667
1/17/2008 22:00,0.8366
1/17/2008 23:00,0.490866667
1/18/2008 0:00,0.440333333
1/18/2008 1:00,0.368066667
1/18/2008 2:00,0.375533333
1/18/2008 3:00,0.421166667
1/18/2008 4:00,1.070633333
1/18/2008 5:00,0.366833333
1/18/2008 6:00,1.0337
1/18/2008 7:00,2.5599
1/18/2008 8:00,3.0612
1/18/2008 9:00,2.0761
1/18/2008 10:00,1.447133333
1/18/2008 11:00,1.4222
1/18/2008 12:00,1.437933333
1/18/2008 13:00,1.0664
1/18/2008 14:00,1.6501
1/18/2008 15:00,1.508133333
1/18/2008 16:00,1.515333333
1/18/2008 17:00,1.637366667
1/18/2008 18:00,2.484433333
1/18/2008 19:00,3.538066667
1/18/2008 20:00,1.871366667
1/18/2008 21:00,1.869233333
1/18/2008 22:00,2.073
1/18/2008 23:00,1.155633333
1/19/2008 0:00,0.265966667
1/19/2008 1:00,0.475466667
1/19/2008 2:00,0.296433333
1/19/2008 3:00,0.290966667
1/19/2008 4:00,0.3045
1/19/2008 5:00,0.295133333
1/19/2008 6:00,0.8245
1/19/2008 7:00,0.8236
1/19/2008 8:00,2.6366
1/19/2008 9:00,2.452166667
1/19/2008 10:00,1.253366667
1/19/2008 11:00,0.3721
1/19/2008 12:00,3.135933333
1/19/2008 13:00,2.649733333
1/19/2008 14:00,2.061466667
1/19/2008 15:00,0.4297
1/19/2008 16:00,0.291133333
1/19/2008 17:00,3.089433333
1/19/2008 18:00,2.580033333
1/19/2008 19:00,2.868933333
1/19/2008 20:00,2.630733333
1/19/2008 21:00,1.327966667
1/19/2008 22:00,0.515533333
1/19/2008 23:00,1.1337
1/20/2008 0:00,0.845566667
1/20/2008 1:00,0.323366667
1/20/2008 2:00,0.2951
1/20/2008 3:00,0.336666667
1/20/2008 4:00,0.326066667
1/20/2008 5:00,0.8862
1/20/2008 6:00,0.315166667
1/20/2008 7:00,0.3053
1/20/2008 8:00,0.617533333
1/20/2008 9:00,0.442966667
1/20/2008 10:00,0.748933333
1/20/2008 11:00,2.1448
1/20/2008 12:00,0.8561
1/20/2008 13:00,1.592833333
1/20/2008 14:00,1.790666667
1/20/2008 15:00,1.1178
1/20/2008 16:00,1.351866667
1/20/2008 17:00,2.656333333
1/20/2008 18:00,2.6223
1/20/2008 19:00,2.279833333
1/20/2008 20:00,3.1005
1/20/2008 21:00,2.183733333
1/20/2008 22:00,1.3542
1/20/2008 23:00,0.5123
1/21/2008 0:00,0.436933333
1/21/2008 1:00,0.3789
1/21/2008 2:00,0.379066667
1/21/2008 3:00,0.965133333
1/21/2008 4:00,0.385366667
1/21/2008 5:00,0.379266667
1/21/2008 6:00,1.311033333
1/21/2008 7:00,2.446533333
1/21/2008 8:00,1.640633333
1/21/2008 9:00,1.5764
1/21/2008 10:00,1.581033333
1/21/2008 11:00,1.616633333
1/21/2008 12:00,1.510533333
1/21/2008 13:00,1.4167
1/21/2008 14:00,1.442633333
1/21/2008 15:00,0.435566667
1/21/2008 16:00,0.3863
1/21/2008 17:00,0.8434
1/21/2008 18:00,1.2939
1/21/2008 19:00,2.439033333
1/21/2008 20:00,2.7712
1/21/2008 21:00,3.239
1/21/2008 22:00,1.731066667
1/21/2008 23:00,0.377033333
1/22/2008 0:00,0.443666667
1/22/2008 1:00,0.384
1/22/2008 2:00,0.374666667
1/22/2008 3:00,0.424966667
1/22/2008 4:00,0.3679
1/22/2008 5:00,1.1083
1/22/2008 6:00,1.070666667
1/22/2008 7:00,2.684166667
1/22/2008 8:00,2.365866667
1/22/2008 9:00,0.4002
1/22/2008 10:00,0.399
1/22/2008 11:00,0.3846
1/22/2008 12:00,2.8922
1/22/2008 13:00,3.0165
1/22/2008 14:00,4.108766667
1/22/2008 15:00,4.146033333
1/22/2008 16:00,1.174966667
1/22/2008 17:00,0.516533333
1/22/2008 18:00,1.063966667
1/22/2008 19:00,1.4578
1/22/2008 20:00,3.616366667
1/22/2008 21:00,4.328433333
1/22/2008 22:00,1.541533333
1/22/2008 23:00,0.4792
1/23/2008 0:00,0.417333333
1/23/2008 1:00,0.389933333
1/23/2008 2:00,0.452266667
1/23/2008 3:00,0.402866667
1/23/2008 4:00,0.389266667
1/23/2008 5:00,0.4675
1/23/2008 6:00,1.2411
1/23/2008 7:00,2.7542
1/23/2008 8:00,2.285433333
1/23/2008 9:00,1.489
1/23/2008 10:00,1.437633333
1/23/2008 11:00,1.542633333
1/23/2008 12:00,1.5109
1/23/2008 13:00,1.504933333
1/23/2008 14:00,1.505866667
1/23/2008 15:00,1.492333333
1/23/2008 16:00,2.010033333
1/23/2008 17:00,1.248566667
1/23/2008 18:00,1.616366667
1/23/2008 19:00,1.987266667
1/23/2008 20:00,2.164466667
1/23/2008 21:00,2.256233333
1/23/2008 22:00,0.448
1/23/2008 23:00,0.357666667
1/24/2008 0:00,0.271433333
1/24/2008 1:00,0.266566667
1/24/2008 2:00,0.330233333
1/24/2008 3:00,0.2577
1/24/2008 4:00,0.2661
1/24/2008 5:00,0.8233
1/24/2008 6:00,0.804933333
1/24/2008 7:00,1.586466667
1/24/2008 8:00,2.478766667
1/24/2008 9:00,1.426933333
1/24/2008 10:00,1.375
1/24/2008 11:00,0.9749
1/24/2008 12:00,0.3215
1/24/2008 13:00,0.3327
1/24/2008 14:00,0.393033333
1/24/2008 15:00,0.377566667
1/24/2008 16:00,0.463366667
1/24/2008 17:00,0.879166667
1/24/2008 18:00,2.7955
1/24/2008 19:00,2.295433333
1/24/2008 20:00,3.5317
1/24/2008 21:00,2.2929
1/24/2008 22:00,1.531366667
1/24/2008 23:00,1.340466667
1/25/2008 0:00,1.2775
1/25/2008 1:00,1.2434
1/25/2008 2:00,0.5495
1/25/2008 3:00,0.362933333
1/25/2008 4:00,1.0325
1/25/2008 5:00,0.423933333
1/25/2008 6:00,1.037833333
1/25/2008 7:00,2.889733333
1/25/2008 8:00,2.0998
1/25/2008 9:00,1.466866667
1/25/2008 10:00,1.484333333
1/25/2008 11:00,1.110666667
1/25/2008 12:00,1.5987
1/25/2008 13:00,2.286966667
1/25/2008 14:00,2.974233333
1/25/2008 15:00,1.492333333
1/25/2008 16:00,1.490166667
1/25/2008 17:00,0.823933333
1/25/2008 18:00,1.464266667
1/25/2008 19:00,2.4878
1/25/2008 20:00,2.060166667
1/25/2008 21:00,1.8143
1/25/2008 22:00,2.623066667
1/25/2008 23:00,1.236
1/26/2008 0:00,0.630533333
1/26/2008 1:00,0.617166667
1/26/2008 2:00,0.5061
1/26/2008 3:00,0.380066667
1/26/2008 4:00,0.386
1/26/2008 5:00,0.406766667
1/26/2008 6:00,0.851566667
1/26/2008 7:00,1.058533333
1/26/2008 8:00,2.038733333
1/26/2008 9:00,2.0185
1/26/2008 10:00,2.0135
1/26/2008 11:00,1.670133333
1/26/2008 12:00,1.723066667
1/26/2008 13:00,1.1132
1/26/2008 14:00,1.900666667
1/26/2008 15:00,1.921766667
1/26/2008 16:00,1.901866667
1/26/2008 17:00,2.059166667
1/26/2008 18:00,3.7629
1/26/2008 19:00,6.0138
1/26/2008 20:00,4.453033333
1/26/2008 21:00,3.354666667
1/26/2008 22:00,2.989766667
1/26/2008 23:00,3.4783
1/27/2008 0:00,1.939666667
1/27/2008 1:00,0.833233333
1/27/2008 2:00,0.533866667
1/27/2008 3:00,0.491633333
1/27/2008 4:00,0.487733333
1/27/2008 5:00,0.4825
1/27/2008 6:00,0.311766667
1/27/2008 7:00,0.440266667
1/27/2008 8:00,1.191666667
1/27/2008 9:00,0.779933333
1/27/2008 10:00,1.464
1/27/2008 11:00,2.387533333
1/27/2008 12:00,0.967266667
1/27/2008 13:00,2.7378
1/27/2008 14:00,2.0208
1/27/2008 15:00,1.0054
1/27/2008 16:00,1.449633333
1/27/2008 17:00,2.013033333
1/27/2008 18:00,3.5315
1/27/2008 19:00,4.754133333
1/27/2008 20:00,3.8515
1/27/2008 21:00,3.4711
1/27/2008 22:00,1.554233333
1/27/2008 23:00,0.9959
1/28/2008 0:00,0.9847
1/28/2008 1:00,0.950833333
1/28/2008 2:00,0.951366667
1/28/2008 3:00,0.8893
1/28/2008 4:00,0.484166667
1/28/2008 5:00,0.367433333
1/28/2008 6:00,0.7365
1/28/2008 7:00,2.189433333
1/28/2008 8:00,2.1677
1/28/2008 9:00,2.421533333
1/28/2008 10:00,2.753033333
1/28/2008 11:00,2.776166667
1/28/2008 12:00,1.9101
1/28/2008 13:00,1.615133333
1/28/2008 14:00,1.4894
1/28/2008 15:00,1.466566667
1/28/2008 16:00,0.776133333
1/28/2008 17:00,0.406833333
1/28/2008 18:00,1.165433333
1/28/2008 19:00,2.542566667
1/28/2008 20:00,2.851433333
1/28/2008 21:00,1.8683
1/28/2008 22:00,2.599033333
1/28/2008 23:00,2.106833333
1/29/2008 0:00,1.757466667
1/29/2008 1:00,0.957566667
1/29/2008 2:00,1.007666667
1/29/2008 3:00,0.447133333
1/29/2008 4:00,0.390366667
1/29/2008 5:00,1.780866667
1/29/2008 6:00,0.812533333
1/29/2008 7:00,1.563833333
1/29/2008 8:00,1.653266667
1/29/2008 9:00,1.937466667
1/29/2008 10:00,1.658833333
1/29/2008 11:00,1.752233333
1/29/2008 12:00,3.9499
1/29/2008 13:00,4.460466667
1/29/2008 14:00,3.9548
1/29/2008 15:00,2.673966667
1/29/2008 16:00,1.624333333
1/29/2008 17:00,0.6292
1/29/2008 18:00,0.697633333
1/29/2008 19:00,1.474166667
1/29/2008 20:00,1.8903
1/29/2008 21:00,2.720366667
1/29/2008 22:00,2.946766667
1/29/2008 23:00,1.859266667
1/30/2008 0:00,1.452933333
1/30/2008 1:00,1.175666667
1/30/2008 2:00,2.704833333
1/30/2008 3:00,1.126033333
1/30/2008 4:00,0.477633333
1/30/2008 5:00,0.4315
1/30/2008 6:00,1.5066
1/30/2008 7:00,2.167033333
1/30/2008 8:00,1.614566667
1/30/2008 9:00,1.499333333
1/30/2008 10:00,1.682133333
1/30/2008 11:00,1.476533333
1/30/2008 12:00,0.419533333
1/30/2008 13:00,0.414866667
1/30/2008 14:00,0.422666667
1/30/2008 15:00,0.4122
1/30/2008 16:00,0.444433333
1/30/2008 17:00,0.381066667
1/30/2008 18:00,1.711
1/30/2008 19:00,2.560566667
1/30/2008 20:00,0.4572
1/30/2008 21:00,0.4913
1/30/2008 22:00,0.466133333
1/30/2008 23:00,1.848333333
1/31/2008 0:00,0.764933333
1/31/2008 1:00,0.425633333
1/31/2008 2:00,0.3746
1/31/2008 3:00,0.365633333
1/31/2008 4:00,0.3784
1/31/2008 5:00,0.4009
1/31/2008 6:00,1.325666667
1/31/2008 7:00,2.2385
1/31/2008 8:00,1.7081
1/31/2008 9:00,1.610766667
1/31/2008 10:00,1.256066667
1/31/2008 11:00,0.4379
1/31/2008 12:00,0.509666667
1/31/2008 13:00,0.906366667
1/31/2008 14:00,0.451566667
1/31/2008 15:00,0.472833333
1/31/2008 16:00,0.4831
1/31/2008 17:00,0.745566667
1/31/2008 18:00,2.017666667
1/31/2008 19:00,1.8695
1/31/2008 20:00,3.806933333
1/31/2008 21:00,3.930233333
1/31/2008 22:00,3.397166667
1/31/2008 23:00,2.687666667
02-01-2008 00:00,2.144766667
02-01-2008 01:00,1.021966667
02-01-2008 02:00,0.4736
02-01-2008 03:00,0.4387
02-01-2008 04:00,0.398966667
02-01-2008 05:00,0.436966667
02-01-2008 06:00,0.988933333
02-01-2008 07:00,3.0193
02-01-2008 08:00,1.695566667
02-01-2008 09:00,0.470966667
02-01-2008 10:00,0.437466667
02-01-2008 11:00,0.669233333
02-01-2008 12:00,0.690233333
02-01-2008 13:00,1.1579
02-01-2008 14:00,1.563266667
02-01-2008 15:00,1.587266667
02-01-2008 16:00,1.6689
02-01-2008 17:00,0.679433333
02-01-2008 18:00,0.67
02-01-2008 19:00,1.096133333
02-01-2008 20:00,0.297533333
02-01-2008 21:00,0.954766667
02-01-2008 22:00,1.170266667
02-01-2008 23:00,1.8454
02-02-2008 00:00,0.837766667
02-02-2008 01:00,0.833166667
02-02-2008 02:00,0.288733333
02-02-2008 03:00,0.2997
02-02-2008 04:00,0.281033333
02-02-2008 05:00,0.2847
02-02-2008 06:00,0.312033333
02-02-2008 07:00,0.425633333
02-02-2008 08:00,2.517033333
02-02-2008 09:00,1.765966667
02-02-2008 10:00,1.560166667
02-02-2008 11:00,1.685266667
02-02-2008 12:00,1.604933333
02-02-2008 13:00,1.403533333
02-02-2008 14:00,2.275333333
02-02-2008 15:00,1.9721
02-02-2008 16:00,3.2373
02-02-2008 17:00,2.234733333
02-02-2008 18:00,2.786166667
02-02-2008 19:00,6.496033333
02-02-2008 20:00,4.689033333
02-02-2008 21:00,3.389233333
02-02-2008 22:00,4.335833333
02-02-2008 23:00,3.4448
02-03-2008 00:00,2.7919
02-03-2008 01:00,1.7618
02-03-2008 02:00,1.594033333
02-03-2008 03:00,0.3971
02-03-2008 04:00,0.271066667
02-03-2008 05:00,0.2677
02-03-2008 06:00,0.302333333
02-03-2008 07:00,0.322633333
02-03-2008 08:00,0.560866667
02-03-2008 09:00,0.5618
02-03-2008 10:00,1.4997
02-03-2008 11:00,1.216633333
02-03-2008 12:00,2.285766667
02-03-2008 13:00,2.3915
02-03-2008 14:00,3.462733333
02-03-2008 15:00,1.617266667
02-03-2008 16:00,0.646233333
02-03-2008 17:00,0.6059
02-03-2008 18:00,2.028066667
02-03-2008 19:00,2.535633333
02-03-2008 20:00,2.9811
02-03-2008 21:00,3.205133333
02-03-2008 22:00,1.1022
02-03-2008 23:00,0.3337
02-04-2008 00:00,0.2689
02-04-2008 01:00,0.281733333
02-04-2008 02:00,0.316433333
02-04-2008 03:00,0.2789
02-04-2008 04:00,0.832
02-04-2008 05:00,0.267233333
02-04-2008 06:00,1.231833333
02-04-2008 07:00,2.7501
02-04-2008 08:00,1.951666667
02-04-2008 09:00,2.068133333
02-04-2008 10:00,1.548266667
02-04-2008 11:00,1.286566667
02-04-2008 12:00,1.469633333
02-04-2008 13:00,1.383533333
02-04-2008 14:00,0.895966667
02-04-2008 15:00,0.276233333
02-04-2008 16:00,0.2885
02-04-2008 17:00,0.338033333
02-04-2008 18:00,1.030766667
02-04-2008 19:00,2.726866667
02-04-2008 20:00,2.127133333
02-04-2008 21:00,2.574933333
02-04-2008 22:00,0.639233333
02-04-2008 23:00,0.303033333
02-05-2008 00:00,0.317166667
02-05-2008 01:00,0.2772
02-05-2008 02:00,0.267833333
02-05-2008 03:00,0.2964
02-05-2008 04:00,0.273066667
02-05-2008 05:00,0.7068
02-05-2008 06:00,1.7639
02-05-2008 07:00,2.621833333
02-05-2008 08:00,1.9673
02-05-2008 09:00,2.0988
02-05-2008 10:00,1.3525
02-05-2008 11:00,0.691133333
02-05-2008 12:00,3.006
02-05-2008 13:00,3.8758
02-05-2008 14:00,2.212966667
02-05-2008 15:00,1.423466667
02-05-2008 16:00,1.651766667
02-05-2008 17:00,2.923566667
02-05-2008 18:00,2.895833333
02-05-2008 19:00,2.9078
02-05-2008 20:00,3.8222
02-05-2008 21:00,2.158466667
02-05-2008 22:00,1.3572
02-05-2008 23:00,0.3386
02-06-2008 00:00,0.3256
02-06-2008 01:00,0.286066667
02-06-2008 02:00,0.292666667
02-06-2008 03:00,0.324633333
02-06-2008 04:00,0.2764
02-06-2008 05:00,0.280566667
02-06-2008 06:00,1.2372
02-06-2008 07:00,2.437533333
02-06-2008 08:00,1.931133333
02-06-2008 09:00,1.979966667
02-06-2008 10:00,1.393166667
02-06-2008 11:00,1.104766667
02-06-2008 12:00,0.538966667
02-06-2008 13:00,0.3303
02-06-2008 14:00,0.272
02-06-2008 15:00,0.3635
02-06-2008 16:00,0.5141
02-06-2008 17:00,0.819466667
02-06-2008 18:00,1.3898
02-06-2008 19:00,2.7136
02-06-2008 20:00,3.616866667
02-06-2008 21:00,3.4541
02-06-2008 22:00,1.1157
02-06-2008 23:00,0.827566667
02-07-2008 00:00,0.282966667
02-07-2008 01:00,0.3044
02-07-2008 02:00,0.280166667
02-07-2008 03:00,0.282466667
02-07-2008 04:00,0.307033333
02-07-2008 05:00,0.265966667
02-07-2008 06:00,1.643333333
02-07-2008 07:00,2.4281
02-07-2008 08:00,1.533266667
02-07-2008 09:00,1.337733333
02-07-2008 10:00,1.344666667
02-07-2008 11:00,1.313566667
02-07-2008 12:00,1.0052
02-07-2008 13:00,0.2873
02-07-2008 14:00,0.495
02-07-2008 15:00,0.472
02-07-2008 16:00,0.3155
02-07-2008 17:00,0.3331
02-07-2008 18:00,0.624033333
02-07-2008 19:00,1.5091
02-07-2008 20:00,3.4857
02-07-2008 21:00,2.992366667
02-07-2008 22:00,1.435866667
02-07-2008 23:00,1.026333333
02-08-2008 00:00,0.622633333
02-08-2008 01:00,0.271833333
02-08-2008 02:00,0.3298
02-08-2008 03:00,0.276366667
02-08-2008 04:00,0.499666667
02-08-2008 05:00,0.7682
02-08-2008 06:00,0.5896
02-08-2008 07:00,1.343533333
02-08-2008 08:00,1.8149
02-08-2008 09:00,1.859166667
02-08-2008 10:00,1.550566667
02-08-2008 11:00,1.0592
02-08-2008 12:00,3.039366667
02-08-2008 13:00,2.7602
02-08-2008 14:00,2.074533333
02-08-2008 15:00,1.572
02-08-2008 16:00,1.101433333
02-08-2008 17:00,0.501466667
02-08-2008 18:00,1.7074
02-08-2008 19:00,1.5746
02-08-2008 20:00,1.2638
02-08-2008 21:00,1.258933333
02-08-2008 22:00,2.007733333
02-08-2008 23:00,2.662466667
02-09-2008 00:00,0.850233333
02-09-2008 01:00,0.301333333
02-09-2008 02:00,0.276266667
02-09-2008 03:00,0.261833333
02-09-2008 04:00,0.309466667
02-09-2008 05:00,0.272533333
02-09-2008 06:00,0.276266667
02-09-2008 07:00,0.325633333
02-09-2008 08:00,2.1935
02-09-2008 09:00,1.4525
02-09-2008 10:00,2.076733333
02-09-2008 11:00,2.7431
02-09-2008 12:00,2.3239
02-09-2008 13:00,1.8353
02-09-2008 14:00,1.7557
02-09-2008 15:00,1.761333333
02-09-2008 16:00,1.3952
02-09-2008 17:00,0.602766667
02-09-2008 18:00,1.275833333
02-09-2008 19:00,2.0024
02-09-2008 20:00,3.920866667
02-09-2008 21:00,3.876033333
02-09-2008 22:00,1.549
02-09-2008 23:00,1.4002
02-10-2008 00:00,0.542933333
02-10-2008 01:00,0.2709
02-10-2008 02:00,0.269133333
02-10-2008 03:00,0.311266667
02-10-2008 04:00,0.804033333
02-10-2008 05:00,0.326666667
02-10-2008 06:00,0.300633333
02-10-2008 07:00,0.391566667
02-10-2008 08:00,0.782466667
02-10-2008 09:00,1.237566667
02-10-2008 10:00,1.9067
02-10-2008 11:00,0.383733333
02-10-2008 12:00,2.503666667
02-10-2008 13:00,2.324433333
02-10-2008 14:00,1.344433333
02-10-2008 15:00,1.5125
02-10-2008 16:00,0.7889
02-10-2008 17:00,2.2279
02-10-2008 18:00,3.9653
02-10-2008 19:00,4.244833333
02-10-2008 20:00,3.931166667
02-10-2008 21:00,2.4784
02-10-2008 22:00,1.946933333
02-10-2008 23:00,1.615833333
02-11-2008 00:00,0.484433333
02-11-2008 01:00,0.3504
02-11-2008 02:00,0.294066667
02-11-2008 03:00,0.271033333
02-11-2008 04:00,0.304866667
02-11-2008 05:00,0.276166667
02-11-2008 06:00,1.539366667
02-11-2008 07:00,3.1043
02-11-2008 08:00,2.378966667
02-11-2008 09:00,1.330366667
02-11-2008 10:00,1.3489
02-11-2008 11:00,1.3598
02-11-2008 12:00,1.355266667
02-11-2008 13:00,0.3406
02-11-2008 14:00,0.320866667
02-11-2008 15:00,0.295433333
02-11-2008 16:00,0.270666667
02-11-2008 17:00,0.3373
02-11-2008 18:00,2.0012
02-11-2008 19:00,3.088266667
02-11-2008 20:00,3.0594
02-11-2008 21:00,2.332
02-11-2008 22:00,1.454233333
02-11-2008 23:00,0.302366667
02-12-2008 00:00,0.2767
02-12-2008 01:00,0.2793
02-12-2008 02:00,0.319433333
02-12-2008 03:00,0.931366667
02-12-2008 04:00,0.265033333
02-12-2008 05:00,0.284066667
02-12-2008 06:00,1.045266667
02-12-2008 07:00,2.5957
02-12-2008 08:00,2.4529
02-12-2008 09:00,1.822466667
02-12-2008 10:00,1.772866667
02-12-2008 11:00,1.970766667
02-12-2008 12:00,2.045033333
02-12-2008 13:00,2.2247
02-12-2008 14:00,3.205666667
02-12-2008 15:00,2.516633333
02-12-2008 16:00,1.371233333
02-12-2008 17:00,1.298066667
02-12-2008 18:00,1.1371
02-12-2008 19:00,0.740166667
02-12-2008 20:00,1.699333333
02-12-2008 21:00,1.814633333
02-12-2008 22:00,0.4798
02-12-2008 23:00,0.581733333
2/13/2008 0:00,0.406966667
2/13/2008 1:00,0.292866667
2/13/2008 2:00,0.286966667
2/13/2008 3:00,0.313733333
2/13/2008 4:00,0.797266667
2/13/2008 5:00,0.401933333
2/13/2008 6:00,1.154866667
2/13/2008 7:00,2.1373
2/13/2008 8:00,1.413833333
2/13/2008 9:00,1.352333333
2/13/2008 10:00,1.497766667
2/13/2008 11:00,2.041666667
2/13/2008 12:00,0.848866667
2/13/2008 13:00,0.394866667
2/13/2008 14:00,0.820266667
2/13/2008 15:00,0.855866667
2/13/2008 16:00,1.020766667
2/13/2008 17:00,1.983933333
2/13/2008 18:00,2.449066667
2/13/2008 19:00,3.0848
2/13/2008 20:00,2.626033333
2/13/2008 21:00,3.317166667
2/13/2008 22:00,1.837266667
2/13/2008 23:00,0.338566667
2/14/2008 0:00,0.341266667
2/14/2008 1:00,0.2937
2/14/2008 2:00,0.298166667
2/14/2008 3:00,0.355433333
2/14/2008 4:00,0.298766667
2/14/2008 5:00,0.712766667
2/14/2008 6:00,1.461466667
2/14/2008 7:00,2.495233333
2/14/2008 8:00,2.817466667
2/14/2008 9:00,1.9803
2/14/2008 10:00,1.3658
2/14/2008 11:00,1.3302
2/14/2008 12:00,1.342733333
2/14/2008 13:00,1.325566667
2/14/2008 14:00,0.3049
2/14/2008 15:00,0.446233333
2/14/2008 16:00,0.445733333
2/14/2008 17:00,0.276133333
2/14/2008 18:00,0.997566667
2/14/2008 19:00,1.706233333
2/14/2008 20:00,2.3421
2/14/2008 21:00,1.823566667
2/14/2008 22:00,1.0485
2/14/2008 23:00,0.933866667
2/15/2008 0:00,1.052933333
2/15/2008 1:00,0.268633333
2/15/2008 2:00,0.3152
2/15/2008 3:00,0.262433333
2/15/2008 4:00,0.253166667
2/15/2008 5:00,0.261033333
2/15/2008 6:00,0.888633333
2/15/2008 7:00,3.043933333
2/15/2008 8:00,2.947033333
2/15/2008 9:00,1.486266667
2/15/2008 10:00,1.392266667
2/15/2008 11:00,1.419533333
2/15/2008 12:00,1.4272
2/15/2008 13:00,2.0677
2/15/2008 14:00,2.351466667
2/15/2008 15:00,1.439933333
2/15/2008 16:00,1.368633333
2/15/2008 17:00,0.969933333
2/15/2008 18:00,0.938366667
2/15/2008 19:00,1.303466667
2/15/2008 20:00,0.768733333
2/15/2008 21:00,3.865233333
2/15/2008 22:00,2.6005
2/15/2008 23:00,0.7279
2/16/2008 0:00,0.5622
2/16/2008 1:00,0.3667
2/16/2008 2:00,0.3077
2/16/2008 3:00,0.314033333
2/16/2008 4:00,0.924933333
2/16/2008 5:00,0.415666667
2/16/2008 6:00,0.309733333
2/16/2008 7:00,0.357533333
2/16/2008 8:00,1.198566667
2/16/2008 9:00,1.6958
2/16/2008 10:00,1.9809
2/16/2008 11:00,1.509133333
2/16/2008 12:00,1.2397
2/16/2008 13:00,0.982033333
2/16/2008 14:00,3.2235
2/16/2008 15:00,1.421233333
2/16/2008 16:00,0.768833333
2/16/2008 17:00,2.877666667
2/16/2008 18:00,3.424433333
2/16/2008 19:00,3.331
2/16/2008 20:00,3.873266667
2/16/2008 21:00,3.413266667
2/16/2008 22:00,2.708733333
2/16/2008 23:00,1.909233333
2/17/2008 0:00,0.969
2/17/2008 1:00,0.659633333
2/17/2008 2:00,0.636466667
2/17/2008 3:00,0.654366667
2/17/2008 4:00,0.549166667
2/17/2008 5:00,0.2838
2/17/2008 6:00,0.302
2/17/2008 7:00,0.6729
2/17/2008 8:00,0.886133333
2/17/2008 9:00,0.7844
2/17/2008 10:00,2.3414
2/17/2008 11:00,1.386133333
2/17/2008 12:00,2.069566667
2/17/2008 13:00,1.020666667
2/17/2008 14:00,3.919666667
2/17/2008 15:00,1.306833333
2/17/2008 16:00,0.497866667
2/17/2008 17:00,0.654766667
2/17/2008 18:00,1.8353
2/17/2008 19:00,2.240666667
2/17/2008 20:00,3.8199
2/17/2008 21:00,3.079866667
2/17/2008 22:00,1.239233333
2/17/2008 23:00,0.413066667
2/18/2008 0:00,0.300133333
2/18/2008 1:00,0.421266667
2/18/2008 2:00,0.716033333
2/18/2008 3:00,0.296833333
2/18/2008 4:00,0.2866
2/18/2008 5:00,0.309633333
2/18/2008 6:00,1.381266667
2/18/2008 7:00,2.7084
2/18/2008 8:00,1.355633333
2/18/2008 9:00,1.380266667
2/18/2008 10:00,1.3321
2/18/2008 11:00,1.341666667
2/18/2008 12:00,1.346266667
2/18/2008 13:00,1.3665
2/18/2008 14:00,0.655866667
2/18/2008 15:00,0.279733333
2/18/2008 16:00,0.306966667
2/18/2008 17:00,0.275433333
2/18/2008 18:00,0.510466667
2/18/2008 19:00,1.661
2/18/2008 20:00,2.575433333
2/18/2008 21:00,3.037766667
2/18/2008 22:00,1.039066667
2/18/2008 23:00,0.355733333
2/19/2008 0:00,0.333166667
2/19/2008 1:00,0.296966667
2/19/2008 2:00,0.306033333
2/19/2008 3:00,0.3361
2/19/2008 4:00,0.882933333
2/19/2008 5:00,0.438466667
2/19/2008 6:00,0.8409
2/19/2008 7:00,1.7592
2/19/2008 8:00,2.270766667
2/19/2008 9:00,2.476833333
2/19/2008 10:00,2.984766667
2/19/2008 11:00,3.407
2/19/2008 12:00,3.519066667
2/19/2008 13:00,1.544033333
2/19/2008 14:00,1.434966667
2/19/2008 15:00,1.4459
2/19/2008 16:00,0.741866667
2/19/2008 17:00,1.011533333
2/19/2008 18:00,1.4513
2/19/2008 19:00,1.9246
2/19/2008 20:00,2.0786
2/19/2008 21:00,2.8121
2/19/2008 22:00,0.868266667
2/19/2008 23:00,0.283233333
2/20/2008 0:00,0.285766667
2/20/2008 1:00,0.312033333
2/20/2008 2:00,0.2829
2/20/2008 3:00,0.296666667
2/20/2008 4:00,0.296
2/20/2008 5:00,1.010133333
2/20/2008 6:00,1.088633333
2/20/2008 7:00,3.0524
2/20/2008 8:00,2.489666667
2/20/2008 9:00,1.4095
2/20/2008 10:00,1.4059
2/20/2008 11:00,0.488733333
2/20/2008 12:00,0.581333333
2/20/2008 13:00,0.667566667
2/20/2008 14:00,1.065933333
2/20/2008 15:00,0.452433333
2/20/2008 16:00,1.337
2/20/2008 17:00,2.277266667
2/20/2008 18:00,3.1575
2/20/2008 19:00,4.7124
2/20/2008 20:00,4.332166667
2/20/2008 21:00,2.552433333
2/20/2008 22:00,2.392433333
2/20/2008 23:00,1.616366667
2/21/2008 0:00,0.5025
2/21/2008 1:00,0.4205
2/21/2008 2:00,0.362466667
2/21/2008 3:00,0.280233333
2/21/2008 4:00,0.281633333
2/21/2008 5:00,0.329366667
2/21/2008 6:00,1.3966
2/21/2008 7:00,2.751133333
2/21/2008 8:00,2.4718
2/21/2008 9:00,1.325933333
2/21/2008 10:00,1.3299
2/21/2008 11:00,1.352733333
2/21/2008 12:00,1.2651
2/21/2008 13:00,0.269633333
2/21/2008 14:00,0.466466667
2/21/2008 15:00,0.4728
2/21/2008 16:00,0.4187
2/21/2008 17:00,0.3212
2/21/2008 18:00,1.732033333
2/21/2008 19:00,2.308566667
2/21/2008 20:00,2.7905
2/21/2008 21:00,2.202533333
2/21/2008 22:00,1.7519
2/21/2008 23:00,0.4266
2/22/2008 0:00,0.2692
2/22/2008 1:00,0.770533333
2/22/2008 2:00,0.5724
2/22/2008 3:00,0.2701
2/22/2008 4:00,0.2659
2/22/2008 5:00,0.309466667
2/22/2008 6:00,1.134533333
2/22/2008 7:00,2.770733333
2/22/2008 8:00,2.7017
2/22/2008 9:00,2.125633333
2/22/2008 10:00,1.4969
2/22/2008 11:00,0.728833333
2/22/2008 12:00,1.176533333
2/22/2008 13:00,2.235433333
2/22/2008 14:00,2.4244
2/22/2008 15:00,1.4418
2/22/2008 16:00,0.7213
2/22/2008 17:00,0.3678
2/22/2008 18:00,0.586033333
2/22/2008 19:00,0.876866667
2/22/2008 20:00,2.176733333
2/22/2008 21:00,2.3182
2/22/2008 22:00,0.792333333
2/22/2008 23:00,0.3427
2/23/2008 0:00,0.272333333
2/23/2008 1:00,0.2622
2/23/2008 2:00,0.317166667
2/23/2008 3:00,0.265966667
2/23/2008 4:00,0.554433333
2/23/2008 5:00,0.722
2/23/2008 6:00,0.269733333
2/23/2008 7:00,0.4763
2/23/2008 8:00,1.3189
2/23/2008 9:00,0.788033333
2/23/2008 10:00,0.974066667
2/23/2008 11:00,0.677133333
2/23/2008 12:00,0.299633333
2/23/2008 13:00,2.568333333
2/23/2008 14:00,1.7705
2/23/2008 15:00,0.8845
2/23/2008 16:00,0.604566667
2/23/2008 17:00,2.8683
2/23/2008 18:00,3.187433333
2/23/2008 19:00,3.948866667
2/23/2008 20:00,2.560133333
2/23/2008 21:00,1.8738
2/23/2008 22:00,1.713966667
2/23/2008 23:00,1.436033333
2/24/2008 0:00,1.369966667
2/24/2008 1:00,1.381466667
2/24/2008 2:00,1.374233333
2/24/2008 3:00,1.360166667
2/24/2008 4:00,1.386833333
2/24/2008 5:00,1.368466667
2/24/2008 6:00,0.951366667
2/24/2008 7:00,3.239333333
2/24/2008 8:00,1.885566667
2/24/2008 9:00,1.3331
2/24/2008 10:00,1.0322
2/24/2008 11:00,0.295433333
2/24/2008 12:00,0.263
2/24/2008 13:00,0.2747
2/24/2008 14:00,0.3157
2/24/2008 15:00,0.268333333
2/24/2008 16:00,0.258233333
2/24/2008 17:00,0.3008
2/24/2008 18:00,0.355433333
2/24/2008 19:00,0.932433333
2/24/2008 20:00,0.290866667
2/24/2008 21:00,0.2609
2/24/2008 22:00,0.2519
2/24/2008 23:00,0.2997
2/25/2008 0:00,0.268066667
2/25/2008 1:00,0.263533333
2/25/2008 2:00,0.310066667
2/25/2008 3:00,0.2588
2/25/2008 4:00,0.259566667
2/25/2008 5:00,1.0018
2/25/2008 6:00,0.428266667
2/25/2008 7:00,0.2537
2/25/2008 8:00,0.296733333
2/25/2008 9:00,0.2552
2/25/2008 10:00,0.259566667
2/25/2008 11:00,0.3017
2/25/2008 12:00,0.2618
2/25/2008 13:00,0.250266667
2/25/2008 14:00,0.294333333
2/25/2008 15:00,0.4007
2/25/2008 16:00,1.090466667
2/25/2008 17:00,0.341566667
2/25/2008 18:00,0.250133333
2/25/2008 19:00,0.254766667
2/25/2008 20:00,0.3082
2/25/2008 21:00,0.254633333
2/25/2008 22:00,0.251566667
2/25/2008 23:00,0.2927
2/26/2008 0:00,0.255933333
2/26/2008 1:00,0.260266667
2/26/2008 2:00,0.6545
2/26/2008 3:00,0.892133333
2/26/2008 4:00,0.2557
2/26/2008 5:00,0.285166667
2/26/2008 6:00,0.283066667
2/26/2008 7:00,0.263766667
2/26/2008 8:00,0.262333333
2/26/2008 9:00,0.284466667
2/26/2008 10:00,0.250133333
2/26/2008 11:00,0.246166667
2/26/2008 12:00,0.292933333
2/26/2008 13:00,0.8113
2/26/2008 14:00,0.742
2/26/2008 15:00,0.2955
2/26/2008 16:00,0.259966667
2/26/2008 17:00,0.2595
2/26/2008 18:00,0.295166667
2/26/2008 19:00,0.2528
2/26/2008 20:00,0.256
2/26/2008 21:00,0.2807
2/26/2008 22:00,0.2603
2/26/2008 23:00,0.2522
2/27/2008 0:00,0.7818
2/27/2008 1:00,0.783433333
2/27/2008 2:00,0.261333333
2/27/2008 3:00,0.256033333
2/27/2008 4:00,0.2968
2/27/2008 5:00,0.259066667
2/27/2008 6:00,0.262133333
2/27/2008 7:00,0.29
2/27/2008 8:00,0.2579
2/27/2008 9:00,0.2559
2/27/2008 10:00,0.27
2/27/2008 11:00,0.891866667
2/27/2008 12:00,0.6054
2/27/2008 13:00,0.258233333
2/27/2008 14:00,0.287866667
2/27/2008 15:00,0.257033333
2/27/2008 16:00,0.2897
2/27/2008 17:00,0.303
2/27/2008 18:00,0.2523
2/27/2008 19:00,0.252133333
2/27/2008 20:00,0.2924
2/27/2008 21:00,0.246133333
2/27/2008 22:00,1.234966667
2/27/2008 23:00,0.2999
2/28/2008 0:00,0.255433333
2/28/2008 1:00,0.253066667
2/28/2008 2:00,0.293766667
2/28/2008 3:00,0.2582
2/28/2008 4:00,0.255333333
2/28/2008 5:00,0.285133333
2/28/2008 6:00,0.279266667
2/28/2008 7:00,0.256566667
2/28/2008 8:00,0.714366667
2/28/2008 9:00,0.859366667
2/28/2008 10:00,0.247633333
2/28/2008 11:00,0.251533333
2/28/2008 12:00,0.292566667
2/28/2008 13:00,0.2489
2/28/2008 14:00,0.310666667
2/28/2008 15:00,0.296033333
2/28/2008 16:00,0.254066667
2/28/2008 17:00,0.2549
2/28/2008 18:00,0.297766667
2/28/2008 19:00,0.798933333
2/28/2008 20:00,0.718533333
2/28/2008 21:00,0.294333333
2/28/2008 22:00,0.249733333
2/28/2008 23:00,0.2603
2/29/2008 0:00,0.297033333
2/29/2008 1:00,0.2559
2/29/2008 2:00,0.2525
2/29/2008 3:00,0.278633333
2/29/2008 4:00,0.2665
2/29/2008 5:00,0.261733333
2/29/2008 6:00,0.950466667
2/29/2008 7:00,0.577566667
2/29/2008 8:00,0.2544
2/29/2008 9:00,0.8558
2/29/2008 10:00,2.121366667
2/29/2008 11:00,2.8479
2/29/2008 12:00,2.710833333
2/29/2008 13:00,1.6289
2/29/2008 14:00,1.6271
2/29/2008 15:00,1.6703
2/29/2008 16:00,1.5123
2/29/2008 17:00,0.5328
2/29/2008 18:00,0.577266667
2/29/2008 19:00,0.5358
2/29/2008 20:00,0.5302
2/29/2008 21:00,0.578433333
2/29/2008 22:00,0.548066667
2/29/2008 23:00,0.550666667
03-01-2008 00:00,0.5705
03-01-2008 01:00,0.5774
03-01-2008 02:00,1.075933333
03-01-2008 03:00,1.002933333
03-01-2008 04:00,0.6014
03-01-2008 05:00,0.547433333
03-01-2008 06:00,0.563166667
03-01-2008 07:00,0.583066667
03-01-2008 08:00,0.563366667
03-01-2008 09:00,0.550733333
03-01-2008 10:00,0.562366667
03-01-2008 11:00,0.566133333
03-01-2008 12:00,0.556566667
03-01-2008 13:00,1.536266667
03-01-2008 14:00,0.610566667
03-01-2008 15:00,0.560166667
03-01-2008 16:00,0.551533333
03-01-2008 17:00,0.616333333
03-01-2008 18:00,0.5552
03-01-2008 19:00,1.137
03-01-2008 20:00,2.3046
03-01-2008 21:00,0.8905
03-01-2008 22:00,0.645866667
03-01-2008 23:00,1.302233333
03-02-2008 00:00,0.447733333
03-02-2008 01:00,0.273833333
03-02-2008 02:00,0.3024
03-02-2008 03:00,0.292066667
03-02-2008 04:00,0.276366667
03-02-2008 05:00,0.286233333
03-02-2008 06:00,0.297933333
03-02-2008 07:00,0.277333333
03-02-2008 08:00,0.260666667
03-02-2008 09:00,0.8045
03-02-2008 10:00,1.2668
03-02-2008 11:00,2.9585
03-02-2008 12:00,1.090266667
03-02-2008 13:00,0.329
03-02-2008 14:00,1.498233333
03-02-2008 15:00,2.180333333
03-02-2008 16:00,1.483366667
03-02-2008 17:00,0.442733333
03-02-2008 18:00,0.2773
03-02-2008 19:00,0.9712
03-02-2008 20:00,1.3711
03-02-2008 21:00,0.810666667
03-02-2008 22:00,0.562166667
03-02-2008 23:00,0.6097
03-03-2008 00:00,0.5446
03-03-2008 01:00,0.5517
03-03-2008 02:00,0.6215
03-03-2008 03:00,0.5602
03-03-2008 04:00,0.555866667
03-03-2008 05:00,1.429033333
03-03-2008 06:00,0.552833333
03-03-2008 07:00,0.556
03-03-2008 08:00,0.587266667
03-03-2008 09:00,0.5552
03-03-2008 10:00,0.571933333
03-03-2008 11:00,0.598733333
03-03-2008 12:00,0.5637
03-03-2008 13:00,0.5596
03-03-2008 14:00,0.588966667
03-03-2008 15:00,1.3447
03-03-2008 16:00,0.7573
03-03-2008 17:00,1.656566667
03-03-2008 18:00,1.2896
03-03-2008 19:00,0.572933333
03-03-2008 20:00,0.568266667
03-03-2008 21:00,0.597433333
03-03-2008 22:00,0.5694
03-03-2008 23:00,0.589166667
03-04-2008 00:00,0.616533333
03-04-2008 01:00,0.592766667
03-04-2008 02:00,1.481966667
03-04-2008 03:00,0.6093
03-04-2008 04:00,0.563466667
03-04-2008 05:00,0.561866667
03-04-2008 06:00,0.6103
03-04-2008 07:00,1.012466667
03-04-2008 08:00,0.8584
03-04-2008 09:00,0.459966667
03-04-2008 10:00,0.471166667
03-04-2008 11:00,0.434333333
03-04-2008 12:00,1.574166667
03-04-2008 13:00,1.2777
03-04-2008 14:00,1.3699
03-04-2008 15:00,1.5706
03-04-2008 16:00,3.4114
03-04-2008 17:00,3.4702
03-04-2008 18:00,1.540466667
03-04-2008 19:00,1.3406
03-04-2008 20:00,1.333633333
03-04-2008 21:00,1.3592
03-04-2008 22:00,1.023
03-04-2008 23:00,0.2731
03-05-2008 00:00,0.319866667
03-05-2008 01:00,0.263533333
03-05-2008 02:00,0.272366667
03-05-2008 03:00,0.321366667
03-05-2008 04:00,0.261
03-05-2008 05:00,0.257133333
03-05-2008 06:00,0.306233333
03-05-2008 07:00,0.273
03-05-2008 08:00,1.2432
03-05-2008 09:00,0.2939
03-05-2008 10:00,0.2983
03-05-2008 11:00,0.274633333
03-05-2008 12:00,0.2686
03-05-2008 13:00,1.060133333
03-05-2008 14:00,2.179866667
03-05-2008 15:00,1.756033333
03-05-2008 16:00,3.181233333
03-05-2008 17:00,2.011666667
03-05-2008 18:00,3.401666667
03-05-2008 19:00,2.545966667
03-05-2008 20:00,2.0588
03-05-2008 21:00,4.648766667
03-05-2008 22:00,4.775533333
03-05-2008 23:00,1.680666667
03-06-2008 00:00,1.705333333
03-06-2008 01:00,1.561133333
03-06-2008 02:00,1.357333333
03-06-2008 03:00,1.359633333
03-06-2008 04:00,1.384866667
03-06-2008 05:00,1.347433333
03-06-2008 06:00,2.5687
03-06-2008 07:00,3.4571
03-06-2008 08:00,2.363033333
03-06-2008 09:00,2.371833333
03-06-2008 10:00,1.9158
03-06-2008 11:00,1.299233333
03-06-2008 12:00,1.321266667
03-06-2008 13:00,1.364233333
03-06-2008 14:00,1.351666667
03-06-2008 15:00,1.342
03-06-2008 16:00,1.367466667
03-06-2008 17:00,1.309666667
03-06-2008 18:00,1.9776
03-06-2008 19:00,1.308933333
03-06-2008 20:00,2.6372
03-06-2008 21:00,3.203266667
03-06-2008 22:00,1.3046
03-06-2008 23:00,0.5408
03-07-2008 00:00,0.259866667
03-07-2008 01:00,0.3062
03-07-2008 02:00,0.259466667
03-07-2008 03:00,0.273133333
03-07-2008 04:00,0.315633333
03-07-2008 05:00,0.892533333
03-07-2008 06:00,1.009233333
03-07-2008 07:00,2.150233333
03-07-2008 08:00,1.3339
03-07-2008 09:00,0.8831
03-07-2008 10:00,1.343066667
03-07-2008 11:00,4.509733333
03-07-2008 12:00,1.868866667
03-07-2008 13:00,1.675933333
03-07-2008 14:00,1.237733333
03-07-2008 15:00,0.5764
03-07-2008 16:00,0.3353
03-07-2008 17:00,0.743266667
03-07-2008 18:00,0.421266667
03-07-2008 19:00,1.212033333
03-07-2008 20:00,2.096133333
03-07-2008 21:00,3.176066667
03-07-2008 22:00,2.215466667
03-07-2008 23:00,1.9547
03-08-2008 00:00,0.941866667
03-08-2008 01:00,0.358666667
03-08-2008 02:00,0.319633333
03-08-2008 03:00,0.333166667
03-08-2008 04:00,0.348966667
03-08-2008 05:00,0.310133333
03-08-2008 06:00,0.348133333
03-08-2008 07:00,0.997833333
03-08-2008 08:00,0.629733333
03-08-2008 09:00,0.417966667
03-08-2008 10:00,1.269766667
03-08-2008 11:00,0.586766667
03-08-2008 12:00,0.775133333
03-08-2008 13:00,1.907866667
03-08-2008 14:00,1.9784
03-08-2008 15:00,1.5756
03-08-2008 16:00,2.984866667
03-08-2008 17:00,3.172466667
03-08-2008 18:00,2.8259
03-08-2008 19:00,4.419633333
03-08-2008 20:00,3.777566667
03-08-2008 21:00,2.149033333
03-08-2008 22:00,2.861866667
03-08-2008 23:00,2.1867
03-09-2008 00:00,1.853933333
03-09-2008 01:00,2.0067
03-09-2008 02:00,0.8769
03-09-2008 03:00,0.438633333
03-09-2008 04:00,0.325733333
03-09-2008 05:00,0.332566667
03-09-2008 06:00,0.3236
03-09-2008 07:00,0.3091
03-09-2008 08:00,0.386733333
03-09-2008 09:00,1.044733333
03-09-2008 10:00,0.819266667
03-09-2008 11:00,0.493433333
03-09-2008 12:00,1.432966667
03-09-2008 13:00,1.117766667
03-09-2008 14:00,0.9054
03-09-2008 15:00,1.483666667
03-09-2008 16:00,0.554566667
03-09-2008 17:00,0.670066667
03-09-2008 18:00,0.950033333
03-09-2008 19:00,1.86
03-09-2008 20:00,3.9185
03-09-2008 21:00,2.502633333
03-09-2008 22:00,1.059866667
03-09-2008 23:00,0.340833333
03-10-2008 00:00,0.364033333
03-10-2008 01:00,0.312466667
03-10-2008 02:00,0.6631
03-10-2008 03:00,0.636066667
03-10-2008 04:00,0.326233333
03-10-2008 05:00,0.331533333
03-10-2008 06:00,1.5065
03-10-2008 07:00,2.815133333
03-10-2008 08:00,2.346233333
03-10-2008 09:00,1.3808
03-10-2008 10:00,1.397
03-10-2008 11:00,1.4047
03-10-2008 12:00,1.423166667
03-10-2008 13:00,0.868966667
03-10-2008 14:00,0.283233333
03-10-2008 15:00,0.3507
03-10-2008 16:00,0.317
03-10-2008 17:00,0.349133333
03-10-2008 18:00,0.395033333
03-10-2008 19:00,1.8535
03-10-2008 20:00,2.595
03-10-2008 21:00,2.424866667
03-10-2008 22:00,1.621733333
03-10-2008 23:00,1.011966667
03-11-2008 00:00,1.2968
03-11-2008 01:00,1.051433333
03-11-2008 02:00,0.2811
03-11-2008 03:00,0.331733333
03-11-2008 04:00,0.271433333
03-11-2008 05:00,0.2626
03-11-2008 06:00,1.018466667
03-11-2008 07:00,2.070133333
03-11-2008 08:00,0.739
03-11-2008 09:00,0.517
03-11-2008 10:00,0.581533333
03-11-2008 11:00,1.9352
03-11-2008 12:00,3.687633333
03-11-2008 13:00,3.141766667
03-11-2008 14:00,1.988766667
03-11-2008 15:00,0.9499
03-11-2008 16:00,0.542833333
03-11-2008 17:00,0.678266667
03-11-2008 18:00,3.184633333
03-11-2008 19:00,2.902566667
03-11-2008 20:00,2.436433333
03-11-2008 21:00,2.224833333
03-11-2008 22:00,2.961266667
03-11-2008 23:00,1.612033333
03-12-2008 00:00,1.405966667
03-12-2008 01:00,1.353766667
03-12-2008 02:00,1.356033333
03-12-2008 03:00,1.386066667
03-12-2008 04:00,0.774233333
03-12-2008 05:00,0.2849
03-12-2008 06:00,0.624433333
03-12-2008 07:00,1.406666667
03-12-2008 08:00,2.1118
03-12-2008 09:00,1.414066667
03-12-2008 10:00,2.512333333
03-12-2008 11:00,0.544466667
03-12-2008 12:00,0.337966667
03-12-2008 13:00,0.9532
03-12-2008 14:00,0.3208
03-12-2008 15:00,0.394633333
03-12-2008 16:00,0.3017
03-12-2008 17:00,0.306233333
03-12-2008 18:00,0.448966667
03-12-2008 19:00,2.8754
03-12-2008 20:00,2.818833333
03-12-2008 21:00,2.951266667
03-12-2008 22:00,1.784066667
03-12-2008 23:00,0.902733333
3/13/2008 0:00,0.280033333
3/13/2008 1:00,0.270933333
3/13/2008 2:00,0.2901
3/13/2008 3:00,0.334066667
3/13/2008 4:00,0.2649
3/13/2008 5:00,0.849733333
3/13/2008 6:00,0.8313
3/13/2008 7:00,2.048166667
3/13/2008 8:00,1.448266667
3/13/2008 9:00,1.433833333
3/13/2008 10:00,0.5365
3/13/2008 11:00,0.3729
3/13/2008 12:00,0.3105
3/13/2008 13:00,0.814533333
3/13/2008 14:00,0.434633333
3/13/2008 15:00,0.3509
3/13/2008 16:00,0.706533333
3/13/2008 17:00,0.5786
3/13/2008 18:00,2.084433333
3/13/2008 19:00,2.976366667
3/13/2008 20:00,4.6837
3/13/2008 21:00,5.014166667
3/13/2008 22:00,0.662866667
3/13/2008 23:00,0.347266667
3/14/2008 0:00,0.3106
3/14/2008 1:00,0.3338
3/14/2008 2:00,0.322833333
3/14/2008 3:00,0.2761
3/14/2008 4:00,0.638066667
3/14/2008 5:00,0.4625
3/14/2008 6:00,0.678666667
3/14/2008 7:00,2.257033333
3/14/2008 8:00,2.026033333
3/14/2008 9:00,1.551733333
3/14/2008 10:00,2.215966667
3/14/2008 11:00,1.849
3/14/2008 12:00,1.815066667
3/14/2008 13:00,1.775833333
3/14/2008 14:00,1.9736
3/14/2008 15:00,2.7818
3/14/2008 16:00,1.838966667
3/14/2008 17:00,1.5635
3/14/2008 18:00,2.458933333
3/14/2008 19:00,2.5546
3/14/2008 20:00,2.344833333
3/14/2008 21:00,2.832
3/14/2008 22:00,1.5138
3/14/2008 23:00,0.461733333
3/15/2008 0:00,0.294433333
3/15/2008 1:00,0.333766667
3/15/2008 2:00,0.299233333
3/15/2008 3:00,1.029933333
3/15/2008 4:00,0.278966667
3/15/2008 5:00,0.3494
3/15/2008 6:00,0.299866667
3/15/2008 7:00,0.802866667
3/15/2008 8:00,1.310533333
3/15/2008 9:00,2.046466667
3/15/2008 10:00,2.1527
3/15/2008 11:00,1.884233333
3/15/2008 12:00,1.641033333
3/15/2008 13:00,1.558566667
3/15/2008 14:00,1.548433333
3/15/2008 15:00,0.8198
3/15/2008 16:00,0.750233333
3/15/2008 17:00,0.531033333
3/15/2008 18:00,0.943433333
3/15/2008 19:00,1.455866667
3/15/2008 20:00,1.525666667
3/15/2008 21:00,1.7068
3/15/2008 22:00,2.249033333
3/15/2008 23:00,0.459366667
3/16/2008 0:00,1.1906
3/16/2008 1:00,0.475033333
3/16/2008 2:00,0.293
3/16/2008 3:00,0.279333333
3/16/2008 4:00,0.318166667
3/16/2008 5:00,0.6108
3/16/2008 6:00,0.594766667
3/16/2008 7:00,0.274
3/16/2008 8:00,0.762533333
3/16/2008 9:00,0.45
3/16/2008 10:00,0.795466667
3/16/2008 11:00,1.450333333
3/16/2008 12:00,1.634133333
3/16/2008 13:00,1.575333333
3/16/2008 14:00,1.5657
3/16/2008 15:00,1.227633333
3/16/2008 16:00,0.436833333
3/16/2008 17:00,0.3876
3/16/2008 18:00,3.046033333
3/16/2008 19:00,2.878233333
3/16/2008 20:00,3.458566667
3/16/2008 21:00,2.882533333
3/16/2008 22:00,1.933733333
3/16/2008 23:00,1.5123
3/17/2008 0:00,1.353433333
3/17/2008 1:00,0.9716
3/17/2008 2:00,0.319433333
3/17/2008 3:00,0.2711
3/17/2008 4:00,0.272266667
3/17/2008 5:00,0.266666667
3/17/2008 6:00,1.1839
3/17/2008 7:00,2.423466667
3/17/2008 8:00,1.3877
3/17/2008 9:00,1.324833333
3/17/2008 10:00,1.9439
3/17/2008 11:00,3.142733333
3/17/2008 12:00,2.757233333
3/17/2008 13:00,0.668066667
3/17/2008 14:00,0.384533333
3/17/2008 15:00,1.3431
3/17/2008 16:00,1.7797
3/17/2008 17:00,0.5464
3/17/2008 18:00,0.531766667
3/17/2008 19:00,1.275033333
3/17/2008 20:00,2.0502
3/17/2008 21:00,1.3105
3/17/2008 22:00,0.577666667
3/17/2008 23:00,0.3634
3/18/2008 0:00,0.282966667
3/18/2008 1:00,0.284533333
3/18/2008 2:00,0.2703
3/18/2008 3:00,0.328733333
3/18/2008 4:00,0.328233333
3/18/2008 5:00,0.266833333
3/18/2008 6:00,1.173266667
3/18/2008 7:00,1.832333333
3/18/2008 8:00,1.9263
3/18/2008 9:00,2.040366667
3/18/2008 10:00,1.4727
3/18/2008 11:00,1.428666667
3/18/2008 12:00,1.359733333
3/18/2008 13:00,0.397833333
3/18/2008 14:00,1.630066667
3/18/2008 15:00,1.728766667
3/18/2008 16:00,3.7211
3/18/2008 17:00,1.8041
3/18/2008 18:00,1.4779
3/18/2008 19:00,1.991266667
3/18/2008 20:00,2.0101
3/18/2008 21:00,1.756333333
3/18/2008 22:00,1.9899
3/18/2008 23:00,0.4571
3/19/2008 0:00,0.352733333
3/19/2008 1:00,0.297033333
3/19/2008 2:00,0.3015
3/19/2008 3:00,0.3341
3/19/2008 4:00,0.3689
3/19/2008 5:00,0.331266667
3/19/2008 6:00,1.547533333
3/19/2008 7:00,1.9701
3/19/2008 8:00,2.0223
3/19/2008 9:00,1.935666667
3/19/2008 10:00,0.7396
3/19/2008 11:00,0.612666667
3/19/2008 12:00,1.0532
3/19/2008 13:00,0.3277
3/19/2008 14:00,0.368933333
3/19/2008 15:00,0.354033333
3/19/2008 16:00,0.671033333
3/19/2008 17:00,0.5867
3/19/2008 18:00,0.686833333
3/19/2008 19:00,1.912266667
3/19/2008 20:00,2.873166667
3/19/2008 21:00,1.3767
3/19/2008 22:00,0.509633333
3/19/2008 23:00,0.273866667
3/20/2008 0:00,0.284633333
3/20/2008 1:00,0.320066667
3/20/2008 2:00,0.318133333
3/20/2008 3:00,0.317233333
3/20/2008 4:00,0.8867
3/20/2008 5:00,0.269366667
3/20/2008 6:00,0.692333333
3/20/2008 7:00,1.142766667
3/20/2008 8:00,1.635333333
3/20/2008 9:00,1.556033333
3/20/2008 10:00,1.698366667
3/20/2008 11:00,1.879866667
3/20/2008 12:00,0.509166667
3/20/2008 13:00,0.316266667
3/20/2008 14:00,0.283333333
3/20/2008 15:00,0.2721
3/20/2008 16:00,0.284066667
3/20/2008 17:00,0.35
3/20/2008 18:00,1.124766667
3/20/2008 19:00,2.7986
3/20/2008 20:00,1.8
3/20/2008 21:00,1.196933333
3/20/2008 22:00,0.579666667
3/20/2008 23:00,0.372166667
3/21/2008 0:00,0.3409
3/21/2008 1:00,0.3188
3/21/2008 2:00,0.274566667
3/21/2008 3:00,0.965966667
3/21/2008 4:00,0.4047
3/21/2008 5:00,0.323233333
3/21/2008 6:00,0.699666667
3/21/2008 7:00,1.785266667
3/21/2008 8:00,1.7935
3/21/2008 9:00,1.3981
3/21/2008 10:00,1.393666667
3/21/2008 11:00,1.365533333
3/21/2008 12:00,1.2742
3/21/2008 13:00,0.528733333
3/21/2008 14:00,2.195
3/21/2008 15:00,2.759866667
3/21/2008 16:00,3.632833333
3/21/2008 17:00,1.813066667
3/21/2008 18:00,2.099066667
3/21/2008 19:00,2.0108
3/21/2008 20:00,2.086566667
3/21/2008 21:00,3.028633333
3/21/2008 22:00,1.475
3/21/2008 23:00,0.473033333
3/22/2008 0:00,0.361333333
3/22/2008 1:00,0.3486
3/22/2008 2:00,0.3497
3/22/2008 3:00,0.345466667
3/22/2008 4:00,0.336833333
3/22/2008 5:00,0.8301
3/22/2008 6:00,0.3466
3/22/2008 7:00,0.699233333
3/22/2008 8:00,1.350633333
3/22/2008 9:00,1.2919
3/22/2008 10:00,1.975866667
3/22/2008 11:00,1.741666667
3/22/2008 12:00,1.154033333
3/22/2008 13:00,0.735766667
3/22/2008 14:00,0.3238
3/22/2008 15:00,0.294633333
3/22/2008 16:00,3.085366667
3/22/2008 17:00,2.196533333
3/22/2008 18:00,2.8814
3/22/2008 19:00,3.582966667
3/22/2008 20:00,3.687933333
3/22/2008 21:00,2.893
3/22/2008 22:00,1.843933333
3/22/2008 23:00,1.567966667
3/23/2008 0:00,0.456966667
3/23/2008 1:00,0.3115
3/23/2008 2:00,0.3291
3/23/2008 3:00,0.2956
3/23/2008 4:00,0.294466667
3/23/2008 5:00,0.298666667
3/23/2008 6:00,0.2907
3/23/2008 7:00,0.484633333
3/23/2008 8:00,1.381466667
3/23/2008 9:00,1.9967
3/23/2008 10:00,2.146766667
3/23/2008 11:00,1.432866667
3/23/2008 12:00,1.466133333
3/23/2008 13:00,3.197133333
3/23/2008 14:00,3.4472
3/23/2008 15:00,1.740366667
3/23/2008 16:00,2.301633333
3/23/2008 17:00,1.680866667
3/23/2008 18:00,2.833966667
3/23/2008 19:00,3.277466667
3/23/2008 20:00,4.934
3/23/2008 21:00,1.7224
3/23/2008 22:00,1.552833333
3/23/2008 23:00,0.893066667
3/24/2008 0:00,0.424433333
3/24/2008 1:00,0.466866667
3/24/2008 2:00,0.482566667
3/24/2008 3:00,1.012366667
3/24/2008 4:00,0.2947
3/24/2008 5:00,0.2852
3/24/2008 6:00,0.277766667
3/24/2008 7:00,0.6017
3/24/2008 8:00,0.344833333
3/24/2008 9:00,3.1896
3/24/2008 10:00,1.564633333
3/24/2008 11:00,1.6624
3/24/2008 12:00,1.947866667
3/24/2008 13:00,1.7094
3/24/2008 14:00,1.8491
3/24/2008 15:00,3.103433333
3/24/2008 16:00,0.7005
3/24/2008 17:00,0.959433333
3/24/2008 18:00,1.2431
3/24/2008 19:00,2.5435
3/24/2008 20:00,2.003533333
3/24/2008 21:00,2.249333333
3/24/2008 22:00,2.5964
3/24/2008 23:00,1.461533333
3/25/2008 0:00,0.283
3/25/2008 1:00,0.3326
3/25/2008 2:00,0.2793
3/25/2008 3:00,0.2681
3/25/2008 4:00,0.267433333
3/25/2008 5:00,0.300066667
3/25/2008 6:00,1.331066667
3/25/2008 7:00,2.216766667
3/25/2008 8:00,1.952933333
3/25/2008 9:00,1.888366667
3/25/2008 10:00,1.352666667
3/25/2008 11:00,2.128166667
3/25/2008 12:00,1.936333333
3/25/2008 13:00,3.4983
3/25/2008 14:00,2.100366667
3/25/2008 15:00,1.4603
3/25/2008 16:00,1.549
3/25/2008 17:00,1.0244
3/25/2008 18:00,0.582266667
3/25/2008 19:00,1.8059
3/25/2008 20:00,1.914333333
3/25/2008 21:00,3.4064
3/25/2008 22:00,1.3565
3/25/2008 23:00,0.363033333
3/26/2008 0:00,0.2952
3/26/2008 1:00,0.267833333
3/26/2008 2:00,0.2721
3/26/2008 3:00,0.3144
3/26/2008 4:00,0.352133333
3/26/2008 5:00,0.8751
3/26/2008 6:00,1.086166667
3/26/2008 7:00,1.718366667
3/26/2008 8:00,1.342633333
3/26/2008 9:00,1.943933333
3/26/2008 10:00,1.4091
3/26/2008 11:00,2.6456
3/26/2008 12:00,1.997166667
3/26/2008 13:00,0.542733333
3/26/2008 14:00,0.2817
3/26/2008 15:00,0.871533333
3/26/2008 16:00,0.306866667
3/26/2008 17:00,0.7554
3/26/2008 18:00,1.9833
3/26/2008 19:00,2.045966667
3/26/2008 20:00,2.3298
3/26/2008 21:00,1.832133333
3/26/2008 22:00,0.824033333
3/26/2008 23:00,0.931333333
3/27/2008 0:00,0.2918
3/27/2008 1:00,0.660833333
3/27/2008 2:00,0.5146
3/27/2008 3:00,0.308166667
3/27/2008 4:00,0.297066667
3/27/2008 5:00,0.266966667
3/27/2008 6:00,0.734666667
3/27/2008 7:00,1.7998
3/27/2008 8:00,1.695966667
3/27/2008 9:00,1.341466667
3/27/2008 10:00,1.3358
3/27/2008 11:00,1.4875
3/27/2008 12:00,1.238833333
3/27/2008 13:00,0.291733333
3/27/2008 14:00,0.295
3/27/2008 15:00,0.313466667
3/27/2008 16:00,0.327233333
3/27/2008 17:00,1.3722
3/27/2008 18:00,1.4407
3/27/2008 19:00,0.9602
3/27/2008 20:00,2.0299
3/27/2008 21:00,2.235266667
3/27/2008 22:00,1.083633333
3/27/2008 23:00,0.524233333
3/28/2008 0:00,0.2727
3/28/2008 1:00,0.332433333
3/28/2008 2:00,0.2683
3/28/2008 3:00,0.591866667
3/28/2008 4:00,0.574833333
3/28/2008 5:00,0.3038
3/28/2008 6:00,0.846766667
3/28/2008 7:00,1.859333333
3/28/2008 8:00,1.996933333
3/28/2008 9:00,2.1592
3/28/2008 10:00,2.173933333
3/28/2008 11:00,3.4577
3/28/2008 12:00,2.066
3/28/2008 13:00,1.388633333
3/28/2008 14:00,1.2879
3/28/2008 15:00,0.286033333
3/28/2008 16:00,0.339466667
3/28/2008 17:00,0.445033333
3/28/2008 18:00,0.502933333
3/28/2008 19:00,3.825966667
3/28/2008 20:00,2.573966667
3/28/2008 21:00,2.574233333
3/28/2008 22:00,0.964233333
3/28/2008 23:00,0.331533333
3/29/2008 0:00,0.337433333
3/29/2008 1:00,0.289633333
3/29/2008 2:00,0.285866667
3/29/2008 3:00,0.267433333
3/29/2008 4:00,0.876433333
3/29/2008 5:00,0.301066667
3/29/2008 6:00,0.280733333
3/29/2008 7:00,0.4557
3/29/2008 8:00,1.593266667
3/29/2008 9:00,2.0366
3/29/2008 10:00,2.0416
3/29/2008 11:00,2.9476
3/29/2008 12:00,1.883966667
3/29/2008 13:00,1.888166667
3/29/2008 14:00,1.492766667
3/29/2008 15:00,1.465466667
3/29/2008 16:00,1.538166667
3/29/2008 17:00,2.6221
3/29/2008 18:00,2.572366667
3/29/2008 19:00,3.395033333
3/29/2008 20:00,3.713866667
3/29/2008 21:00,3.1755
3/29/2008 22:00,3.018166667
3/29/2008 23:00,2.7069
3/30/2008 0:00,2.847433333
3/30/2008 1:00,2.305366667
3/30/2008 2:00,1.372066667
3/30/2008 3:00,1.314266667
3/30/2008 4:00,0.8551
3/30/2008 5:00,0.309166667
3/30/2008 6:00,0.269833333
3/30/2008 7:00,0.274566667
3/30/2008 8:00,0.288233333
3/30/2008 9:00,0.692233333
3/30/2008 10:00,1.390966667
3/30/2008 11:00,1.921566667
3/30/2008 12:00,2.4875
3/30/2008 13:00,2.314733333
3/30/2008 14:00,1.375766667
3/30/2008 15:00,0.677033333
3/30/2008 16:00,1.1984
3/30/2008 17:00,0.5887
3/30/2008 18:00,3.637
3/30/2008 19:00,1.6144
3/30/2008 20:00,3.4782
3/30/2008 21:00,3.0557
3/30/2008 22:00,1.0864
3/30/2008 23:00,0.418566667
3/31/2008 0:00,0.363933333
3/31/2008 1:00,0.343366667
3/31/2008 2:00,0.284366667
3/31/2008 3:00,0.2847
3/31/2008 4:00,0.5501
3/31/2008 5:00,0.593433333
3/31/2008 6:00,0.457833333
3/31/2008 7:00,2.559066667
3/31/2008 8:00,2.003566667
3/31/2008 9:00,1.350466667
3/31/2008 10:00,1.337266667
3/31/2008 11:00,1.298566667
3/31/2008 12:00,0.326933333
3/31/2008 13:00,0.275933333
3/31/2008 14:00,0.288833333
3/31/2008 15:00,0.3104
3/31/2008 16:00,0.315333333
3/31/2008 17:00,0.300466667
3/31/2008 18:00,0.303533333
3/31/2008 19:00,0.917166667
3/31/2008 20:00,2.057766667
3/31/2008 21:00,2.626233333
3/31/2008 22:00,2.351
3/31/2008 23:00,1.459233333
04-01-2008 00:00,1.3961
04-01-2008 01:00,0.7798
04-01-2008 02:00,0.338433333
04-01-2008 03:00,0.344566667
04-01-2008 04:00,0.292866667
04-01-2008 05:00,0.274266667
04-01-2008 06:00,0.326266667
04-01-2008 07:00,1.3082
04-01-2008 08:00,1.489366667
04-01-2008 09:00,1.499766667
04-01-2008 10:00,1.560866667
04-01-2008 11:00,1.539166667
04-01-2008 12:00,2.3434
04-01-2008 13:00,3.345733333
04-01-2008 14:00,3.893766667
04-01-2008 15:00,3.693466667
04-01-2008 16:00,2.156633333
04-01-2008 17:00,0.996
04-01-2008 18:00,0.355033333
04-01-2008 19:00,0.622266667
04-01-2008 20:00,2.265233333
04-01-2008 21:00,2.4909
04-01-2008 22:00,1.8678
04-01-2008 23:00,0.3043
04-02-2008 00:00,0.291266667
04-02-2008 01:00,0.293266667
04-02-2008 02:00,0.341066667
04-02-2008 03:00,0.278166667
04-02-2008 04:00,0.2957
04-02-2008 05:00,0.3157
04-02-2008 06:00,1.298333333
04-02-2008 07:00,2.002333333
04-02-2008 08:00,1.6925
04-02-2008 09:00,1.543133333
04-02-2008 10:00,1.494366667
04-02-2008 11:00,1.3665
04-02-2008 12:00,1.3396
04-02-2008 13:00,0.860466667
04-02-2008 14:00,0.344633333
04-02-2008 15:00,0.325633333
04-02-2008 16:00,0.710766667
04-02-2008 17:00,0.3887
04-02-2008 18:00,1.179866667
04-02-2008 19:00,2.689233333
04-02-2008 20:00,1.6285
04-02-2008 21:00,3.406366667
04-02-2008 22:00,2.3385
04-02-2008 23:00,1.769933333
04-03-2008 00:00,0.302433333
04-03-2008 01:00,0.2778
04-03-2008 02:00,0.4014
04-03-2008 03:00,0.919833333
04-03-2008 04:00,0.2596
04-03-2008 05:00,0.271466667
04-03-2008 06:00,1.5581
04-03-2008 07:00,2.0161
04-03-2008 08:00,1.4666
04-03-2008 09:00,1.406066667
04-03-2008 10:00,1.3676
04-03-2008 11:00,0.894133333
04-03-2008 12:00,0.274133333
04-03-2008 13:00,0.3231
04-03-2008 14:00,0.2723
04-03-2008 15:00,0.4859
04-03-2008 16:00,0.4226
04-03-2008 17:00,0.476866667
04-03-2008 18:00,0.623533333
04-03-2008 19:00,1.2804
04-03-2008 20:00,1.371366667
04-03-2008 21:00,1.3605
04-03-2008 22:00,0.4682
04-03-2008 23:00,0.312566667
04-04-2008 00:00,0.316733333
04-04-2008 01:00,0.964533333
04-04-2008 02:00,0.273866667
04-04-2008 03:00,0.3103
04-04-2008 04:00,0.273166667
04-04-2008 05:00,0.264133333
04-04-2008 06:00,0.2867
04-04-2008 07:00,1.923966667
04-04-2008 08:00,2.267466667
04-04-2008 09:00,2.071066667
04-04-2008 10:00,2.4005
04-04-2008 11:00,1.373566667
04-04-2008 12:00,1.3396
04-04-2008 13:00,1.352666667
04-04-2008 14:00,1.013666667
04-04-2008 15:00,0.2784
04-04-2008 16:00,0.288466667
04-04-2008 17:00,0.3675
04-04-2008 18:00,0.3009
04-04-2008 19:00,1.6593
04-04-2008 20:00,2.140233333
04-04-2008 21:00,2.279733333
04-04-2008 22:00,2.050466667
04-04-2008 23:00,1.4017
04-05-2008 00:00,1.078433333
04-05-2008 01:00,0.2733
04-05-2008 02:00,0.259666667
04-05-2008 03:00,0.283033333
04-05-2008 04:00,0.321966667
04-05-2008 05:00,0.266766667
04-05-2008 06:00,0.2859
04-05-2008 07:00,0.944733333
04-05-2008 08:00,1.207666667
04-05-2008 09:00,1.435266667
04-05-2008 10:00,0.4654
04-05-2008 11:00,1.2779
04-05-2008 12:00,1.877266667
04-05-2008 13:00,2.1281
04-05-2008 14:00,2.256133333
04-05-2008 15:00,1.7057
04-05-2008 16:00,2.147933333
04-05-2008 17:00,2.310266667
04-05-2008 18:00,1.6249
04-05-2008 19:00,2.1365
04-05-2008 20:00,3.841233333
04-05-2008 21:00,2.6387
04-05-2008 22:00,1.297966667
04-05-2008 23:00,0.7813
04-06-2008 00:00,0.4276
04-06-2008 01:00,0.3485
04-06-2008 02:00,0.3382
04-06-2008 03:00,0.3026
04-06-2008 04:00,0.677133333
04-06-2008 05:00,0.508433333
04-06-2008 06:00,0.313
04-06-2008 07:00,0.308133333
04-06-2008 08:00,1.063933333
04-06-2008 09:00,1.201166667
04-06-2008 10:00,0.9936
04-06-2008 11:00,3.680066667
04-06-2008 12:00,2.710166667
04-06-2008 13:00,1.877033333
04-06-2008 14:00,1.169633333
04-06-2008 15:00,0.399666667
04-06-2008 16:00,0.483233333
04-06-2008 17:00,0.510833333
04-06-2008 18:00,0.899966667
04-06-2008 19:00,2.317266667
04-06-2008 20:00,2.678566667
04-06-2008 21:00,2.278766667
04-06-2008 22:00,1.8175
04-06-2008 23:00,0.966966667
04-07-2008 00:00,0.477066667
04-07-2008 01:00,0.3171
04-07-2008 02:00,0.430533333
04-07-2008 03:00,0.7742
04-07-2008 04:00,0.307533333
04-07-2008 05:00,0.3182
04-07-2008 06:00,0.667433333
04-07-2008 07:00,1.3578
04-07-2008 08:00,2.060266667
04-07-2008 09:00,2.024433333
04-07-2008 10:00,1.416033333
04-07-2008 11:00,1.434933333
04-07-2008 12:00,1.226766667
04-07-2008 13:00,0.455866667
04-07-2008 14:00,0.5504
04-07-2008 15:00,0.445133333
04-07-2008 16:00,0.471
04-07-2008 17:00,0.359733333
04-07-2008 18:00,0.430233333
04-07-2008 19:00,3.115466667
04-07-2008 20:00,2.495666667
04-07-2008 21:00,2.726133333
04-07-2008 22:00,1.410866667
04-07-2008 23:00,0.3745
04-08-2008 00:00,0.324566667
04-08-2008 01:00,0.319766667
04-08-2008 02:00,0.341933333
04-08-2008 03:00,0.493533333
04-08-2008 04:00,0.777333333
04-08-2008 05:00,0.308633333
04-08-2008 06:00,1.514166667
04-08-2008 07:00,3.499166667
04-08-2008 08:00,2.803133333
04-08-2008 09:00,2.1511
04-08-2008 10:00,4.311
04-08-2008 11:00,4.678833333
04-08-2008 12:00,3.6979
04-08-2008 13:00,3.596433333
04-08-2008 14:00,1.6095
04-08-2008 15:00,1.444733333
04-08-2008 16:00,1.421533333
04-08-2008 17:00,1.458366667
04-08-2008 18:00,1.437166667
04-08-2008 19:00,2.2495
04-08-2008 20:00,2.425433333
04-08-2008 21:00,1.843666667
04-08-2008 22:00,1.0353
04-08-2008 23:00,0.549233333
04-09-2008 00:00,0.792966667
04-09-2008 01:00,0.3474
04-09-2008 02:00,0.307133333
04-09-2008 03:00,0.306566667
04-09-2008 04:00,0.354433333
04-09-2008 05:00,0.320866667
04-09-2008 06:00,0.513266667
04-09-2008 07:00,2.8517
04-09-2008 08:00,1.471533333
04-09-2008 09:00,1.3837
04-09-2008 10:00,1.370466667
04-09-2008 11:00,1.414666667
04-09-2008 12:00,0.8894
04-09-2008 13:00,0.375266667
04-09-2008 14:00,0.319866667
04-09-2008 15:00,0.334066667
04-09-2008 16:00,0.3522
04-09-2008 17:00,0.302833333
04-09-2008 18:00,0.323966667
04-09-2008 19:00,1.452966667
04-09-2008 20:00,1.4978
04-09-2008 21:00,1.446366667
04-09-2008 22:00,1.266566667
04-09-2008 23:00,0.3182
04-10-2008 00:00,0.3349
04-10-2008 01:00,0.378333333
04-10-2008 02:00,0.3117
04-10-2008 03:00,0.2997
04-10-2008 04:00,0.2984
04-10-2008 05:00,0.301766667
04-10-2008 06:00,1.513966667
04-10-2008 07:00,2.503
04-10-2008 08:00,2.142133333
04-10-2008 09:00,2.008933333
04-10-2008 10:00,0.934066667
04-10-2008 11:00,0.347766667
04-10-2008 12:00,0.3585
04-10-2008 13:00,0.3184
04-10-2008 14:00,0.303466667
04-10-2008 15:00,0.303166667
04-10-2008 16:00,0.329133333
04-10-2008 17:00,0.4368
04-10-2008 18:00,0.980266667
04-10-2008 19:00,1.172266667
04-10-2008 20:00,2.422666667
04-10-2008 21:00,1.880033333
04-10-2008 22:00,2.2749
04-10-2008 23:00,2.474833333
04-11-2008 00:00,1.367966667
04-11-2008 01:00,0.8498
04-11-2008 02:00,0.322
04-11-2008 03:00,0.3688
04-11-2008 04:00,0.308566667
04-11-2008 05:00,0.295466667
04-11-2008 06:00,1.159933333
04-11-2008 07:00,2.350533333
04-11-2008 08:00,2.087933333
04-11-2008 09:00,1.5027
04-11-2008 10:00,1.3476
04-11-2008 11:00,1.3414
04-11-2008 12:00,1.323466667
04-11-2008 13:00,0.3201
04-11-2008 14:00,0.301366667
04-11-2008 15:00,1.4492
04-11-2008 16:00,1.452666667
04-11-2008 17:00,1.439333333
04-11-2008 18:00,1.4223
04-11-2008 19:00,2.235266667
04-11-2008 20:00,2.6796
04-11-2008 21:00,1.790233333
04-11-2008 22:00,2.153333333
04-11-2008 23:00,1.424833333
04-12-2008 00:00,1.1131
04-12-2008 01:00,0.9915
04-12-2008 02:00,0.402666667
04-12-2008 03:00,0.312
04-12-2008 04:00,0.306733333
04-12-2008 05:00,0.314866667
04-12-2008 06:00,0.358033333
04-12-2008 07:00,0.6508
04-12-2008 08:00,1.1815
04-12-2008 09:00,1.932266667
04-12-2008 10:00,1.373233333
04-12-2008 11:00,1.174333333
04-12-2008 12:00,1.2746
04-12-2008 13:00,0.905466667
04-12-2008 14:00,3.508233333
04-12-2008 15:00,2.580066667
04-12-2008 16:00,2.9066
04-12-2008 17:00,3.079766667
04-12-2008 18:00,5.656433333
04-12-2008 19:00,3.719733333
04-12-2008 20:00,3.076566667
04-12-2008 21:00,3.439233333
04-12-2008 22:00,3.1564
04-12-2008 23:00,3.252766667
4/13/2008 0:00,3.334666667
4/13/2008 1:00,1.439
4/13/2008 2:00,1.4083
4/13/2008 3:00,1.4122
4/13/2008 4:00,1.457
4/13/2008 5:00,0.438966667
4/13/2008 6:00,0.3475
4/13/2008 7:00,0.567466667
4/13/2008 8:00,0.5914
4/13/2008 9:00,1.636066667
4/13/2008 10:00,1.762866667
4/13/2008 11:00,0.956733333
4/13/2008 12:00,0.648033333
4/13/2008 13:00,1.2229
4/13/2008 14:00,1.4294
4/13/2008 15:00,0.637166667
4/13/2008 16:00,0.348866667
4/13/2008 17:00,2.7404
4/13/2008 18:00,4.0099
4/13/2008 19:00,3.128166667
4/13/2008 20:00,3.0619
4/13/2008 21:00,2.554933333
4/13/2008 22:00,1.593933333
4/13/2008 23:00,0.488666667
4/14/2008 0:00,0.340366667
4/14/2008 1:00,0.331433333
4/14/2008 2:00,0.3894
4/14/2008 3:00,0.518066667
4/14/2008 4:00,0.672333333
4/14/2008 5:00,0.327033333
4/14/2008 6:00,1.0243
4/14/2008 7:00,3.011966667
4/14/2008 8:00,1.4742
4/14/2008 9:00,1.481333333
4/14/2008 10:00,1.550533333
4/14/2008 11:00,1.512666667
4/14/2008 12:00,1.481666667
4/14/2008 13:00,1.513333333
4/14/2008 14:00,0.7252
4/14/2008 15:00,0.396733333
4/14/2008 16:00,0.410966667
4/14/2008 17:00,0.426933333
4/14/2008 18:00,0.3629
4/14/2008 19:00,0.5639
4/14/2008 20:00,1.362766667
4/14/2008 21:00,2.2457
4/14/2008 22:00,2.5786
4/14/2008 23:00,1.7907
4/15/2008 0:00,0.470933333
4/15/2008 1:00,0.341133333
4/15/2008 2:00,0.315233333
4/15/2008 3:00,0.328966667
4/15/2008 4:00,0.371766667
4/15/2008 5:00,0.322233333
4/15/2008 6:00,1.036633333
4/15/2008 7:00,0.9538
4/15/2008 8:00,1.712933333
4/15/2008 9:00,1.4227
4/15/2008 10:00,1.908366667
4/15/2008 11:00,2.777666667
4/15/2008 12:00,4.463566667
4/15/2008 13:00,2.0443
4/15/2008 14:00,0.3662
4/15/2008 15:00,0.336433333
4/15/2008 16:00,0.3999
4/15/2008 17:00,0.339133333
4/15/2008 18:00,0.3363
4/15/2008 19:00,0.429633333
4/15/2008 20:00,1.5927
4/15/2008 21:00,1.6885
4/15/2008 22:00,2.9219
4/15/2008 23:00,0.959166667
4/16/2008 0:00,0.343833333
4/16/2008 1:00,0.345266667
4/16/2008 2:00,0.3294
4/16/2008 3:00,0.3792
4/16/2008 4:00,0.330066667
4/16/2008 5:00,0.412933333
4/16/2008 6:00,1.202733333
4/16/2008 7:00,1.794833333
4/16/2008 8:00,1.4098
4/16/2008 9:00,1.448733333
4/16/2008 10:00,1.527033333
4/16/2008 11:00,0.4013
4/16/2008 12:00,0.434333333
4/16/2008 13:00,1.0561
4/16/2008 14:00,1.034033333
4/16/2008 15:00,0.495766667
4/16/2008 16:00,1.198433333
4/16/2008 17:00,1.408933333
4/16/2008 18:00,1.404466667
4/16/2008 19:00,1.7273
4/16/2008 20:00,2.1598
4/16/2008 21:00,1.766366667
4/16/2008 22:00,1.164866667
4/16/2008 23:00,1.0422
4/17/2008 0:00,0.707666667
4/17/2008 1:00,0.683766667
4/17/2008 2:00,0.3118
4/17/2008 3:00,0.305566667
4/17/2008 4:00,0.320666667
4/17/2008 5:00,0.354833333
4/17/2008 6:00,0.8517
4/17/2008 7:00,1.9829
4/17/2008 8:00,1.673333333
4/17/2008 9:00,1.415566667
4/17/2008 10:00,1.2219
4/17/2008 11:00,0.316633333
4/17/2008 12:00,0.354033333
4/17/2008 13:00,0.364366667
4/17/2008 14:00,0.3294
4/17/2008 15:00,0.328833333
4/17/2008 16:00,0.383366667
4/17/2008 17:00,0.3609
4/17/2008 18:00,1.047833333
4/17/2008 19:00,0.697566667
4/17/2008 20:00,3.036933333
4/17/2008 21:00,3.8928
4/17/2008 22:00,1.776466667
4/17/2008 23:00,0.545533333
4/18/2008 0:00,0.4117
4/18/2008 1:00,0.335866667
4/18/2008 2:00,0.330666667
4/18/2008 3:00,0.348333333
4/18/2008 4:00,0.5451
4/18/2008 5:00,0.763066667
4/18/2008 6:00,0.727133333
4/18/2008 7:00,1.582866667
4/18/2008 8:00,1.804933333
4/18/2008 9:00,1.452466667
4/18/2008 10:00,3.119
4/18/2008 11:00,3.286266667
4/18/2008 12:00,3.348633333
4/18/2008 13:00,1.5312
4/18/2008 14:00,1.537666667
4/18/2008 15:00,0.665766667
4/18/2008 16:00,0.6009
4/18/2008 17:00,0.347366667
4/18/2008 18:00,0.3214
4/18/2008 19:00,0.569066667
4/18/2008 20:00,2.108133333
4/18/2008 21:00,1.9818
4/18/2008 22:00,2.306833333
4/18/2008 23:00,1.013666667
4/19/2008 0:00,0.69
4/19/2008 1:00,0.342233333
4/19/2008 2:00,0.3691
4/19/2008 3:00,0.406966667
4/19/2008 4:00,0.324766667
4/19/2008 5:00,0.885133333
4/19/2008 6:00,0.445533333
4/19/2008 7:00,0.630166667
4/19/2008 8:00,0.521233333
4/19/2008 9:00,2.0888
4/19/2008 10:00,1.668133333
4/19/2008 11:00,1.740566667
4/19/2008 12:00,1.628066667
4/19/2008 13:00,1.3232
4/19/2008 14:00,2.294366667
4/19/2008 15:00,3.533633333
4/19/2008 16:00,2.069866667
4/19/2008 17:00,1.756433333
4/19/2008 18:00,2.342666667
4/19/2008 19:00,2.695
4/19/2008 20:00,2.269266667
4/19/2008 21:00,2.964466667
4/19/2008 22:00,2.586766667
4/19/2008 23:00,1.985466667
4/20/2008 0:00,0.443733333
4/20/2008 1:00,1.088433333
4/20/2008 2:00,0.7683
4/20/2008 3:00,0.358333333
4/20/2008 4:00,0.329033333
4/20/2008 5:00,0.338166667
4/20/2008 6:00,0.402366667
4/20/2008 7:00,1.3984
4/20/2008 8:00,0.3309
4/20/2008 9:00,0.467066667
4/20/2008 10:00,0.600033333
4/20/2008 11:00,1.1202
4/20/2008 12:00,1.6397
4/20/2008 13:00,1.696233333
4/20/2008 14:00,1.535266667
4/20/2008 15:00,1.544
4/20/2008 16:00,1.587033333
4/20/2008 17:00,0.476366667
4/20/2008 18:00,0.382066667
4/20/2008 19:00,1.753933333
4/20/2008 20:00,2.9073
4/20/2008 21:00,5.6713
4/20/2008 22:00,2.579666667
4/20/2008 23:00,0.439133333
4/21/2008 0:00,0.334233333
4/21/2008 1:00,0.368433333
4/21/2008 2:00,0.450766667
4/21/2008 3:00,0.333233333
4/21/2008 4:00,0.319233333
4/21/2008 5:00,0.911966667
4/21/2008 6:00,0.482733333
4/21/2008 7:00,1.817033333
4/21/2008 8:00,1.5332
4/21/2008 9:00,1.4468
4/21/2008 10:00,1.449166667
4/21/2008 11:00,0.723766667
4/21/2008 12:00,0.3237
4/21/2008 13:00,0.426466667
4/21/2008 14:00,0.348766667
4/21/2008 15:00,0.3296
4/21/2008 16:00,0.327233333
4/21/2008 17:00,0.392733333
4/21/2008 18:00,0.372066667
4/21/2008 19:00,0.723
4/21/2008 20:00,1.4762
4/21/2008 21:00,1.3599
4/21/2008 22:00,1.112633333
4/21/2008 23:00,2.039733333
4/22/2008 0:00,0.393933333
4/22/2008 1:00,0.364933333
4/22/2008 2:00,1.115433333
4/22/2008 3:00,0.375833333
4/22/2008 4:00,0.377733333
4/22/2008 5:00,0.3144
4/22/2008 6:00,0.709766667
4/22/2008 7:00,2.001633333
4/22/2008 8:00,2.207266667
4/22/2008 9:00,0.313633333
4/22/2008 10:00,0.324733333
4/22/2008 11:00,0.387133333
4/22/2008 12:00,0.324
4/22/2008 13:00,2.679533333
4/22/2008 14:00,2.985066667
4/22/2008 15:00,3.494066667
4/22/2008 16:00,1.846333333
4/22/2008 17:00,1.420133333
4/22/2008 18:00,1.487033333
4/22/2008 19:00,1.146566667
4/22/2008 20:00,0.9043
4/22/2008 21:00,1.152566667
4/22/2008 22:00,0.399466667
4/22/2008 23:00,0.402433333
4/23/2008 0:00,0.3378
4/23/2008 1:00,0.365066667
4/23/2008 2:00,0.348033333
4/23/2008 3:00,0.370266667
4/23/2008 4:00,0.310133333
4/23/2008 5:00,1.238233333
4/23/2008 6:00,0.427066667
4/23/2008 7:00,1.039866667
4/23/2008 8:00,1.486933333
4/23/2008 9:00,1.3768
4/23/2008 10:00,1.444366667
4/23/2008 11:00,1.0323
4/23/2008 12:00,0.335366667
4/23/2008 13:00,0.362166667
4/23/2008 14:00,0.403566667
4/23/2008 15:00,0.325666667
4/23/2008 16:00,0.352933333
4/23/2008 17:00,0.809766667
4/23/2008 18:00,0.3779
4/23/2008 19:00,1.526133333
4/23/2008 20:00,2.077433333
4/23/2008 21:00,2.693
4/23/2008 22:00,1.707633333
4/23/2008 23:00,1.8737
4/24/2008 0:00,2.459033333
4/24/2008 1:00,1.167133333
4/24/2008 2:00,0.3174
4/24/2008 3:00,0.3519
4/24/2008 4:00,0.355733333
4/24/2008 5:00,0.3141
4/24/2008 6:00,0.5648
4/24/2008 7:00,1.5561
4/24/2008 8:00,1.088233333
4/24/2008 9:00,0.320633333
4/24/2008 10:00,0.341233333
4/24/2008 11:00,0.3561
4/24/2008 12:00,0.321533333
4/24/2008 13:00,0.309633333
4/24/2008 14:00,0.4264
4/24/2008 15:00,0.533766667
4/24/2008 16:00,0.6942
4/24/2008 17:00,0.3307
4/24/2008 18:00,0.370633333
4/24/2008 19:00,0.429633333
4/24/2008 20:00,1.419533333
4/24/2008 21:00,1.267166667
4/24/2008 22:00,1.104166667
4/24/2008 23:00,0.996433333
4/25/2008 0:00,0.3435
4/25/2008 1:00,0.357533333
4/25/2008 2:00,0.3049
4/25/2008 3:00,0.3165
4/25/2008 4:00,0.3565
4/25/2008 5:00,0.318833333
4/25/2008 6:00,1.091866667
4/25/2008 7:00,1.5806
4/25/2008 8:00,1.475466667
4/25/2008 9:00,1.4031
4/25/2008 10:00,1.1787
4/25/2008 11:00,0.372733333
4/25/2008 12:00,0.879666667
4/25/2008 13:00,3.097766667
4/25/2008 14:00,2.082633333
4/25/2008 15:00,1.4404
4/25/2008 16:00,0.9682
4/25/2008 17:00,0.307166667
4/25/2008 18:00,0.441166667
4/25/2008 19:00,0.8025
4/25/2008 20:00,0.816866667
4/25/2008 21:00,0.472433333
4/25/2008 22:00,0.406933333
4/25/2008 23:00,0.312933333
4/26/2008 0:00,0.707066667
4/26/2008 1:00,0.632733333
4/26/2008 2:00,0.348766667
4/26/2008 3:00,0.3061
4/26/2008 4:00,0.366233333
4/26/2008 5:00,0.333
4/26/2008 6:00,0.310333333
4/26/2008 7:00,0.3214
4/26/2008 8:00,0.5115
4/26/2008 9:00,0.476133333
4/26/2008 10:00,1.1804
4/26/2008 11:00,0.815033333
4/26/2008 12:00,0.506933333
4/26/2008 13:00,0.5699
4/26/2008 14:00,0.5836
4/26/2008 15:00,0.712333333
4/26/2008 16:00,0.697833333
4/26/2008 17:00,0.604566667
4/26/2008 18:00,0.662733333
4/26/2008 19:00,0.667166667
4/26/2008 20:00,0.553033333
4/26/2008 21:00,1.8937
4/26/2008 22:00,0.671933333
4/26/2008 23:00,0.620333333
4/27/2008 0:00,1.227733333
4/27/2008 1:00,1.011333333
4/27/2008 2:00,0.496566667
4/27/2008 3:00,0.3753
4/27/2008 4:00,0.3374
4/27/2008 5:00,0.354633333
4/27/2008 6:00,0.342033333
4/27/2008 7:00,0.611133333
4/27/2008 8:00,1.0396
4/27/2008 9:00,0.637633333
4/27/2008 10:00,0.708266667
4/27/2008 11:00,0.514966667
4/27/2008 12:00,0.403566667
4/27/2008 13:00,0.810166667
4/27/2008 14:00,0.5781
4/27/2008 15:00,0.828533333
4/27/2008 16:00,1.539566667
4/27/2008 17:00,0.500933333
4/27/2008 18:00,1.424833333
4/27/2008 19:00,1.355033333
4/27/2008 20:00,0.597166667
4/27/2008 21:00,0.389533333
4/27/2008 22:00,0.3836
4/27/2008 23:00,0.336366667
4/28/2008 0:00,0.358133333
4/28/2008 1:00,0.6244
4/28/2008 2:00,0.311766667
4/28/2008 3:00,0.5106
4/28/2008 4:00,0.860066667
4/28/2008 5:00,0.3905
4/28/2008 6:00,0.307966667
4/28/2008 7:00,0.347333333
4/28/2008 8:00,0.425833333
4/28/2008 9:00,0.313333333
4/28/2008 10:00,0.554366667
4/28/2008 11:00,0.687433333
4/28/2008 12:00,0.458766667
4/28/2008 13:00,0.325266667
4/28/2008 14:00,1.134133333
4/28/2008 15:00,0.3928
4/28/2008 16:00,0.408666667
4/28/2008 17:00,0.4226
4/28/2008 18:00,0.350033333
4/28/2008 19:00,0.353966667
4/28/2008 20:00,0.377466667
4/28/2008 21:00,0.312533333
4/28/2008 22:00,0.3803
4/28/2008 23:00,0.375933333
4/29/2008 0:00,0.825
4/29/2008 1:00,0.745033333
4/29/2008 2:00,0.3578
4/29/2008 3:00,0.311533333
4/29/2008 4:00,0.366033333
4/29/2008 5:00,0.371933333
4/29/2008 6:00,0.326866667
4/29/2008 7:00,0.313133333
4/29/2008 8:00,0.352766667
4/29/2008 9:00,0.365666667
4/29/2008 10:00,2.2723
4/29/2008 11:00,2.577166667
4/29/2008 12:00,4.589166667
4/29/2008 13:00,3.8032
4/29/2008 14:00,1.496633333
4/29/2008 15:00,1.052933333
4/29/2008 16:00,0.371733333
4/29/2008 17:00,0.5298
4/29/2008 18:00,1.5002
4/29/2008 19:00,2.0976
4/29/2008 20:00,1.2114
4/29/2008 21:00,1.744966667
4/29/2008 22:00,3.049466667
4/29/2008 23:00,2.2446
4/30/2008 0:00,1.9716
4/30/2008 1:00,2.0547
4/30/2008 2:00,2.430766667
4/30/2008 3:00,1.498766667
4/30/2008 4:00,0.375833333
4/30/2008 5:00,0.313633333
4/30/2008 6:00,0.325866667
4/30/2008 7:00,0.354966667
4/30/2008 8:00,1.003766667
4/30/2008 9:00,1.389033333
4/30/2008 10:00,1.422833333
4/30/2008 11:00,0.5365
4/30/2008 12:00,0.334066667
4/30/2008 13:00,0.3149
4/30/2008 14:00,0.3841
4/30/2008 15:00,0.381866667
4/30/2008 16:00,0.309666667
4/30/2008 17:00,0.309033333
4/30/2008 18:00,0.787233333
4/30/2008 19:00,0.548933333
4/30/2008 20:00,0.3039
4/30/2008 21:00,0.324633333
4/30/2008 22:00,0.3776
4/30/2008 23:00,0.3079
05-01-2008 00:00,0.319833333
05-01-2008 01:00,0.341833333
05-01-2008 02:00,0.339766667
05-01-2008 03:00,0.314266667
05-01-2008 04:00,1.026566667
05-01-2008 05:00,0.369833333
05-01-2008 06:00,0.319966667
05-01-2008 07:00,0.3147
05-01-2008 08:00,0.337466667
05-01-2008 09:00,0.3551
05-01-2008 10:00,0.320733333
05-01-2008 11:00,0.302833333
05-01-2008 12:00,0.3682
05-01-2008 13:00,0.3302
05-01-2008 14:00,1.083333333
05-01-2008 15:00,0.427933333
05-01-2008 16:00,0.361133333
05-01-2008 17:00,0.318
05-01-2008 18:00,0.357033333
05-01-2008 19:00,0.361133333
05-01-2008 20:00,0.3214
05-01-2008 21:00,0.315533333
05-01-2008 22:00,0.328933333
05-01-2008 23:00,0.3645
05-02-2008 00:00,0.619333333
05-02-2008 01:00,0.9448
05-02-2008 02:00,0.361766667
05-02-2008 03:00,0.329666667
05-02-2008 04:00,0.315833333
05-02-2008 05:00,0.3133
05-02-2008 06:00,0.37
05-02-2008 07:00,0.313133333
05-02-2008 08:00,0.309333333
05-02-2008 09:00,1.528866667
05-02-2008 10:00,2.789966667
05-02-2008 11:00,1.454933333
05-02-2008 12:00,1.4316
05-02-2008 13:00,0.803633333
05-02-2008 14:00,0.319266667
05-02-2008 15:00,0.314533333
05-02-2008 16:00,0.379066667
05-02-2008 17:00,0.397866667
05-02-2008 18:00,1.393133333
05-02-2008 19:00,1.4968
05-02-2008 20:00,2.634733333
05-02-2008 21:00,1.5677
05-02-2008 22:00,2.1219
05-02-2008 23:00,2.451633333
05-03-2008 00:00,2.8899
05-03-2008 01:00,2.3642
05-03-2008 02:00,0.671933333
05-03-2008 03:00,0.480066667
05-03-2008 04:00,0.378766667
05-03-2008 05:00,0.392533333
05-03-2008 06:00,0.453933333
05-03-2008 07:00,0.3877
05-03-2008 08:00,0.3859
05-03-2008 09:00,0.9246
05-03-2008 10:00,2.460966667
05-03-2008 11:00,1.900133333
05-03-2008 12:00,0.7497
05-03-2008 13:00,0.403466667
05-03-2008 14:00,0.324033333
05-03-2008 15:00,0.373933333
05-03-2008 16:00,0.364766667
05-03-2008 17:00,0.3506
05-03-2008 18:00,0.366866667
05-03-2008 19:00,0.339333333
05-03-2008 20:00,0.993433333
05-03-2008 21:00,0.324833333
05-03-2008 22:00,2.5259
05-03-2008 23:00,0.685833333
05-04-2008 00:00,0.735733333
05-04-2008 01:00,0.914
05-04-2008 02:00,0.697566667
05-04-2008 03:00,0.383
05-04-2008 04:00,0.3321
05-04-2008 05:00,0.3693
05-04-2008 06:00,0.371633333
05-04-2008 07:00,0.337666667
05-04-2008 08:00,0.556066667
05-04-2008 09:00,0.724066667
05-04-2008 10:00,0.938166667
05-04-2008 11:00,0.474966667
05-04-2008 12:00,0.6511
05-04-2008 13:00,0.6908
05-04-2008 14:00,0.593033333
05-04-2008 15:00,1.462666667
05-04-2008 16:00,0.8002
05-04-2008 17:00,1.0609
05-04-2008 18:00,3.370433333
05-04-2008 19:00,3.193266667
05-04-2008 20:00,0.782466667
05-04-2008 21:00,3.1541
05-04-2008 22:00,1.483233333
05-04-2008 23:00,0.4397
05-05-2008 00:00,0.352033333
05-05-2008 01:00,0.416833333
05-05-2008 02:00,0.352533333
05-05-2008 03:00,0.940033333
05-05-2008 04:00,0.353333333
05-05-2008 05:00,0.325
05-05-2008 06:00,1.6042
05-05-2008 07:00,1.786066667
05-05-2008 08:00,1.991266667
05-05-2008 09:00,1.867966667
05-05-2008 10:00,1.3614
05-05-2008 11:00,1.4697
05-05-2008 12:00,1.210333333
05-05-2008 13:00,0.351566667
05-05-2008 14:00,0.3992
05-05-2008 15:00,0.334766667
05-05-2008 16:00,0.522266667
05-05-2008 17:00,0.441166667
05-05-2008 18:00,0.4028
05-05-2008 19:00,0.773033333
05-05-2008 20:00,1.881
05-05-2008 21:00,1.352566667
05-05-2008 22:00,1.5909
05-05-2008 23:00,0.702233333
05-06-2008 00:00,0.484866667
05-06-2008 01:00,0.369533333
05-06-2008 02:00,0.402266667
05-06-2008 03:00,1.0177
05-06-2008 04:00,0.344866667
05-06-2008 05:00,0.385066667
05-06-2008 06:00,0.582766667
05-06-2008 07:00,1.3961
05-06-2008 08:00,1.380233333
05-06-2008 09:00,1.472333333
05-06-2008 10:00,1.148366667
05-06-2008 11:00,0.403766667
05-06-2008 12:00,0.322233333
05-06-2008 13:00,0.343133333
05-06-2008 14:00,2.1997
05-06-2008 15:00,3.810566667
05-06-2008 16:00,3.008666667
05-06-2008 17:00,3.144466667
05-06-2008 18:00,1.6466
05-06-2008 19:00,1.539033333
05-06-2008 20:00,0.5853
05-06-2008 21:00,1.236133333
05-06-2008 22:00,1.7982
05-06-2008 23:00,0.8111
05-07-2008 00:00,0.426566667
05-07-2008 01:00,0.362733333
05-07-2008 02:00,0.384266667
05-07-2008 03:00,0.3415
05-07-2008 04:00,0.383533333
05-07-2008 05:00,0.334166667
05-07-2008 06:00,1.112666667
05-07-2008 07:00,1.6429
05-07-2008 08:00,1.438066667
05-07-2008 09:00,1.434166667
05-07-2008 10:00,0.722533333
05-07-2008 11:00,0.553366667
05-07-2008 12:00,0.412733333
05-07-2008 13:00,0.488
05-07-2008 14:00,0.806866667
05-07-2008 15:00,0.453966667
05-07-2008 16:00,0.9495
05-07-2008 17:00,0.353733333
05-07-2008 18:00,0.606466667
05-07-2008 19:00,1.001133333
05-07-2008 20:00,0.6527
05-07-2008 21:00,1.451566667
05-07-2008 22:00,1.355166667
05-07-2008 23:00,1.9361
05-08-2008 00:00,1.406233333
05-08-2008 01:00,1.067066667
05-08-2008 02:00,1.124933333
05-08-2008 03:00,1.063366667
05-08-2008 04:00,1.117033333
05-08-2008 05:00,1.112366667
05-08-2008 06:00,1.069533333
05-08-2008 07:00,1.0217
05-08-2008 08:00,0.375633333
05-08-2008 09:00,1.5376
05-08-2008 10:00,0.475433333
05-08-2008 11:00,1.2304
05-08-2008 12:00,2.357833333
05-08-2008 13:00,1.743133333
05-08-2008 14:00,1.850533333
05-08-2008 15:00,2.093233333
05-08-2008 16:00,1.171266667
05-08-2008 17:00,0.456733333
05-08-2008 18:00,1.0647
05-08-2008 19:00,2.912
05-08-2008 20:00,2.0966
05-08-2008 21:00,1.799866667
05-08-2008 22:00,2.993733333
05-08-2008 23:00,2.137366667
05-09-2008 00:00,0.761
05-09-2008 01:00,0.399233333
05-09-2008 02:00,0.434233333
05-09-2008 03:00,0.458266667
05-09-2008 04:00,0.3719
05-09-2008 05:00,0.434833333
05-09-2008 06:00,0.418866667
05-09-2008 07:00,1.266666667
05-09-2008 08:00,0.919433333
05-09-2008 09:00,2.487933333
05-09-2008 10:00,2.153066667
05-09-2008 11:00,1.989233333
05-09-2008 12:00,1.953466667
05-09-2008 13:00,2.6425
05-09-2008 14:00,2.2482
05-09-2008 15:00,1.073433333
05-09-2008 16:00,0.7424
05-09-2008 17:00,0.795933333
05-09-2008 18:00,1.991466667
05-09-2008 19:00,1.917866667
05-09-2008 20:00,0.7813
05-09-2008 21:00,1.678
05-09-2008 22:00,0.8152
05-09-2008 23:00,0.386766667
05-10-2008 00:00,0.421266667
05-10-2008 01:00,0.476366667
05-10-2008 02:00,0.434533333
05-10-2008 03:00,0.347433333
05-10-2008 04:00,0.372366667
05-10-2008 05:00,0.462333333
05-10-2008 06:00,0.7962
05-10-2008 07:00,0.802566667
05-10-2008 08:00,0.5664
05-10-2008 09:00,1.575666667
05-10-2008 10:00,2.2714
05-10-2008 11:00,1.219266667
05-10-2008 12:00,1.721266667
05-10-2008 13:00,1.620966667
05-10-2008 14:00,1.465266667
05-10-2008 15:00,1.744833333
05-10-2008 16:00,3.930333333
05-10-2008 17:00,1.426333333
05-10-2008 18:00,1.8148
05-10-2008 19:00,1.7022
05-10-2008 20:00,1.6424
05-10-2008 21:00,1.612966667
05-10-2008 22:00,1.5711
05-10-2008 23:00,1.820533333
05-11-2008 00:00,1.7596
05-11-2008 01:00,2.161666667
05-11-2008 02:00,1.711666667
05-11-2008 03:00,0.7081
05-11-2008 04:00,0.718133333
05-11-2008 05:00,0.3655
05-11-2008 06:00,0.247766667
05-11-2008 07:00,0.323433333
05-11-2008 08:00,0.538966667
05-11-2008 09:00,0.597233333
05-11-2008 10:00,1.307966667
05-11-2008 11:00,1.327033333
05-11-2008 12:00,0.609
05-11-2008 13:00,0.641533333
05-11-2008 14:00,2.061166667
05-11-2008 15:00,2.0874
05-11-2008 16:00,1.186933333
05-11-2008 17:00,1.025166667
05-11-2008 18:00,0.971366667
05-11-2008 19:00,0.956
05-11-2008 20:00,1.0499
05-11-2008 21:00,1.076333333
05-11-2008 22:00,2.6546
05-11-2008 23:00,0.7622
05-12-2008 00:00,0.311233333
05-12-2008 01:00,0.348466667
05-12-2008 02:00,0.2516
05-12-2008 03:00,0.2931
05-12-2008 04:00,0.351966667
05-12-2008 05:00,0.2305
05-12-2008 06:00,0.322533333
05-12-2008 07:00,0.320866667
05-12-2008 08:00,1.063833333
05-12-2008 09:00,0.4906
05-12-2008 10:00,2.2717
05-12-2008 11:00,2.425066667
05-12-2008 12:00,1.755166667
05-12-2008 13:00,1.230666667
05-12-2008 14:00,1.8291
05-12-2008 15:00,1.384866667
05-12-2008 16:00,1.489833333
05-12-2008 17:00,1.476533333
05-12-2008 18:00,0.847233333
05-12-2008 19:00,0.5269
05-12-2008 20:00,1.079566667
05-12-2008 21:00,1.623133333
05-12-2008 22:00,2.613566667
05-12-2008 23:00,0.865366667
5/13/2008 0:00,0.378766667
5/13/2008 1:00,0.316266667
5/13/2008 2:00,0.2783
5/13/2008 3:00,0.309466667
5/13/2008 4:00,0.218133333
5/13/2008 5:00,0.329233333
5/13/2008 6:00,0.732933333
5/13/2008 7:00,1.8391
5/13/2008 8:00,1.326766667
5/13/2008 9:00,1.191066667
5/13/2008 10:00,0.291333333
5/13/2008 11:00,0.287933333
5/13/2008 12:00,0.2773
5/13/2008 13:00,0.320733333
5/13/2008 14:00,1.316333333
5/13/2008 15:00,3.327566667
5/13/2008 16:00,3.008366667
5/13/2008 17:00,2.215266667
5/13/2008 18:00,0.697166667
5/13/2008 19:00,0.552
5/13/2008 20:00,1.350566667
5/13/2008 21:00,0.993566667
5/13/2008 22:00,1.782966667
5/13/2008 23:00,1.273766667
5/14/2008 0:00,0.503833333
5/14/2008 1:00,0.327266667
5/14/2008 2:00,0.856
5/14/2008 3:00,0.330566667
5/14/2008 4:00,0.2686
5/14/2008 5:00,0.292933333
5/14/2008 6:00,1.3277
5/14/2008 7:00,1.833266667
5/14/2008 8:00,1.527666667
5/14/2008 9:00,1.356733333
5/14/2008 10:00,2.3863
5/14/2008 11:00,1.410366667
5/14/2008 12:00,0.323133333
5/14/2008 13:00,0.862633333
5/14/2008 14:00,0.934866667
5/14/2008 15:00,1.4844
5/14/2008 16:00,1.146466667
5/14/2008 17:00,2.012833333
5/14/2008 18:00,0.716933333
5/14/2008 19:00,1.305466667
5/14/2008 20:00,2.1968
5/14/2008 21:00,1.509933333
5/14/2008 22:00,0.595033333
5/14/2008 23:00,0.894633333
5/15/2008 0:00,0.461733333
5/15/2008 1:00,0.295566667
5/15/2008 2:00,0.317666667
5/15/2008 3:00,0.2962
5/15/2008 4:00,0.2908
5/15/2008 5:00,0.289766667
5/15/2008 6:00,0.731733333
5/15/2008 7:00,1.911333333
5/15/2008 8:00,1.865933333
5/15/2008 9:00,1.771933333
5/15/2008 10:00,0.5621
5/15/2008 11:00,0.2638
5/15/2008 12:00,0.569633333
5/15/2008 13:00,0.344566667
5/15/2008 14:00,0.570566667
5/15/2008 15:00,0.451933333
5/15/2008 16:00,0.569866667
5/15/2008 17:00,0.786133333
5/15/2008 18:00,1.027766667
5/15/2008 19:00,0.659
5/15/2008 20:00,1.334066667
5/15/2008 21:00,2.6833
5/15/2008 22:00,1.025966667
5/15/2008 23:00,0.2981
5/16/2008 0:00,0.373
5/16/2008 1:00,0.291566667
5/16/2008 2:00,0.313633333
5/16/2008 3:00,0.917433333
5/16/2008 4:00,0.3261
5/16/2008 5:00,0.2688
5/16/2008 6:00,0.5595
5/16/2008 7:00,1.795866667
5/16/2008 8:00,1.0599
5/16/2008 9:00,0.3105
5/16/2008 10:00,0.919266667
5/16/2008 11:00,0.3581
5/16/2008 12:00,1.4624
5/16/2008 13:00,2.344033333
5/16/2008 14:00,3.369066667
5/16/2008 15:00,1.423833333
5/16/2008 16:00,0.472666667
5/16/2008 17:00,0.657166667
5/16/2008 18:00,1.2418
5/16/2008 19:00,1.038433333
5/16/2008 20:00,2.322066667
5/16/2008 21:00,3.3417
5/16/2008 22:00,1.9099
5/16/2008 23:00,0.406033333
5/17/2008 0:00,0.296566667
5/17/2008 1:00,0.803266667
5/17/2008 2:00,0.273766667
5/17/2008 3:00,0.3291
5/17/2008 4:00,0.222833333
5/17/2008 5:00,0.3491
5/17/2008 6:00,0.235133333
5/17/2008 7:00,0.8256
5/17/2008 8:00,1.958633333
5/17/2008 9:00,2.185066667
5/17/2008 10:00,1.665833333
5/17/2008 11:00,0.9463
5/17/2008 12:00,0.534933333
5/17/2008 13:00,1.540566667
5/17/2008 14:00,0.910866667
5/17/2008 15:00,0.411733333
5/17/2008 16:00,0.4866
5/17/2008 17:00,0.515866667
5/17/2008 18:00,0.826333333
5/17/2008 19:00,1.7635
5/17/2008 20:00,1.837733333
5/17/2008 21:00,2.470066667
5/17/2008 22:00,2.8943
5/17/2008 23:00,3.340533333
5/18/2008 0:00,1.062133333
5/18/2008 1:00,1.409466667
5/18/2008 2:00,1.493466667
5/18/2008 3:00,0.3072
5/18/2008 4:00,0.337666667
5/18/2008 5:00,0.2518
5/18/2008 6:00,0.235133333
5/18/2008 7:00,0.350466667
5/18/2008 8:00,0.5562
5/18/2008 9:00,0.6113
5/18/2008 10:00,1.651233333
5/18/2008 11:00,1.923966667
5/18/2008 12:00,1.795033333
5/18/2008 13:00,1.311466667
5/18/2008 14:00,0.377066667
5/18/2008 15:00,0.270266667
5/18/2008 16:00,0.282833333
5/18/2008 17:00,0.8451
5/18/2008 18:00,0.768866667
5/18/2008 19:00,1.7657
5/18/2008 20:00,4.2307
5/18/2008 21:00,4.466466667
5/18/2008 22:00,2.879566667
5/18/2008 23:00,0.882866667
5/19/2008 0:00,0.373166667
5/19/2008 1:00,0.2498
5/19/2008 2:00,0.229466667
5/19/2008 3:00,0.3249
5/19/2008 4:00,0.228133333
5/19/2008 5:00,0.338133333
5/19/2008 6:00,1.259933333
5/19/2008 7:00,2.265333333
5/19/2008 8:00,1.2916
5/19/2008 9:00,1.3304
5/19/2008 10:00,1.298433333
5/19/2008 11:00,0.3742
5/19/2008 12:00,0.265733333
5/19/2008 13:00,0.217466667
5/19/2008 14:00,0.3044
5/19/2008 15:00,0.229533333
5/19/2008 16:00,0.228866667
5/19/2008 17:00,0.253366667
5/19/2008 18:00,0.2725
5/19/2008 19:00,0.368066667
5/19/2008 20:00,1.775966667
5/19/2008 21:00,1.748933333
5/19/2008 22:00,1.5837
5/19/2008 23:00,0.359
5/20/2008 0:00,0.279033333
5/20/2008 1:00,0.2601
5/20/2008 2:00,1.019333333
5/20/2008 3:00,0.265866667
5/20/2008 4:00,0.268066667
5/20/2008 5:00,0.2214
5/20/2008 6:00,0.671466667
5/20/2008 7:00,1.803666667
5/20/2008 8:00,1.281466667
5/20/2008 9:00,1.043033333
5/20/2008 10:00,0.985533333
5/20/2008 11:00,2.345633333
5/20/2008 12:00,3.876466667
5/20/2008 13:00,1.958833333
5/20/2008 14:00,1.3405
5/20/2008 15:00,1.3296
5/20/2008 16:00,0.944566667
5/20/2008 17:00,0.2566
5/20/2008 18:00,0.2595
5/20/2008 19:00,1.1131
5/20/2008 20:00,1.342633333
5/20/2008 21:00,1.935466667
5/20/2008 22:00,1.118333333
5/20/2008 23:00,0.435366667
5/21/2008 0:00,0.334733333
5/21/2008 1:00,0.210233333
5/21/2008 2:00,0.223666667
5/21/2008 3:00,0.277033333
5/21/2008 4:00,0.4931
5/21/2008 5:00,0.6373
5/21/2008 6:00,0.758533333
5/21/2008 7:00,1.6751
5/21/2008 8:00,1.581333333
5/21/2008 9:00,1.3703
5/21/2008 10:00,1.3979
5/21/2008 11:00,1.288933333
5/21/2008 12:00,0.3486
5/21/2008 13:00,0.3231
5/21/2008 14:00,0.330266667
5/21/2008 15:00,0.7182
5/21/2008 16:00,0.7976
5/21/2008 17:00,0.276
5/21/2008 18:00,0.374133333
5/21/2008 19:00,0.922166667
5/21/2008 20:00,1.303066667
5/21/2008 21:00,2.271766667
5/21/2008 22:00,2.225466667
5/21/2008 23:00,1.93
5/22/2008 0:00,0.262166667
5/22/2008 1:00,0.341166667
5/22/2008 2:00,0.264166667
5/22/2008 3:00,0.310333333
5/22/2008 4:00,0.279
5/22/2008 5:00,0.246333333
5/22/2008 6:00,0.624933333
5/22/2008 7:00,0.9955
5/22/2008 8:00,1.601733333
5/22/2008 9:00,1.270766667
5/22/2008 10:00,1.138766667
5/22/2008 11:00,0.235833333
5/22/2008 12:00,0.2203
5/22/2008 13:00,0.328633333
5/22/2008 14:00,0.431033333
5/22/2008 15:00,0.445133333
5/22/2008 16:00,0.3231
5/22/2008 17:00,0.252933333
5/22/2008 18:00,0.253533333
5/22/2008 19:00,1.347366667
5/22/2008 20:00,0.839166667
5/22/2008 21:00,1.339566667
5/22/2008 22:00,1.6838
5/22/2008 23:00,1.245866667
5/23/2008 0:00,0.2808
5/23/2008 1:00,0.230466667
5/23/2008 2:00,0.2945
5/23/2008 3:00,0.235433333
5/23/2008 4:00,0.215166667
5/23/2008 5:00,0.3184
5/23/2008 6:00,1.509833333
5/23/2008 7:00,1.829066667
5/23/2008 8:00,1.582366667
5/23/2008 9:00,1.569333333
5/23/2008 10:00,2.708666667
5/23/2008 11:00,1.632733333
5/23/2008 12:00,1.359466667
5/23/2008 13:00,1.375033333
5/23/2008 14:00,1.351433333
5/23/2008 15:00,1.317033333
5/23/2008 16:00,1.4302
5/23/2008 17:00,1.346366667
5/23/2008 18:00,1.219233333
5/23/2008 19:00,0.2457
5/23/2008 20:00,0.452633333
5/23/2008 21:00,0.680533333
5/23/2008 22:00,0.690933333
5/23/2008 23:00,0.873266667
5/24/2008 0:00,0.2709
5/24/2008 1:00,0.258833333
5/24/2008 2:00,0.2913
5/24/2008 3:00,0.454
5/24/2008 4:00,0.985766667
5/24/2008 5:00,0.213166667
5/24/2008 6:00,0.319766667
5/24/2008 7:00,0.553966667
5/24/2008 8:00,1.4882
5/24/2008 9:00,1.3814
5/24/2008 10:00,1.364933333
5/24/2008 11:00,0.510266667
5/24/2008 12:00,0.930666667
5/24/2008 13:00,1.072533333
5/24/2008 14:00,1.208333333
5/24/2008 15:00,1.434066667
5/24/2008 16:00,1.282733333
5/24/2008 17:00,1.591533333
5/24/2008 18:00,2.1219
5/24/2008 19:00,1.843766667
5/24/2008 20:00,1.088133333
5/24/2008 21:00,2.2391
5/24/2008 22:00,1.884133333
5/24/2008 23:00,1.546866667
5/25/2008 0:00,0.755933333
5/25/2008 1:00,0.719033333
5/25/2008 2:00,0.588066667
5/25/2008 3:00,0.634766667
5/25/2008 4:00,0.517533333
5/25/2008 5:00,0.87
5/25/2008 6:00,0.276566667
5/25/2008 7:00,0.2988
5/25/2008 8:00,0.637033333
5/25/2008 9:00,0.8817
5/25/2008 10:00,0.736766667
5/25/2008 11:00,1.7427
5/25/2008 12:00,2.366566667
5/25/2008 13:00,2.454133333
5/25/2008 14:00,2.230733333
5/25/2008 15:00,0.608366667
5/25/2008 16:00,2.2208
5/25/2008 17:00,0.805266667
5/25/2008 18:00,2.028733333
5/25/2008 19:00,3.129666667
5/25/2008 20:00,2.847933333
5/25/2008 21:00,2.309966667
5/25/2008 22:00,3.978233333
5/25/2008 23:00,0.502433333
5/26/2008 0:00,0.329533333
5/26/2008 1:00,0.352566667
5/26/2008 2:00,0.287066667
5/26/2008 3:00,0.3301
5/26/2008 4:00,0.309666667
5/26/2008 5:00,0.278433333
5/26/2008 6:00,0.926866667
5/26/2008 7:00,1.695033333
5/26/2008 8:00,1.627766667
5/26/2008 9:00,1.479266667
5/26/2008 10:00,1.622766667
5/26/2008 11:00,1.6696
5/26/2008 12:00,0.7544
5/26/2008 13:00,0.670866667
5/26/2008 14:00,0.5302
5/26/2008 15:00,0.4538
5/26/2008 16:00,0.466666667
5/26/2008 17:00,0.414033333
5/26/2008 18:00,0.4904
5/26/2008 19:00,0.581933333
5/26/2008 20:00,0.814266667
5/26/2008 21:00,1.745866667
5/26/2008 22:00,2.745466667
5/26/2008 23:00,0.9186
5/27/2008 0:00,0.3226
5/27/2008 1:00,0.3128
5/27/2008 2:00,0.3082
5/27/2008 3:00,0.285166667
5/27/2008 4:00,0.2742
5/27/2008 5:00,0.289466667
5/27/2008 6:00,0.9468
5/27/2008 7:00,1.902566667
5/27/2008 8:00,1.4571
5/27/2008 9:00,1.486433333
5/27/2008 10:00,1.674433333
5/27/2008 11:00,1.218
5/27/2008 12:00,0.7465
5/27/2008 13:00,0.475366667
5/27/2008 14:00,0.619466667
5/27/2008 15:00,1.8772
5/27/2008 16:00,3.0297
5/27/2008 17:00,3.504366667
5/27/2008 18:00,2.190033333
5/27/2008 19:00,1.271933333
5/27/2008 20:00,0.919133333
5/27/2008 21:00,0.658433333
5/27/2008 22:00,2.155666667
5/27/2008 23:00,0.552766667
5/28/2008 0:00,0.301233333
5/28/2008 1:00,0.2237
5/28/2008 2:00,0.3339
5/28/2008 3:00,0.220533333
5/28/2008 4:00,0.255366667
5/28/2008 5:00,0.289233333
5/28/2008 6:00,0.9008
5/28/2008 7:00,1.141966667
5/28/2008 8:00,1.6709
5/28/2008 9:00,1.446133333
5/28/2008 10:00,0.765266667
5/28/2008 11:00,0.2876
5/28/2008 12:00,0.5067
5/28/2008 13:00,0.2913
5/28/2008 14:00,0.4519
5/28/2008 15:00,0.6472
5/28/2008 16:00,0.751033333
5/28/2008 17:00,0.2799
5/28/2008 18:00,1.392966667
5/28/2008 19:00,1.891433333
5/28/2008 20:00,1.099466667
5/28/2008 21:00,2.061333333
5/28/2008 22:00,1.079733333
5/28/2008 23:00,0.283266667
5/29/2008 0:00,0.326033333
5/29/2008 1:00,0.3344
5/29/2008 2:00,0.288833333
5/29/2008 3:00,0.3523
5/29/2008 4:00,0.263733333
5/29/2008 5:00,0.3678
5/29/2008 6:00,1.426233333
5/29/2008 7:00,1.547333333
5/29/2008 8:00,1.6112
5/29/2008 9:00,1.362666667
5/29/2008 10:00,1.541433333
5/29/2008 11:00,1.4652
5/29/2008 12:00,0.977933333
5/29/2008 13:00,0.2862
5/29/2008 14:00,0.2451
5/29/2008 15:00,0.251433333
5/29/2008 16:00,0.2938
5/29/2008 17:00,0.305933333
5/29/2008 18:00,0.229533333
5/29/2008 19:00,0.450733333
5/29/2008 20:00,1.055933333
5/29/2008 21:00,1.6145
5/29/2008 22:00,1.6801
5/29/2008 23:00,0.639566667
5/30/2008 0:00,0.333833333
5/30/2008 1:00,0.265333333
5/30/2008 2:00,0.305666667
5/30/2008 3:00,0.249033333
5/30/2008 4:00,0.274766667
5/30/2008 5:00,0.2705
5/30/2008 6:00,0.789633333
5/30/2008 7:00,1.465733333
5/30/2008 8:00,1.601166667
5/30/2008 9:00,1.8009
5/30/2008 10:00,1.929466667
5/30/2008 11:00,3.414
5/30/2008 12:00,1.773733333
5/30/2008 13:00,1.498866667
5/30/2008 14:00,0.9632
5/30/2008 15:00,0.481966667
5/30/2008 16:00,0.437
5/30/2008 17:00,0.512033333
5/30/2008 18:00,0.412233333
5/30/2008 19:00,0.714366667
5/30/2008 20:00,1.6087
5/30/2008 21:00,1.302533333
5/30/2008 22:00,0.4339
5/30/2008 23:00,0.448833333
5/31/2008 0:00,0.278966667
5/31/2008 1:00,0.271
5/31/2008 2:00,0.266966667
5/31/2008 3:00,0.2827
5/31/2008 4:00,0.244466667
5/31/2008 5:00,0.651133333
5/31/2008 6:00,0.510266667
5/31/2008 7:00,0.809533333
5/31/2008 8:00,1.418366667
5/31/2008 9:00,1.461533333
5/31/2008 10:00,0.955066667
5/31/2008 11:00,0.5814
5/31/2008 12:00,0.683833333
5/31/2008 13:00,2.363733333
5/31/2008 14:00,2.6467
5/31/2008 15:00,1.0304
5/31/2008 16:00,0.791033333
5/31/2008 17:00,1.5961
5/31/2008 18:00,1.678533333
5/31/2008 19:00,2.275233333
5/31/2008 20:00,1.848066667
5/31/2008 21:00,1.239766667
5/31/2008 22:00,1.499133333
5/31/2008 23:00,1.9739
06-01-2008 00:00,1.3317
06-01-2008 01:00,1.6205
06-01-2008 02:00,0.9017
06-01-2008 03:00,0.3466
06-01-2008 04:00,0.219133333
06-01-2008 05:00,0.269733333
06-01-2008 06:00,0.292633333
06-01-2008 07:00,0.228066667
06-01-2008 08:00,1.017
06-01-2008 09:00,1.063466667
06-01-2008 10:00,1.388633333
06-01-2008 11:00,1.424733333
06-01-2008 12:00,1.500033333
06-01-2008 13:00,0.867066667
06-01-2008 14:00,0.870533333
06-01-2008 15:00,1.894233333
06-01-2008 16:00,0.871833333
06-01-2008 17:00,1.326233333
06-01-2008 18:00,1.4358
06-01-2008 19:00,2.932266667
06-01-2008 20:00,2.181733333
06-01-2008 21:00,2.901033333
06-01-2008 22:00,2.718366667
06-01-2008 23:00,1.211566667
06-02-2008 00:00,0.255333333
06-02-2008 01:00,0.3121
06-02-2008 02:00,0.2869
06-02-2008 03:00,0.275966667
06-02-2008 04:00,0.276166667
06-02-2008 05:00,0.2507
06-02-2008 06:00,1.1148
06-02-2008 07:00,2.341733333
06-02-2008 08:00,1.996933333
06-02-2008 09:00,1.994166667
06-02-2008 10:00,0.6403
06-02-2008 11:00,0.553266667
06-02-2008 12:00,0.499633333
06-02-2008 13:00,0.647766667
06-02-2008 14:00,0.5349
06-02-2008 15:00,0.667566667
06-02-2008 16:00,0.4526
06-02-2008 17:00,0.401
06-02-2008 18:00,0.390733333
06-02-2008 19:00,1.319033333
06-02-2008 20:00,0.645933333
06-02-2008 21:00,0.6823
06-02-2008 22:00,1.022833333
06-02-2008 23:00,0.337533333
06-03-2008 00:00,0.214233333
06-03-2008 01:00,0.328
06-03-2008 02:00,0.2106
06-03-2008 03:00,1.047533333
06-03-2008 04:00,0.351933333
06-03-2008 05:00,0.283833333
06-03-2008 06:00,0.882233333
06-03-2008 07:00,1.8764
06-03-2008 08:00,1.668833333
06-03-2008 09:00,1.691933333
06-03-2008 10:00,1.286666667
06-03-2008 11:00,1.615966667
06-03-2008 12:00,0.6577
06-03-2008 13:00,0.3804
06-03-2008 14:00,0.261633333
06-03-2008 15:00,0.4005
06-03-2008 16:00,0.9616
06-03-2008 17:00,0.212233333
06-03-2008 18:00,0.314333333
06-03-2008 19:00,2.1401
06-03-2008 20:00,3.492166667
06-03-2008 21:00,2.056966667
06-03-2008 22:00,2.540233333
06-03-2008 23:00,1.754233333
06-04-2008 00:00,0.813666667
06-04-2008 01:00,0.290766667
06-04-2008 02:00,0.271833333
06-04-2008 03:00,0.2665
06-04-2008 04:00,0.390133333
06-04-2008 05:00,0.8097
06-04-2008 06:00,1.2037
06-04-2008 07:00,3.447433333
06-04-2008 08:00,1.591033333
06-04-2008 09:00,1.338666667
06-04-2008 10:00,1.189566667
06-04-2008 11:00,2.097433333
06-04-2008 12:00,0.862466667
06-04-2008 13:00,0.336066667
06-04-2008 14:00,0.992166667
06-04-2008 15:00,1.9496
06-04-2008 16:00,0.515333333
06-04-2008 17:00,0.2493
06-04-2008 18:00,0.6007
06-04-2008 19:00,0.873433333
06-04-2008 20:00,0.9557
06-04-2008 21:00,1.966
06-04-2008 22:00,2.1174
06-04-2008 23:00,1.353266667
06-05-2008 00:00,0.922166667
06-05-2008 01:00,0.336133333
06-05-2008 02:00,0.242833333
06-05-2008 03:00,0.351733333
06-05-2008 04:00,0.241733333
06-05-2008 05:00,0.284866667
06-05-2008 06:00,0.653833333
06-05-2008 07:00,1.228966667
06-05-2008 08:00,1.480466667
06-05-2008 09:00,1.2891
06-05-2008 10:00,1.254033333
06-05-2008 11:00,1.291333333
06-05-2008 12:00,1.136766667
06-05-2008 13:00,0.408933333
06-05-2008 14:00,0.392833333
06-05-2008 15:00,0.261833333
06-05-2008 16:00,0.2521
06-05-2008 17:00,0.896866667
06-05-2008 18:00,0.4042
06-05-2008 19:00,1.360433333
06-05-2008 20:00,1.8538
06-05-2008 21:00,0.958566667
06-05-2008 22:00,0.902766667
06-05-2008 23:00,0.261666667
06-06-2008 00:00,0.3117
06-06-2008 01:00,0.320066667
06-06-2008 02:00,0.268333333
06-06-2008 03:00,0.369333333
06-06-2008 04:00,0.270466667
06-06-2008 05:00,1.042933333
06-06-2008 06:00,0.6655
06-06-2008 07:00,0.903
06-06-2008 08:00,1.492066667
06-06-2008 09:00,1.269766667
06-06-2008 10:00,0.642466667
06-06-2008 11:00,0.4609
06-06-2008 12:00,0.4323
06-06-2008 13:00,0.393266667
06-06-2008 14:00,0.631766667
06-06-2008 15:00,0.6988
06-06-2008 16:00,0.521833333
06-06-2008 17:00,0.4432
06-06-2008 18:00,0.927633333
06-06-2008 19:00,0.643633333
06-06-2008 20:00,3.063566667
06-06-2008 21:00,2.966366667
06-06-2008 22:00,1.011033333
06-06-2008 23:00,0.5453
06-07-2008 00:00,0.618233333
06-07-2008 01:00,0.557133333
06-07-2008 02:00,0.532466667
06-07-2008 03:00,0.640833333
06-07-2008 04:00,0.5263
06-07-2008 05:00,0.620966667
06-07-2008 06:00,1.093866667
06-07-2008 07:00,1.465666667
06-07-2008 08:00,1.919133333
06-07-2008 09:00,1.616233333
06-07-2008 10:00,1.7248
06-07-2008 11:00,1.9203
06-07-2008 12:00,1.952233333
06-07-2008 13:00,3.901166667
06-07-2008 14:00,2.289233333
06-07-2008 15:00,1.4078
06-07-2008 16:00,1.389066667
06-07-2008 17:00,1.554366667
06-07-2008 18:00,0.758666667
06-07-2008 19:00,2.0222
06-07-2008 20:00,1.7403
06-07-2008 21:00,0.456766667
06-07-2008 22:00,0.340266667
06-07-2008 23:00,0.326733333
06-08-2008 00:00,0.3593
06-08-2008 01:00,0.383133333
06-08-2008 02:00,0.3132
06-08-2008 03:00,0.212133333
06-08-2008 04:00,0.796633333
06-08-2008 05:00,0.3785
06-08-2008 06:00,0.2525
06-08-2008 07:00,0.270466667
06-08-2008 08:00,0.445266667
06-08-2008 09:00,0.319133333
06-08-2008 10:00,0.199933333
06-08-2008 11:00,1.3636
06-08-2008 12:00,0.661666667
06-08-2008 13:00,1.339433333
06-08-2008 14:00,1.8692
06-08-2008 15:00,2.187366667
06-08-2008 16:00,1.8302
06-08-2008 17:00,1.9016
06-08-2008 18:00,1.515
06-08-2008 19:00,2.5662
06-08-2008 20:00,1.3897
06-08-2008 21:00,3.324566667
06-08-2008 22:00,1.539733333
06-08-2008 23:00,0.2869
06-09-2008 00:00,0.303233333
06-09-2008 01:00,0.3086
06-09-2008 02:00,0.243066667
06-09-2008 03:00,0.3343
06-09-2008 04:00,0.219933333
06-09-2008 05:00,0.327533333
06-09-2008 06:00,1.214133333
06-09-2008 07:00,1.670766667
06-09-2008 08:00,3.1625
06-09-2008 09:00,1.060966667
06-09-2008 10:00,0.516166667
06-09-2008 11:00,1.0672
06-09-2008 12:00,1.651966667
06-09-2008 13:00,0.6887
06-09-2008 14:00,0.393533333
06-09-2008 15:00,0.504233333
06-09-2008 16:00,0.4432
06-09-2008 17:00,0.4592
06-09-2008 18:00,0.536666667
06-09-2008 19:00,1.396266667
06-09-2008 20:00,0.556733333
06-09-2008 21:00,1.122566667
06-09-2008 22:00,3.026333333
06-09-2008 23:00,0.887166667
06-10-2008 00:00,0.374866667
06-10-2008 01:00,0.285466667
06-10-2008 02:00,0.310366667
06-10-2008 03:00,0.236866667
06-10-2008 04:00,0.2957
06-10-2008 05:00,0.3051
06-10-2008 06:00,1.338166667
06-10-2008 07:00,1.755366667
06-10-2008 08:00,1.3329
06-10-2008 09:00,1.376166667
06-10-2008 10:00,1.354066667
06-10-2008 11:00,1.5231
06-10-2008 12:00,0.417633333
06-10-2008 13:00,0.318533333
06-10-2008 14:00,0.311633333
06-10-2008 15:00,0.276466667
06-10-2008 16:00,0.279166667
06-10-2008 17:00,0.318766667
06-10-2008 18:00,0.327833333
06-10-2008 19:00,1.059033333
06-10-2008 20:00,0.6926
06-10-2008 21:00,2.184166667
06-10-2008 22:00,0.7679
06-10-2008 23:00,0.342966667
06-11-2008 00:00,0.2766
06-11-2008 01:00,0.3269
06-11-2008 02:00,0.251
06-11-2008 03:00,0.2897
06-11-2008 04:00,0.8775
06-11-2008 05:00,0.470466667
06-11-2008 06:00,0.8294
06-11-2008 07:00,2.156466667
06-11-2008 08:00,1.726166667
06-11-2008 09:00,1.1995
06-11-2008 10:00,0.437233333
06-11-2008 11:00,0.436666667
06-11-2008 12:00,0.503366667
06-11-2008 13:00,0.370066667
06-11-2008 14:00,0.237
06-11-2008 15:00,0.962833333
06-11-2008 16:00,0.301066667
06-11-2008 17:00,0.706266667
06-11-2008 18:00,0.2846
06-11-2008 19:00,1.1957
06-11-2008 20:00,1.020533333
06-11-2008 21:00,2.251
06-11-2008 22:00,1.2518
06-11-2008 23:00,0.358266667
06-12-2008 00:00,0.313866667
06-12-2008 01:00,0.309533333
06-12-2008 02:00,0.345133333
06-12-2008 03:00,0.321833333
06-12-2008 04:00,0.292933333
06-12-2008 05:00,0.324866667
06-12-2008 06:00,1.218666667
06-12-2008 07:00,1.891566667
06-12-2008 08:00,2.2003
06-12-2008 09:00,2.021033333
06-12-2008 10:00,1.470533333
06-12-2008 11:00,0.916266667
06-12-2008 12:00,0.431533333
06-12-2008 13:00,0.730633333
06-12-2008 14:00,0.5198
06-12-2008 15:00,0.460666667
06-12-2008 16:00,0.285266667
06-12-2008 17:00,0.315533333
06-12-2008 18:00,0.757133333
06-12-2008 19:00,0.9098
06-12-2008 20:00,2.1029
06-12-2008 21:00,1.3795
06-12-2008 22:00,1.0673
06-12-2008 23:00,0.402266667
6/13/2008 0:00,0.2239
6/13/2008 1:00,0.3166
6/13/2008 2:00,0.212766667
6/13/2008 3:00,0.3179
6/13/2008 4:00,0.817166667
6/13/2008 5:00,0.2919
6/13/2008 6:00,0.760666667
6/13/2008 7:00,1.616266667
6/13/2008 8:00,1.949133333
6/13/2008 9:00,1.336133333
6/13/2008 10:00,1.286766667
6/13/2008 11:00,0.8702
6/13/2008 12:00,2.0557
6/13/2008 13:00,0.742166667
6/13/2008 14:00,3.0503
6/13/2008 15:00,0.962566667
6/13/2008 16:00,0.982133333
6/13/2008 17:00,2.9069
6/13/2008 18:00,1.8167
6/13/2008 19:00,1.811933333
6/13/2008 20:00,1.629266667
6/13/2008 21:00,1.637266667
6/13/2008 22:00,2.619666667
6/13/2008 23:00,1.0465
6/14/2008 0:00,0.3426
6/14/2008 1:00,0.330933333
6/14/2008 2:00,0.2887
6/14/2008 3:00,0.367666667
6/14/2008 4:00,0.2647
6/14/2008 5:00,0.367666667
6/14/2008 6:00,0.699366667
6/14/2008 7:00,1.6098
6/14/2008 8:00,0.392133333
6/14/2008 9:00,0.4503
6/14/2008 10:00,1.052733333
6/14/2008 11:00,0.765266667
6/14/2008 12:00,1.6699
6/14/2008 13:00,1.611566667
6/14/2008 14:00,1.452
6/14/2008 15:00,1.445066667
6/14/2008 16:00,1.375766667
6/14/2008 17:00,0.399533333
6/14/2008 18:00,0.7106
6/14/2008 19:00,1.6142
6/14/2008 20:00,1.000266667
6/14/2008 21:00,2.0846
6/14/2008 22:00,1.682
6/14/2008 23:00,1.104633333
6/15/2008 0:00,0.748833333
6/15/2008 1:00,0.5468
6/15/2008 2:00,0.4646
6/15/2008 3:00,0.515333333
6/15/2008 4:00,0.785966667
6/15/2008 5:00,0.395333333
6/15/2008 6:00,0.207866667
6/15/2008 7:00,0.5993
6/15/2008 8:00,0.8918
6/15/2008 9:00,1.317966667
6/15/2008 10:00,1.7995
6/15/2008 11:00,1.711533333
6/15/2008 12:00,3.175333333
6/15/2008 13:00,4.2955
6/15/2008 14:00,2.343733333
6/15/2008 15:00,2.154333333
6/15/2008 16:00,1.3884
6/15/2008 17:00,1.622466667
6/15/2008 18:00,2.398466667
6/15/2008 19:00,3.442633333
6/15/2008 20:00,2.103366667
6/15/2008 21:00,3.5654
6/15/2008 22:00,0.914466667
6/15/2008 23:00,0.762766667
6/16/2008 0:00,0.494466667
6/16/2008 1:00,0.416133333
6/16/2008 2:00,0.263633333
6/16/2008 3:00,0.252833333
6/16/2008 4:00,0.260866667
6/16/2008 5:00,0.2523
6/16/2008 6:00,1.5332
6/16/2008 7:00,2.341066667
6/16/2008 8:00,1.6142
6/16/2008 9:00,1.569833333
6/16/2008 10:00,1.299433333
6/16/2008 11:00,0.223466667
6/16/2008 12:00,0.275233333
6/16/2008 13:00,0.2119
6/16/2008 14:00,0.268066667
6/16/2008 15:00,1.104933333
6/16/2008 16:00,0.52
6/16/2008 17:00,0.354666667
6/16/2008 18:00,0.403233333
6/16/2008 19:00,1.157666667
6/16/2008 20:00,1.526966667
6/16/2008 21:00,2.9056
6/16/2008 22:00,1.6277
6/16/2008 23:00,0.84
6/17/2008 0:00,0.282666667
6/17/2008 1:00,0.2889
6/17/2008 2:00,0.227666667
6/17/2008 3:00,0.274266667
6/17/2008 4:00,0.225433333
6/17/2008 5:00,0.2865
6/17/2008 6:00,1.5882
6/17/2008 7:00,1.7076
6/17/2008 8:00,1.2757
6/17/2008 9:00,1.333733333
6/17/2008 10:00,0.4915
6/17/2008 11:00,0.359
6/17/2008 12:00,0.3597
6/17/2008 13:00,0.478533333
6/17/2008 14:00,0.3928
6/17/2008 15:00,1.0012
6/17/2008 16:00,0.4994
6/17/2008 17:00,0.482433333
6/17/2008 18:00,0.407766667
6/17/2008 19:00,0.812866667
6/17/2008 20:00,1.641366667
6/17/2008 21:00,2.185533333
6/17/2008 22:00,2.1075
6/17/2008 23:00,0.374466667
6/18/2008 0:00,0.276533333
6/18/2008 1:00,0.240933333
6/18/2008 2:00,0.251566667
6/18/2008 3:00,0.301066667
6/18/2008 4:00,0.2027
6/18/2008 5:00,0.276833333
6/18/2008 6:00,1.400866667
6/18/2008 7:00,1.93
6/18/2008 8:00,1.811333333
6/18/2008 9:00,1.857833333
6/18/2008 10:00,2.0482
6/18/2008 11:00,2.483333333
6/18/2008 12:00,0.873966667
6/18/2008 13:00,0.476033333
6/18/2008 14:00,0.866533333
6/18/2008 15:00,0.7594
6/18/2008 16:00,3.6527
6/18/2008 17:00,1.5926
6/18/2008 18:00,0.552533333
6/18/2008 19:00,3.080433333
6/18/2008 20:00,1.723266667
6/18/2008 21:00,1.6803
6/18/2008 22:00,1.863333333
6/18/2008 23:00,1.357833333
6/19/2008 0:00,0.391966667
6/19/2008 1:00,0.288533333
6/19/2008 2:00,0.283
6/19/2008 3:00,0.2825
6/19/2008 4:00,0.204766667
6/19/2008 5:00,0.2998
6/19/2008 6:00,1.419933333
6/19/2008 7:00,2.042866667
6/19/2008 8:00,1.561166667
6/19/2008 9:00,1.7307
6/19/2008 10:00,0.5408
6/19/2008 11:00,1.0883
6/19/2008 12:00,0.490266667
6/19/2008 13:00,0.289433333
6/19/2008 14:00,0.224533333
6/19/2008 15:00,0.422233333
6/19/2008 16:00,0.916733333
6/19/2008 17:00,1.125033333
6/19/2008 18:00,1.110633333
6/19/2008 19:00,3.194133333
6/19/2008 20:00,2.503633333
6/19/2008 21:00,3.351933333
6/19/2008 22:00,2.023266667
6/19/2008 23:00,0.681866667
6/20/2008 0:00,0.306
6/20/2008 1:00,0.206233333
6/20/2008 2:00,0.2943
6/20/2008 3:00,0.252
6/20/2008 4:00,0.234866667
6/20/2008 5:00,0.2598
6/20/2008 6:00,1.553766667
6/20/2008 7:00,1.997366667
6/20/2008 8:00,1.689066667
6/20/2008 9:00,1.369266667
6/20/2008 10:00,1.478866667
6/20/2008 11:00,1.997166667
6/20/2008 12:00,0.9946
6/20/2008 13:00,1.274066667
6/20/2008 14:00,0.238766667
6/20/2008 15:00,0.274
6/20/2008 16:00,0.280066667
6/20/2008 17:00,0.2202
6/20/2008 18:00,2.240166667
6/20/2008 19:00,3.731933333
6/20/2008 20:00,2.307233333
6/20/2008 21:00,2.575366667
6/20/2008 22:00,1.175433333
6/20/2008 23:00,0.984533333
6/21/2008 0:00,0.8009
6/21/2008 1:00,0.7325
6/21/2008 2:00,0.473966667
6/21/2008 3:00,0.213233333
6/21/2008 4:00,0.286
6/21/2008 5:00,0.194633333
6/21/2008 6:00,0.778933333
6/21/2008 7:00,0.8023
6/21/2008 8:00,1.308533333
6/21/2008 9:00,0.621433333
6/21/2008 10:00,0.301733333
6/21/2008 11:00,2.099266667
6/21/2008 12:00,0.998833333
6/21/2008 13:00,1.680066667
6/21/2008 14:00,3.158633333
6/21/2008 15:00,2.232533333
6/21/2008 16:00,2.141433333
6/21/2008 17:00,1.242233333
6/21/2008 18:00,1.579133333
6/21/2008 19:00,1.3642
6/21/2008 20:00,1.307766667
6/21/2008 21:00,1.6304
6/21/2008 22:00,2.1019
6/21/2008 23:00,0.853666667
6/22/2008 0:00,0.840566667
6/22/2008 1:00,0.4666
6/22/2008 2:00,0.312
6/22/2008 3:00,0.253966667
6/22/2008 4:00,0.264033333
6/22/2008 5:00,0.2763
6/22/2008 6:00,0.6555
6/22/2008 7:00,0.554666667
6/22/2008 8:00,0.210966667
6/22/2008 9:00,0.8299
6/22/2008 10:00,1.8436
6/22/2008 11:00,2.116
6/22/2008 12:00,0.385733333
6/22/2008 13:00,1.823666667
6/22/2008 14:00,0.829766667
6/22/2008 15:00,0.808966667
6/22/2008 16:00,1.5752
6/22/2008 17:00,2.5132
6/22/2008 18:00,2.180266667
6/22/2008 19:00,1.685166667
6/22/2008 20:00,1.835533333
6/22/2008 21:00,1.722633333
6/22/2008 22:00,1.612066667
6/22/2008 23:00,0.510633333
6/23/2008 0:00,0.310633333
6/23/2008 1:00,0.292733333
6/23/2008 2:00,0.2878
6/23/2008 3:00,0.242233333
6/23/2008 4:00,0.682166667
6/23/2008 5:00,0.6216
6/23/2008 6:00,0.267533333
6/23/2008 7:00,1.3841
6/23/2008 8:00,1.397166667
6/23/2008 9:00,1.245
6/23/2008 10:00,0.764166667
6/23/2008 11:00,0.2701
6/23/2008 12:00,0.480266667
6/23/2008 13:00,0.461866667
6/23/2008 14:00,1.764733333
6/23/2008 15:00,0.8518
6/23/2008 16:00,0.3789
6/23/2008 17:00,0.564366667
6/23/2008 18:00,0.385733333
6/23/2008 19:00,1.796866667
6/23/2008 20:00,1.4993
6/23/2008 21:00,1.4735
6/23/2008 22:00,2.318733333
6/23/2008 23:00,1.121966667
6/24/2008 0:00,0.2817
6/24/2008 1:00,0.297466667
6/24/2008 2:00,0.260133333
6/24/2008 3:00,0.256433333
6/24/2008 4:00,0.288133333
6/24/2008 5:00,0.498
6/24/2008 6:00,1.747033333
6/24/2008 7:00,1.542366667
6/24/2008 8:00,1.519066667
6/24/2008 9:00,1.4632
6/24/2008 10:00,1.559766667
6/24/2008 11:00,2.986833333
6/24/2008 12:00,1.4654
6/24/2008 13:00,1.389633333
6/24/2008 14:00,3.056066667
6/24/2008 15:00,1.3858
6/24/2008 16:00,0.843
6/24/2008 17:00,0.461233333
6/24/2008 18:00,0.842666667
6/24/2008 19:00,1.701566667
6/24/2008 20:00,1.6673
6/24/2008 21:00,0.689533333
6/24/2008 22:00,2.008933333
6/24/2008 23:00,1.0296
6/25/2008 0:00,0.742733333
6/25/2008 1:00,0.301033333
6/25/2008 2:00,0.32
6/25/2008 3:00,0.26
6/25/2008 4:00,0.331633333
6/25/2008 5:00,0.263466667
6/25/2008 6:00,1.395066667
6/25/2008 7:00,1.605333333
6/25/2008 8:00,1.042533333
6/25/2008 9:00,0.3548
6/25/2008 10:00,0.337533333
6/25/2008 11:00,1.235166667
6/25/2008 12:00,1.207533333
6/25/2008 13:00,0.949833333
6/25/2008 14:00,0.6474
6/25/2008 15:00,1.317966667
6/25/2008 16:00,0.4507
6/25/2008 17:00,0.529066667
6/25/2008 18:00,0.3949
6/25/2008 19:00,1.2176
6/25/2008 20:00,1.932133333
6/25/2008 21:00,1.935866667
6/25/2008 22:00,1.315866667
6/25/2008 23:00,0.941333333
6/26/2008 0:00,0.319666667
6/26/2008 1:00,0.319133333
6/26/2008 2:00,0.273533333
6/26/2008 3:00,0.319533333
6/26/2008 4:00,0.266866667
6/26/2008 5:00,0.304033333
6/26/2008 6:00,1.5863
6/26/2008 7:00,1.528833333
6/26/2008 8:00,1.3617
6/26/2008 9:00,1.427666667
6/26/2008 10:00,1.121666667
6/26/2008 11:00,0.319233333
6/26/2008 12:00,0.427066667
6/26/2008 13:00,0.3933
6/26/2008 14:00,1.386366667
6/26/2008 15:00,0.829966667
6/26/2008 16:00,0.289333333
6/26/2008 17:00,0.302766667
6/26/2008 18:00,0.287333333
6/26/2008 19:00,1.264833333
6/26/2008 20:00,0.623366667
6/26/2008 21:00,1.4417
6/26/2008 22:00,0.912233333
6/26/2008 23:00,0.2939
6/27/2008 0:00,0.277966667
6/27/2008 1:00,0.291466667
6/27/2008 2:00,0.287266667
6/27/2008 3:00,0.283566667
6/27/2008 4:00,0.286033333
6/27/2008 5:00,0.271266667
6/27/2008 6:00,0.652333333
6/27/2008 7:00,1.747933333
6/27/2008 8:00,1.825366667
6/27/2008 9:00,1.004566667
6/27/2008 10:00,0.5563
6/27/2008 11:00,1.284433333
6/27/2008 12:00,0.261366667
6/27/2008 13:00,0.476133333
6/27/2008 14:00,0.701333333
6/27/2008 15:00,1.426466667
6/27/2008 16:00,2.336333333
6/27/2008 17:00,1.060666667
6/27/2008 18:00,2.865066667
6/27/2008 19:00,2.3366
6/27/2008 20:00,1.1304
6/27/2008 21:00,2.5179
6/27/2008 22:00,3.4822
6/27/2008 23:00,1.889566667
6/28/2008 0:00,0.417766667
6/28/2008 1:00,0.263066667
6/28/2008 2:00,0.303633333
6/28/2008 3:00,0.296166667
6/28/2008 4:00,0.3044
6/28/2008 5:00,0.213833333
6/28/2008 6:00,0.633633333
6/28/2008 7:00,0.4668
6/28/2008 8:00,1.498533333
6/28/2008 9:00,1.180166667
6/28/2008 10:00,1.363
6/28/2008 11:00,1.633933333
6/28/2008 12:00,1.539533333
6/28/2008 13:00,1.6546
6/28/2008 14:00,1.2218
6/28/2008 15:00,1.572733333
6/28/2008 16:00,0.833133333
6/28/2008 17:00,0.444566667
6/28/2008 18:00,0.4735
6/28/2008 19:00,0.466333333
6/28/2008 20:00,0.541333333
6/28/2008 21:00,0.614666667
6/28/2008 22:00,1.026933333
6/28/2008 23:00,1.1826
6/29/2008 0:00,1.059266667
6/29/2008 1:00,1.104266667
6/29/2008 2:00,0.520366667
6/29/2008 3:00,0.551033333
6/29/2008 4:00,0.2893
6/29/2008 5:00,0.301666667
6/29/2008 6:00,0.296
6/29/2008 7:00,0.272033333
6/29/2008 8:00,0.259166667
6/29/2008 9:00,0.299766667
6/29/2008 10:00,0.362866667
6/29/2008 11:00,0.248666667
6/29/2008 12:00,1.521833333
6/29/2008 13:00,0.489066667
6/29/2008 14:00,0.8281
6/29/2008 15:00,0.241933333
6/29/2008 16:00,0.287533333
6/29/2008 17:00,0.289933333
6/29/2008 18:00,0.294
6/29/2008 19:00,0.313066667
6/29/2008 20:00,0.4497
6/29/2008 21:00,0.4503
6/29/2008 22:00,0.454866667
6/29/2008 23:00,1.304466667
6/30/2008 0:00,0.776833333
6/30/2008 1:00,0.223566667
6/30/2008 2:00,0.300466667
6/30/2008 3:00,0.270466667
6/30/2008 4:00,0.314733333
6/30/2008 5:00,0.186433333
6/30/2008 6:00,0.316533333
6/30/2008 7:00,0.251033333
6/30/2008 8:00,0.246166667
6/30/2008 9:00,0.355966667
6/30/2008 10:00,1.405933333
6/30/2008 11:00,1.483033333
6/30/2008 12:00,1.5115
6/30/2008 13:00,1.2667
6/30/2008 14:00,0.4648
6/30/2008 15:00,0.47
6/30/2008 16:00,0.386166667
6/30/2008 17:00,0.48
6/30/2008 18:00,0.431066667
6/30/2008 19:00,0.425366667
6/30/2008 20:00,0.264066667
6/30/2008 21:00,0.256433333
6/30/2008 22:00,0.2805
6/30/2008 23:00,1.0355
07-01-2008 00:00,0.356733333
07-01-2008 01:00,0.288766667
07-01-2008 02:00,0.228366667
07-01-2008 03:00,0.290366667
07-01-2008 04:00,0.286733333
07-01-2008 05:00,0.283433333
07-01-2008 06:00,0.235233333
07-01-2008 07:00,0.262766667
07-01-2008 08:00,0.309266667
07-01-2008 09:00,0.2546
07-01-2008 10:00,0.466466667
07-01-2008 11:00,1.103766667
07-01-2008 12:00,0.4936
07-01-2008 13:00,0.4941
07-01-2008 14:00,0.7174
07-01-2008 15:00,0.485233333
07-01-2008 16:00,0.790266667
07-01-2008 17:00,0.989933333
07-01-2008 18:00,0.639633333
07-01-2008 19:00,2.9667
07-01-2008 20:00,2.540033333
07-01-2008 21:00,1.781066667
07-01-2008 22:00,2.278
07-01-2008 23:00,1.711533333
07-02-2008 00:00,0.367266667
07-02-2008 01:00,0.330033333
07-02-2008 02:00,0.331433333
07-02-2008 03:00,0.294466667
07-02-2008 04:00,0.332866667
07-02-2008 05:00,0.293466667
07-02-2008 06:00,1.354133333
07-02-2008 07:00,1.069033333
07-02-2008 08:00,0.792133333
07-02-2008 09:00,0.8255
07-02-2008 10:00,0.6638
07-02-2008 11:00,0.617866667
07-02-2008 12:00,0.3477
07-02-2008 13:00,1.3692
07-02-2008 14:00,1.622866667
07-02-2008 15:00,1.029133333
07-02-2008 16:00,0.398766667
07-02-2008 17:00,0.343433333
07-02-2008 18:00,0.5336
07-02-2008 19:00,1.265866667
07-02-2008 20:00,0.982866667
07-02-2008 21:00,1.425533333
07-02-2008 22:00,1.695133333
07-02-2008 23:00,0.833933333
07-03-2008 00:00,0.285266667
07-03-2008 01:00,0.303433333
07-03-2008 02:00,0.260266667
07-03-2008 03:00,0.3112
07-03-2008 04:00,0.251833333
07-03-2008 05:00,0.293866667
07-03-2008 06:00,1.5607
07-03-2008 07:00,1.4798
07-03-2008 08:00,0.956033333
07-03-2008 09:00,0.313666667
07-03-2008 10:00,0.321966667
07-03-2008 11:00,0.2932
07-03-2008 12:00,0.218266667
07-03-2008 13:00,1.001766667
07-03-2008 14:00,0.321333333
07-03-2008 15:00,0.278133333
07-03-2008 16:00,0.319833333
07-03-2008 17:00,0.309933333
07-03-2008 18:00,0.302133333
07-03-2008 19:00,0.976966667
07-03-2008 20:00,0.804733333
07-03-2008 21:00,3.656133333
07-03-2008 22:00,2.474633333
07-03-2008 23:00,1.0109
07-04-2008 00:00,0.352066667
07-04-2008 01:00,0.296533333
07-04-2008 02:00,0.304666667
07-04-2008 03:00,0.270066667
07-04-2008 04:00,0.284066667
07-04-2008 05:00,0.310133333
07-04-2008 06:00,1.150966667
07-04-2008 07:00,1.5027
07-04-2008 08:00,1.173033333
07-04-2008 09:00,0.486066667
07-04-2008 10:00,0.4036
07-04-2008 11:00,0.236133333
07-04-2008 12:00,1.044633333
07-04-2008 13:00,0.303166667
07-04-2008 14:00,0.253766667
07-04-2008 15:00,0.2566
07-04-2008 16:00,0.303833333
07-04-2008 17:00,1.154266667
07-04-2008 18:00,1.365866667
07-04-2008 19:00,1.211066667
07-04-2008 20:00,0.656266667
07-04-2008 21:00,0.6543
07-04-2008 22:00,0.7173
07-04-2008 23:00,1.009233333
07-05-2008 00:00,0.453166667
07-05-2008 01:00,0.478633333
07-05-2008 02:00,0.3822
07-05-2008 03:00,0.2609
07-05-2008 04:00,0.3023
07-05-2008 05:00,0.2524
07-05-2008 06:00,0.293633333
07-05-2008 07:00,0.383833333
07-05-2008 08:00,0.8409
07-05-2008 09:00,0.658933333
07-05-2008 10:00,0.3827
07-05-2008 11:00,0.692733333
07-05-2008 12:00,1.5479
07-05-2008 13:00,2.146133333
07-05-2008 14:00,2.238266667
07-05-2008 15:00,2.8815
07-05-2008 16:00,1.482533333
07-05-2008 17:00,1.724866667
07-05-2008 18:00,1.186166667
07-05-2008 19:00,1.433
07-05-2008 20:00,0.699733333
07-05-2008 21:00,1.038866667
07-05-2008 22:00,1.8052
07-05-2008 23:00,0.9183
07-06-2008 00:00,0.643366667
07-06-2008 01:00,0.7374
07-06-2008 02:00,0.641266667
07-06-2008 03:00,0.7453
07-06-2008 04:00,0.694033333
07-06-2008 05:00,0.4311
07-06-2008 06:00,0.863
07-06-2008 07:00,0.223533333
07-06-2008 08:00,0.4768
07-06-2008 09:00,0.690566667
07-06-2008 10:00,1.0791
07-06-2008 11:00,1.722766667
07-06-2008 12:00,1.779266667
07-06-2008 13:00,1.607866667
07-06-2008 14:00,2.161166667
07-06-2008 15:00,1.5168
07-06-2008 16:00,1.689133333
07-06-2008 17:00,1.826033333
07-06-2008 18:00,1.4694
07-06-2008 19:00,2.077133333
07-06-2008 20:00,1.377466667
07-06-2008 21:00,1.134733333
07-06-2008 22:00,3.337133333
07-06-2008 23:00,1.160033333
07-07-2008 00:00,0.366666667
07-07-2008 01:00,0.281666667
07-07-2008 02:00,0.3228
07-07-2008 03:00,0.202566667
07-07-2008 04:00,0.331166667
07-07-2008 05:00,0.275766667
07-07-2008 06:00,0.4407
07-07-2008 07:00,1.312533333
07-07-2008 08:00,1.357866667
07-07-2008 09:00,1.3373
07-07-2008 10:00,0.9303
07-07-2008 11:00,0.2744
07-07-2008 12:00,0.275933333
07-07-2008 13:00,0.302466667
07-07-2008 14:00,0.348766667
07-07-2008 15:00,0.663066667
07-07-2008 16:00,0.9051
07-07-2008 17:00,0.2882
07-07-2008 18:00,0.2381
07-07-2008 19:00,0.962266667
07-07-2008 20:00,1.3969
07-07-2008 21:00,2.3021
07-07-2008 22:00,0.5792
07-07-2008 23:00,0.694
07-08-2008 00:00,0.303233333
07-08-2008 01:00,0.215433333
07-08-2008 02:00,0.286466667
07-08-2008 03:00,0.262333333
07-08-2008 04:00,0.867466667
07-08-2008 05:00,0.250966667
07-08-2008 06:00,0.876433333
07-08-2008 07:00,1.563766667
07-08-2008 08:00,1.1419
07-08-2008 09:00,1.036466667
07-08-2008 10:00,0.472466667
07-08-2008 11:00,0.7179
07-08-2008 12:00,0.6872
07-08-2008 13:00,0.7353
07-08-2008 14:00,0.2264
07-08-2008 15:00,0.356766667
07-08-2008 16:00,0.335066667
07-08-2008 17:00,0.948633333
07-08-2008 18:00,0.5067
07-08-2008 19:00,0.583233333
07-08-2008 20:00,0.665533333
07-08-2008 21:00,2.059866667
07-08-2008 22:00,2.478733333
07-08-2008 23:00,1.191966667
07-09-2008 00:00,0.302566667
07-09-2008 01:00,0.201533333
07-09-2008 02:00,0.292866667
07-09-2008 03:00,0.224333333
07-09-2008 04:00,0.261733333
07-09-2008 05:00,0.290166667
07-09-2008 06:00,0.958033333
07-09-2008 07:00,1.7117
07-09-2008 08:00,1.3498
07-09-2008 09:00,0.8031
07-09-2008 10:00,0.415666667
07-09-2008 11:00,0.418266667
07-09-2008 12:00,0.233
07-09-2008 13:00,1.0172
07-09-2008 14:00,0.271933333
07-09-2008 15:00,0.241666667
07-09-2008 16:00,0.252933333
07-09-2008 17:00,0.254333333
07-09-2008 18:00,0.3247
07-09-2008 19:00,0.8137
07-09-2008 20:00,1.6118
07-09-2008 21:00,1.158733333
07-09-2008 22:00,1.0628
07-09-2008 23:00,0.8494
07-10-2008 00:00,0.261133333
07-10-2008 01:00,0.226533333
07-10-2008 02:00,0.274233333
07-10-2008 03:00,0.2703
07-10-2008 04:00,0.5668
07-10-2008 05:00,0.5219
07-10-2008 06:00,0.9248
07-10-2008 07:00,1.453566667
07-10-2008 08:00,1.955533333
07-10-2008 09:00,1.906066667
07-10-2008 10:00,0.694666667
07-10-2008 11:00,0.198633333
07-10-2008 12:00,0.336
07-10-2008 13:00,0.589633333
07-10-2008 14:00,0.488666667
07-10-2008 15:00,0.266366667
07-10-2008 16:00,1.108066667
07-10-2008 17:00,0.9748
07-10-2008 18:00,1.0354
07-10-2008 19:00,2.071233333
07-10-2008 20:00,1.076966667
07-10-2008 21:00,1.407266667
07-10-2008 22:00,1.348033333
07-10-2008 23:00,0.898
07-11-2008 00:00,0.315966667
07-11-2008 01:00,0.320266667
07-11-2008 02:00,0.302333333
07-11-2008 03:00,0.278533333
07-11-2008 04:00,0.286266667
07-11-2008 05:00,0.281366667
07-11-2008 06:00,1.321133333
07-11-2008 07:00,1.907033333
07-11-2008 08:00,2.0554
07-11-2008 09:00,0.744666667
07-11-2008 10:00,1.260666667
07-11-2008 11:00,0.630733333
07-11-2008 12:00,1.091033333
07-11-2008 13:00,1.4593
07-11-2008 14:00,0.7957
07-11-2008 15:00,0.316033333
07-11-2008 16:00,0.2796
07-11-2008 17:00,0.308566667
07-11-2008 18:00,1.3608
07-11-2008 19:00,0.834166667
07-11-2008 20:00,0.6725
07-11-2008 21:00,0.555366667
07-11-2008 22:00,1.634333333
07-11-2008 23:00,1.891833333
07-12-2008 00:00,1.3576
07-12-2008 01:00,0.778166667
07-12-2008 02:00,0.257566667
07-12-2008 03:00,0.2823
07-12-2008 04:00,0.292866667
07-12-2008 05:00,0.2719
07-12-2008 06:00,1.1442
07-12-2008 07:00,1.287033333
07-12-2008 08:00,0.2411
07-12-2008 09:00,0.5099
07-12-2008 10:00,0.944566667
07-12-2008 11:00,0.756833333
07-12-2008 12:00,0.473066667
07-12-2008 13:00,2.816233333
07-12-2008 14:00,1.3304
07-12-2008 15:00,3.992933333
07-12-2008 16:00,0.9939
07-12-2008 17:00,0.651933333
07-12-2008 18:00,0.325266667
07-12-2008 19:00,0.3307
07-12-2008 20:00,0.8146
07-12-2008 21:00,0.2604
07-12-2008 22:00,1.571166667
07-12-2008 23:00,0.4629
7/13/2008 0:00,0.341733333
7/13/2008 1:00,0.234066667
7/13/2008 2:00,0.3092
7/13/2008 3:00,0.285833333
7/13/2008 4:00,0.296933333
7/13/2008 5:00,0.293866667
7/13/2008 6:00,0.8336
7/13/2008 7:00,1.417933333
7/13/2008 8:00,0.465766667
7/13/2008 9:00,1.9763
7/13/2008 10:00,0.910766667
7/13/2008 11:00,0.948333333
7/13/2008 12:00,2.728233333
7/13/2008 13:00,1.956666667
7/13/2008 14:00,0.527
7/13/2008 15:00,0.811633333
7/13/2008 16:00,0.4086
7/13/2008 17:00,0.427733333
7/13/2008 18:00,0.5751
7/13/2008 19:00,0.551433333
7/13/2008 20:00,1.276933333
7/13/2008 21:00,0.427233333
7/13/2008 22:00,1.296266667
7/13/2008 23:00,1.642433333
7/14/2008 0:00,0.8669
7/14/2008 1:00,0.27
7/14/2008 2:00,0.239033333
7/14/2008 3:00,0.265833333
7/14/2008 4:00,0.295633333
7/14/2008 5:00,0.205866667
7/14/2008 6:00,0.303066667
7/14/2008 7:00,1.5721
7/14/2008 8:00,1.417666667
7/14/2008 9:00,1.303333333
7/14/2008 10:00,0.458833333
7/14/2008 11:00,0.309966667
7/14/2008 12:00,0.248633333
7/14/2008 13:00,0.319766667
7/14/2008 14:00,0.435433333
7/14/2008 15:00,1.2894
7/14/2008 16:00,0.472866667
7/14/2008 17:00,0.428966667
7/14/2008 18:00,2.276233333
7/14/2008 19:00,2.2936
7/14/2008 20:00,1.754633333
7/14/2008 21:00,0.896366667
7/14/2008 22:00,0.7068
7/14/2008 23:00,0.3345
7/15/2008 0:00,0.3417
7/15/2008 1:00,0.274066667
7/15/2008 2:00,0.3196
7/15/2008 3:00,0.347466667
7/15/2008 4:00,0.776966667
7/15/2008 5:00,0.710566667
7/15/2008 6:00,1.577633333
7/15/2008 7:00,0.8551
7/15/2008 8:00,1.640933333
7/15/2008 9:00,1.365366667
7/15/2008 10:00,0.510566667
7/15/2008 11:00,0.253166667
7/15/2008 12:00,1.260266667
7/15/2008 13:00,0.7932
7/15/2008 14:00,0.3419
7/15/2008 15:00,1.8742
7/15/2008 16:00,1.5542
7/15/2008 17:00,0.412166667
7/15/2008 18:00,0.418233333
7/15/2008 19:00,0.368533333
7/15/2008 20:00,0.413533333
7/15/2008 21:00,0.968466667
7/15/2008 22:00,0.956333333
7/15/2008 23:00,0.930166667
7/16/2008 0:00,0.436766667
7/16/2008 1:00,0.8889
7/16/2008 2:00,0.2648
7/16/2008 3:00,0.317733333
7/16/2008 4:00,0.2783
7/16/2008 5:00,0.303833333
7/16/2008 6:00,0.2845
7/16/2008 7:00,0.561566667
7/16/2008 8:00,1.314966667
7/16/2008 9:00,0.484366667
7/16/2008 10:00,0.3049
7/16/2008 11:00,0.3604
7/16/2008 12:00,0.528233333
7/16/2008 13:00,0.7824
7/16/2008 14:00,0.800066667
7/16/2008 15:00,0.345866667
7/16/2008 16:00,0.418766667
7/16/2008 17:00,0.843033333
7/16/2008 18:00,0.7148
7/16/2008 19:00,0.8285
7/16/2008 20:00,1.580266667
7/16/2008 21:00,3.839166667
7/16/2008 22:00,0.848166667
7/16/2008 23:00,0.620733333
7/17/2008 0:00,0.5618
7/17/2008 1:00,0.278
7/17/2008 2:00,0.3437
7/17/2008 3:00,0.2924
7/17/2008 4:00,0.321033333
7/17/2008 5:00,0.630566667
7/17/2008 6:00,0.8948
7/17/2008 7:00,1.2031
7/17/2008 8:00,1.266066667
7/17/2008 9:00,1.210166667
7/17/2008 10:00,0.356166667
7/17/2008 11:00,0.4169
7/17/2008 12:00,0.895433333
7/17/2008 13:00,0.590966667
7/17/2008 14:00,1.327566667
7/17/2008 15:00,1.685833333
7/17/2008 16:00,0.587566667
7/17/2008 17:00,0.480833333
7/17/2008 18:00,1.451066667
7/17/2008 19:00,1.6794
7/17/2008 20:00,1.328733333
7/17/2008 21:00,1.4052
7/17/2008 22:00,1.529
7/17/2008 23:00,1.249066667
7/18/2008 0:00,0.828766667
7/18/2008 1:00,0.376966667
7/18/2008 2:00,0.2955
7/18/2008 3:00,0.3195
7/18/2008 4:00,0.8986
7/18/2008 5:00,0.3087
7/18/2008 6:00,1.461766667
7/18/2008 7:00,1.446933333
7/18/2008 8:00,1.373333333
7/18/2008 9:00,0.8229
7/18/2008 10:00,0.6005
7/18/2008 11:00,0.6286
7/18/2008 12:00,0.474766667
7/18/2008 13:00,0.618033333
7/18/2008 14:00,0.8224
7/18/2008 15:00,0.6425
7/18/2008 16:00,0.686
7/18/2008 17:00,1.2294
7/18/2008 18:00,0.602633333
7/18/2008 19:00,0.595033333
7/18/2008 20:00,1.782333333
7/18/2008 21:00,2.0694
7/18/2008 22:00,1.744733333
7/18/2008 23:00,0.3971
7/19/2008 0:00,0.2599
7/19/2008 1:00,0.301266667
7/19/2008 2:00,0.260833333
7/19/2008 3:00,0.3037
7/19/2008 4:00,0.298366667
7/19/2008 5:00,0.769333333
7/19/2008 6:00,0.257566667
7/19/2008 7:00,0.5701
7/19/2008 8:00,0.348033333
7/19/2008 9:00,0.5817
7/19/2008 10:00,1.927133333
7/19/2008 11:00,2.674966667
7/19/2008 12:00,1.465633333
7/19/2008 13:00,1.391733333
7/19/2008 14:00,2.622366667
7/19/2008 15:00,1.387166667
7/19/2008 16:00,1.323933333
7/19/2008 17:00,1.131133333
7/19/2008 18:00,0.336
7/19/2008 19:00,0.544333333
7/19/2008 20:00,0.610933333
7/19/2008 21:00,0.582966667
7/19/2008 22:00,1.062533333
7/19/2008 23:00,1.3886
7/20/2008 0:00,2.107566667
7/20/2008 1:00,0.5976
7/20/2008 2:00,0.2865
7/20/2008 3:00,0.2779
7/20/2008 4:00,0.346133333
7/20/2008 5:00,0.274533333
7/20/2008 6:00,0.223033333
7/20/2008 7:00,0.291033333
7/20/2008 8:00,1.326866667
7/20/2008 9:00,0.340933333
7/20/2008 10:00,0.471933333
7/20/2008 11:00,0.667133333
7/20/2008 12:00,1.5144
7/20/2008 13:00,1.034966667
7/20/2008 14:00,1.473933333
7/20/2008 15:00,0.492233333
7/20/2008 16:00,0.2983
7/20/2008 17:00,0.245833333
7/20/2008 18:00,0.259533333
7/20/2008 19:00,0.344866667
7/20/2008 20:00,0.593666667
7/20/2008 21:00,1.2849
7/20/2008 22:00,0.6244
7/20/2008 23:00,0.314033333
7/21/2008 0:00,0.225933333
7/21/2008 1:00,0.273
7/21/2008 2:00,0.308
7/21/2008 3:00,0.239966667
7/21/2008 4:00,0.244333333
7/21/2008 5:00,0.306233333
7/21/2008 6:00,0.601166667
7/21/2008 7:00,1.161033333
7/21/2008 8:00,1.356633333
7/21/2008 9:00,1.332733333
7/21/2008 10:00,0.6694
7/21/2008 11:00,0.476366667
7/21/2008 12:00,0.552666667
7/21/2008 13:00,0.924433333
7/21/2008 14:00,1.5375
7/21/2008 15:00,1.457733333
7/21/2008 16:00,0.6703
7/21/2008 17:00,0.336333333
7/21/2008 18:00,0.2838
7/21/2008 19:00,1.481366667
7/21/2008 20:00,1.149466667
7/21/2008 21:00,2.2222
7/21/2008 22:00,1.179933333
7/21/2008 23:00,0.2841
7/22/2008 0:00,0.280633333
7/22/2008 1:00,0.272833333
7/22/2008 2:00,0.242
7/22/2008 3:00,0.264833333
7/22/2008 4:00,0.2744
7/22/2008 5:00,0.278233333
7/22/2008 6:00,0.968066667
7/22/2008 7:00,0.781733333
7/22/2008 8:00,1.240466667
7/22/2008 9:00,0.2906
7/22/2008 10:00,0.2928
7/22/2008 11:00,0.4846
7/22/2008 12:00,0.679133333
7/22/2008 13:00,0.484533333
7/22/2008 14:00,0.540533333
7/22/2008 15:00,0.4289
7/22/2008 16:00,0.292133333
7/22/2008 17:00,0.793333333
7/22/2008 18:00,0.297966667
7/22/2008 19:00,0.3838
7/22/2008 20:00,0.7373
7/22/2008 21:00,1.0013
7/22/2008 22:00,0.587866667
7/22/2008 23:00,0.439366667
7/23/2008 0:00,0.314166667
7/23/2008 1:00,0.252566667
7/23/2008 2:00,0.297866667
7/23/2008 3:00,0.2974
7/23/2008 4:00,0.260233333
7/23/2008 5:00,0.921733333
7/23/2008 6:00,0.2526
7/23/2008 7:00,1.454266667
7/23/2008 8:00,1.3945
7/23/2008 9:00,1.361366667
7/23/2008 10:00,0.516566667
7/23/2008 11:00,0.588366667
7/23/2008 12:00,0.588833333
7/23/2008 13:00,0.555933333
7/23/2008 14:00,0.463166667
7/23/2008 15:00,0.292833333
7/23/2008 16:00,0.4589
7/23/2008 17:00,0.333133333
7/23/2008 18:00,0.469833333
7/23/2008 19:00,0.976733333
7/23/2008 20:00,1.1726
7/23/2008 21:00,1.017033333
7/23/2008 22:00,1.026066667
7/23/2008 23:00,0.4438
7/24/2008 0:00,0.910466667
7/24/2008 1:00,0.604
7/24/2008 2:00,0.397333333
7/24/2008 3:00,0.417066667
7/24/2008 4:00,0.400866667
7/24/2008 5:00,0.434766667
7/24/2008 6:00,0.877133333
7/24/2008 7:00,1.642233333
7/24/2008 8:00,1.476066667
7/24/2008 9:00,1.421366667
7/24/2008 10:00,0.759666667
7/24/2008 11:00,0.410233333
7/24/2008 12:00,0.4139
7/24/2008 13:00,0.338566667
7/24/2008 14:00,0.440833333
7/24/2008 15:00,0.392433333
7/24/2008 16:00,0.416633333
7/24/2008 17:00,0.458333333
7/24/2008 18:00,0.438766667
7/24/2008 19:00,1.3678
7/24/2008 20:00,0.6232
7/24/2008 21:00,2.8657
7/24/2008 22:00,0.4097
7/24/2008 23:00,0.3071
7/25/2008 0:00,0.323533333
7/25/2008 1:00,0.2892
7/25/2008 2:00,0.3082
7/25/2008 3:00,0.287233333
7/25/2008 4:00,0.319766667
7/25/2008 5:00,0.3338
7/25/2008 6:00,1.195266667
7/25/2008 7:00,0.983233333
7/25/2008 8:00,1.422366667
7/25/2008 9:00,0.9495
7/25/2008 10:00,0.299
7/25/2008 11:00,0.307
7/25/2008 12:00,0.277866667
7/25/2008 13:00,0.300366667
7/25/2008 14:00,0.3185
7/25/2008 15:00,0.264033333
7/25/2008 16:00,0.321066667
7/25/2008 17:00,0.290933333
7/25/2008 18:00,1.009833333
7/25/2008 19:00,0.296733333
7/25/2008 20:00,0.7602
7/25/2008 21:00,1.674166667
7/25/2008 22:00,1.147666667
7/25/2008 23:00,0.7461
7/26/2008 0:00,0.324033333
7/26/2008 1:00,0.282533333
7/26/2008 2:00,0.287166667
7/26/2008 3:00,0.317166667
7/26/2008 4:00,0.289133333
7/26/2008 5:00,0.287133333
7/26/2008 6:00,0.344633333
7/26/2008 7:00,1.258666667
7/26/2008 8:00,0.3849
7/26/2008 9:00,0.882666667
7/26/2008 10:00,1.310466667
7/26/2008 11:00,0.557266667
7/26/2008 12:00,0.2812
7/26/2008 13:00,0.4428
7/26/2008 14:00,0.4165
7/26/2008 15:00,0.809966667
7/26/2008 16:00,1.5498
7/26/2008 17:00,1.387866667
7/26/2008 18:00,0.560166667
7/26/2008 19:00,0.397033333
7/26/2008 20:00,0.294033333
7/26/2008 21:00,0.326933333
7/26/2008 22:00,0.275033333
7/26/2008 23:00,0.327633333
7/27/2008 0:00,0.4537
7/27/2008 1:00,0.290133333
7/27/2008 2:00,0.5991
7/27/2008 3:00,0.601133333
7/27/2008 4:00,0.312433333
7/27/2008 5:00,0.2611
7/27/2008 6:00,0.308733333
7/27/2008 7:00,0.289766667
7/27/2008 8:00,0.4954
7/27/2008 9:00,0.912033333
7/27/2008 10:00,0.7914
7/27/2008 11:00,0.350833333
7/27/2008 12:00,0.386666667
7/27/2008 13:00,0.905933333
7/27/2008 14:00,1.841833333
7/27/2008 15:00,1.220666667
7/27/2008 16:00,0.775233333
7/27/2008 17:00,1.082666667
7/27/2008 18:00,1.0226
7/27/2008 19:00,1.667
7/27/2008 20:00,1.6274
7/27/2008 21:00,1.631233333
7/27/2008 22:00,0.882466667
7/27/2008 23:00,0.4138
7/28/2008 0:00,0.336466667
7/28/2008 1:00,0.311266667
7/28/2008 2:00,0.305633333
7/28/2008 3:00,0.307766667
7/28/2008 4:00,0.334266667
7/28/2008 5:00,0.997
7/28/2008 6:00,1.459733333
7/28/2008 7:00,1.769466667
7/28/2008 8:00,0.647933333
7/28/2008 9:00,0.300866667
7/28/2008 10:00,0.313066667
7/28/2008 11:00,0.332433333
7/28/2008 12:00,0.2731
7/28/2008 13:00,0.333666667
7/28/2008 14:00,0.366266667
7/28/2008 15:00,0.527333333
7/28/2008 16:00,0.5466
7/28/2008 17:00,1.1169
7/28/2008 18:00,0.591866667
7/28/2008 19:00,0.5469
7/28/2008 20:00,0.515466667
7/28/2008 21:00,0.5152
7/28/2008 22:00,0.5114
7/28/2008 23:00,0.5028
7/29/2008 0:00,0.5891
7/29/2008 1:00,0.521966667
7/29/2008 2:00,0.7542
7/29/2008 3:00,0.989166667
7/29/2008 4:00,0.522133333
7/29/2008 5:00,0.508666667
7/29/2008 6:00,0.487633333
7/29/2008 7:00,0.697533333
7/29/2008 8:00,1.9135
7/29/2008 9:00,1.3898
7/29/2008 10:00,0.924266667
7/29/2008 11:00,0.533866667
7/29/2008 12:00,0.494066667
7/29/2008 13:00,0.502333333
7/29/2008 14:00,0.505666667
7/29/2008 15:00,0.6228
7/29/2008 16:00,0.576433333
7/29/2008 17:00,0.546033333
7/29/2008 18:00,1.018533333
7/29/2008 19:00,1.5962
7/29/2008 20:00,0.833966667
7/29/2008 21:00,1.490766667
7/29/2008 22:00,0.635566667
7/29/2008 23:00,0.788433333
7/30/2008 0:00,0.8897
7/30/2008 1:00,0.485866667
7/30/2008 2:00,0.5252
7/30/2008 3:00,0.464733333
7/30/2008 4:00,0.501966667
7/30/2008 5:00,0.492766667
7/30/2008 6:00,0.664666667
7/30/2008 7:00,1.568333333
7/30/2008 8:00,1.597566667
7/30/2008 9:00,0.7871
7/30/2008 10:00,0.420033333
7/30/2008 11:00,0.518366667
7/30/2008 12:00,0.484633333
7/30/2008 13:00,0.500233333
7/30/2008 14:00,0.490166667
7/30/2008 15:00,0.488466667
7/30/2008 16:00,0.526533333
7/30/2008 17:00,0.457433333
7/30/2008 18:00,1.330133333
7/30/2008 19:00,1.6285
7/30/2008 20:00,1.979966667
7/30/2008 21:00,2.251933333
7/30/2008 22:00,1.975433333
7/30/2008 23:00,0.6354
7/31/2008 0:00,0.368966667
7/31/2008 1:00,0.419266667
7/31/2008 2:00,0.3478
7/31/2008 3:00,0.333833333
7/31/2008 4:00,0.319
7/31/2008 5:00,0.330633333
7/31/2008 6:00,0.970433333
7/31/2008 7:00,1.492866667
7/31/2008 8:00,1.170433333
7/31/2008 9:00,0.7451
7/31/2008 10:00,1.301633333
7/31/2008 11:00,1.049733333
7/31/2008 12:00,0.733866667
7/31/2008 13:00,1.2571
7/31/2008 14:00,0.341066667
7/31/2008 15:00,0.286466667
7/31/2008 16:00,0.346566667
7/31/2008 17:00,0.336433333
7/31/2008 18:00,0.5387
7/31/2008 19:00,1.512333333
7/31/2008 20:00,2.422133333
7/31/2008 21:00,1.661833333
7/31/2008 22:00,3.031366667
7/31/2008 23:00,1.893066667
08-01-2008 00:00,0.460333333
08-01-2008 01:00,0.405966667
08-01-2008 02:00,0.390733333
08-01-2008 03:00,0.361433333
08-01-2008 04:00,0.4012
08-01-2008 05:00,0.336133333
08-01-2008 06:00,0.656766667
08-01-2008 07:00,1.6942
08-01-2008 08:00,0.861166667
08-01-2008 09:00,1.158066667
08-01-2008 10:00,1.160466667
08-01-2008 11:00,0.322166667
08-01-2008 12:00,0.3069
08-01-2008 13:00,0.3369
08-01-2008 14:00,0.197033333
08-01-2008 15:00,0.3383
08-01-2008 16:00,0.3003
08-01-2008 17:00,0.309066667
08-01-2008 18:00,0.2969
08-01-2008 19:00,0.305966667
08-01-2008 20:00,0.49
08-01-2008 21:00,0.616333333
08-01-2008 22:00,0.303833333
08-01-2008 23:00,0.3161
08-02-2008 00:00,0.292033333
08-02-2008 01:00,0.2882
08-02-2008 02:00,0.306233333
08-02-2008 03:00,0.301733333
08-02-2008 04:00,0.2642
08-02-2008 05:00,0.255066667
08-02-2008 06:00,0.300333333
08-02-2008 07:00,0.3146
08-02-2008 08:00,0.628266667
08-02-2008 09:00,0.748266667
08-02-2008 10:00,0.246233333
08-02-2008 11:00,0.273866667
08-02-2008 12:00,0.3034
08-02-2008 13:00,0.300866667
08-02-2008 14:00,0.297866667
08-02-2008 15:00,0.219533333
08-02-2008 16:00,0.286266667
08-02-2008 17:00,0.3158
08-02-2008 18:00,0.280366667
08-02-2008 19:00,0.2798
08-02-2008 20:00,0.938666667
08-02-2008 21:00,0.412266667
08-02-2008 22:00,0.2923
08-02-2008 23:00,0.283433333
08-03-2008 00:00,0.2331
08-03-2008 01:00,0.2882
08-03-2008 02:00,0.261033333
08-03-2008 03:00,0.3198
08-03-2008 04:00,0.277866667
08-03-2008 05:00,0.2124
08-03-2008 06:00,0.3034
08-03-2008 07:00,0.275933333
08-03-2008 08:00,1.004666667
08-03-2008 09:00,0.467433333
08-03-2008 10:00,0.252
08-03-2008 11:00,0.2839
08-03-2008 12:00,0.261033333
08-03-2008 13:00,0.3152
08-03-2008 14:00,0.213333333
08-03-2008 15:00,0.275733333
08-03-2008 16:00,0.288766667
08-03-2008 17:00,0.288466667
08-03-2008 18:00,0.296833333
08-03-2008 19:00,0.201033333
08-03-2008 20:00,0.811566667
08-03-2008 21:00,0.710466667
08-03-2008 22:00,0.2654
08-03-2008 23:00,0.305466667
08-04-2008 00:00,0.225866667
08-04-2008 01:00,0.2751
08-04-2008 02:00,0.2849
08-04-2008 03:00,0.291166667
08-04-2008 04:00,0.2881
08-04-2008 05:00,0.258366667
08-04-2008 06:00,0.233333333
08-04-2008 07:00,0.316433333
08-04-2008 08:00,0.521033333
08-04-2008 09:00,0.961766667
08-04-2008 10:00,0.2332
08-04-2008 11:00,0.266233333
08-04-2008 12:00,0.284966667
08-04-2008 13:00,0.277366667
08-04-2008 14:00,0.3045
08-04-2008 15:00,0.2006
08-04-2008 16:00,0.3663
08-04-2008 17:00,1.0585
08-04-2008 18:00,2.1712
08-04-2008 19:00,2.566066667
08-04-2008 20:00,1.5968
08-04-2008 21:00,2.308366667
08-04-2008 22:00,1.739133333
08-04-2008 23:00,1.739533333
08-05-2008 00:00,1.132533333
08-05-2008 01:00,0.3706
08-05-2008 02:00,0.318733333
08-05-2008 03:00,0.2994
08-05-2008 04:00,0.311466667
08-05-2008 05:00,0.279
08-05-2008 06:00,0.291466667
08-05-2008 07:00,1.477866667
08-05-2008 08:00,1.924733333
08-05-2008 09:00,1.904666667
08-05-2008 10:00,1.308233333
08-05-2008 11:00,1.326
08-05-2008 12:00,0.2853
08-05-2008 13:00,0.2859
08-05-2008 14:00,0.3299
08-05-2008 15:00,0.166033333
08-05-2008 16:00,0.221933333
08-05-2008 17:00,0.236033333
08-05-2008 18:00,0.228033333
08-05-2008 19:00,0.2423
08-05-2008 20:00,0.213633333
08-05-2008 21:00,0.240033333
08-05-2008 22:00,0.1843
08-05-2008 23:00,0.2072
08-06-2008 00:00,0.228166667
08-06-2008 01:00,0.256866667
08-06-2008 02:00,0.220566667
08-06-2008 03:00,0.205
08-06-2008 04:00,0.246033333
08-06-2008 05:00,0.2431
08-06-2008 06:00,0.189433333
08-06-2008 07:00,0.189866667
08-06-2008 08:00,0.246633333
08-06-2008 09:00,0.230366667
08-06-2008 10:00,0.214033333
08-06-2008 11:00,0.2317
08-06-2008 12:00,0.233366667
08-06-2008 13:00,0.205966667
08-06-2008 14:00,0.195066667
08-06-2008 15:00,0.239833333
08-06-2008 16:00,0.218566667
08-06-2008 17:00,0.246366667
08-06-2008 18:00,0.251733333
08-06-2008 19:00,0.239933333
08-06-2008 20:00,0.220133333
08-06-2008 21:00,0.246533333
08-06-2008 22:00,0.213666667
08-06-2008 23:00,0.222266667
08-07-2008 00:00,0.227666667
08-07-2008 01:00,0.258266667
08-07-2008 02:00,0.2417
08-07-2008 03:00,0.242266667
08-07-2008 04:00,0.236233333
08-07-2008 05:00,0.2514
08-07-2008 06:00,0.217733333
08-07-2008 07:00,0.260866667
08-07-2008 08:00,0.240733333
08-07-2008 09:00,0.2341
08-07-2008 10:00,0.219933333
08-07-2008 11:00,0.266466667
08-07-2008 12:00,0.178266667
08-07-2008 13:00,0.218133333
08-07-2008 14:00,0.226566667
08-07-2008 15:00,0.2559
08-07-2008 16:00,0.233766667
08-07-2008 17:00,0.236266667
08-07-2008 18:00,0.2306
08-07-2008 19:00,0.188633333
08-07-2008 20:00,0.219033333
08-07-2008 21:00,0.252366667
08-07-2008 22:00,0.227166667
08-07-2008 23:00,0.217333333
08-08-2008 00:00,0.2357
08-08-2008 01:00,0.242733333
08-08-2008 02:00,0.174233333
08-08-2008 03:00,0.195566667
08-08-2008 04:00,0.248866667
08-08-2008 05:00,0.242733333
08-08-2008 06:00,0.1821
08-08-2008 07:00,0.190733333
08-08-2008 08:00,0.241166667
08-08-2008 09:00,0.235533333
08-08-2008 10:00,0.177566667
08-08-2008 11:00,0.190066667
08-08-2008 12:00,0.230733333
08-08-2008 13:00,0.210233333
08-08-2008 14:00,0.2159
08-08-2008 15:00,0.167733333
08-08-2008 16:00,0.224766667
08-08-2008 17:00,0.2249
08-08-2008 18:00,0.2245
08-08-2008 19:00,0.153466667
08-08-2008 20:00,0.2302
08-08-2008 21:00,0.227566667
08-08-2008 22:00,0.199533333
08-08-2008 23:00,0.170133333
08-09-2008 00:00,0.234366667
08-09-2008 01:00,0.227033333
08-09-2008 02:00,0.1369
08-09-2008 03:00,0.226266667
08-09-2008 04:00,0.235
08-09-2008 05:00,0.196333333
08-09-2008 06:00,0.157
08-09-2008 07:00,0.230433333
08-09-2008 08:00,0.218
08-09-2008 09:00,0.1427
08-09-2008 10:00,0.2213
08-09-2008 11:00,0.233
08-09-2008 12:00,0.1458
08-09-2008 13:00,0.200066667
08-09-2008 14:00,0.276733333
08-09-2008 15:00,1.244566667
08-09-2008 16:00,0.1661
08-09-2008 17:00,0.240766667
08-09-2008 18:00,0.213433333
08-09-2008 19:00,0.209
08-09-2008 20:00,0.173233333
08-09-2008 21:00,0.212933333
08-09-2008 22:00,0.226966667
08-09-2008 23:00,0.214133333
08-10-2008 00:00,0.219433333
08-10-2008 01:00,0.154966667
08-10-2008 02:00,0.2331
08-10-2008 03:00,0.225966667
08-10-2008 04:00,0.182466667
08-10-2008 05:00,0.19
08-10-2008 06:00,0.2236
08-10-2008 07:00,0.1974
08-10-2008 08:00,0.219233333
08-10-2008 09:00,0.217
08-10-2008 10:00,0.166433333
08-10-2008 11:00,0.212
08-10-2008 12:00,0.224033333
08-10-2008 13:00,0.1465
08-10-2008 14:00,0.2207
08-10-2008 15:00,0.2313
08-10-2008 16:00,0.207533333
08-10-2008 17:00,0.147566667
08-10-2008 18:00,0.3005
08-10-2008 19:00,0.4147
08-10-2008 20:00,0.367733333
08-10-2008 21:00,0.352566667
08-10-2008 22:00,0.418466667
08-10-2008 23:00,0.394
08-11-2008 00:00,0.403533333
08-11-2008 01:00,0.347233333
08-11-2008 02:00,0.3972
08-11-2008 03:00,0.414766667
08-11-2008 04:00,0.415266667
08-11-2008 05:00,0.328533333
08-11-2008 06:00,0.398566667
08-11-2008 07:00,0.29
08-11-2008 08:00,0.203766667
08-11-2008 09:00,0.151366667
08-11-2008 10:00,0.210466667
08-11-2008 11:00,0.2279
08-11-2008 12:00,0.1762
08-11-2008 13:00,0.183533333
08-11-2008 14:00,0.2077
08-11-2008 15:00,0.213866667
08-11-2008 16:00,0.176433333
08-11-2008 17:00,0.213766667
08-11-2008 18:00,0.192766667
08-11-2008 19:00,0.236666667
08-11-2008 20:00,0.186733333
08-11-2008 21:00,0.178433333
08-11-2008 22:00,0.220333333
08-11-2008 23:00,0.223566667
08-12-2008 00:00,0.1584
08-12-2008 01:00,0.216566667
08-12-2008 02:00,0.214133333
08-12-2008 03:00,0.2036
08-12-2008 04:00,0.176433333
08-12-2008 05:00,0.221633333
08-12-2008 06:00,0.1955
08-12-2008 07:00,0.214466667
08-12-2008 08:00,0.174433333
08-12-2008 09:00,0.224866667
08-12-2008 10:00,0.190933333
08-12-2008 11:00,0.2134
08-12-2008 12:00,0.171
08-12-2008 13:00,0.2032
08-12-2008 14:00,0.2326
08-12-2008 15:00,0.1562
08-12-2008 16:00,0.196033333
08-12-2008 17:00,0.230566667
08-12-2008 18:00,0.217566667
08-12-2008 19:00,0.1524
08-12-2008 20:00,0.244866667
08-12-2008 21:00,0.228733333
08-12-2008 22:00,0.145633333
08-12-2008 23:00,0.233233333
8/13/2008 0:00,0.214466667
8/13/2008 1:00,0.190666667
8/13/2008 2:00,0.1855
8/13/2008 3:00,0.2226
8/13/2008 4:00,0.194733333
8/13/2008 5:00,0.1502
8/13/2008 6:00,0.234066667
8/13/2008 7:00,0.222566667
8/13/2008 8:00,0.150666667
8/13/2008 9:00,0.219166667
8/13/2008 10:00,0.199466667
8/13/2008 11:00,0.169833333
8/13/2008 12:00,0.217033333
8/13/2008 13:00,0.1524
8/13/2008 14:00,0.2018
8/13/2008 15:00,0.2314
8/13/2008 16:00,0.167
8/13/2008 17:00,0.1863
8/13/2008 18:00,0.221566667
8/13/2008 19:00,0.1753
8/13/2008 20:00,0.2223
8/13/2008 21:00,0.170633333
8/13/2008 22:00,0.2055
8/13/2008 23:00,0.204566667
8/14/2008 0:00,0.176733333
8/14/2008 1:00,0.2194
8/14/2008 2:00,0.188066667
8/14/2008 3:00,0.164833333
8/14/2008 4:00,0.2377
8/14/2008 5:00,0.130466667
8/14/2008 6:00,0.213866667
8/14/2008 7:00,0.228833333
8/14/2008 8:00,0.144566667
8/14/2008 9:00,0.225266667
8/14/2008 10:00,0.1513
8/14/2008 11:00,0.1868
8/14/2008 12:00,0.1786
8/14/2008 13:00,0.2116
8/14/2008 14:00,0.1832
8/14/2008 15:00,0.1526
8/14/2008 16:00,0.227666667
8/14/2008 17:00,0.1894
8/14/2008 18:00,0.170866667
8/14/2008 19:00,0.208233333
8/14/2008 20:00,0.189566667
8/14/2008 21:00,0.183
8/14/2008 22:00,0.209233333
8/14/2008 23:00,0.1325
8/15/2008 0:00,0.221833333
8/15/2008 1:00,0.222766667
8/15/2008 2:00,0.1411
8/15/2008 3:00,0.208266667
8/15/2008 4:00,0.215833333
8/15/2008 5:00,0.156866667
8/15/2008 6:00,0.212333333
8/15/2008 7:00,0.1644
8/15/2008 8:00,0.182833333
8/15/2008 9:00,0.177266667
8/15/2008 10:00,0.222466667
8/15/2008 11:00,0.1744
8/15/2008 12:00,0.161933333
8/15/2008 13:00,0.225133333
8/15/2008 14:00,0.147333333
8/15/2008 15:00,0.211
8/15/2008 16:00,0.153133333
8/15/2008 17:00,0.1932
8/15/2008 18:00,0.2434
8/15/2008 19:00,0.163033333
8/15/2008 20:00,0.188166667
8/15/2008 21:00,0.158033333
8/15/2008 22:00,0.231233333
8/15/2008 23:00,0.184933333
8/16/2008 0:00,0.162633333
8/16/2008 1:00,0.2153
8/16/2008 2:00,0.2012
8/16/2008 3:00,0.1739
8/16/2008 4:00,0.2022
8/16/2008 5:00,0.189933333
8/16/2008 6:00,0.177
8/16/2008 7:00,0.2185
8/16/2008 8:00,0.211966667
8/16/2008 9:00,0.148666667
8/16/2008 10:00,0.2238
8/16/2008 11:00,0.155333333
8/16/2008 12:00,0.1993
8/16/2008 13:00,0.213266667
8/16/2008 14:00,0.1368
8/16/2008 15:00,0.227
8/16/2008 16:00,0.217933333
8/16/2008 17:00,0.1275
8/16/2008 18:00,0.2164
8/16/2008 19:00,0.234233333
8/16/2008 20:00,0.149866667
8/16/2008 21:00,0.215866667
8/16/2008 22:00,0.207933333
8/16/2008 23:00,0.1537
8/17/2008 0:00,0.224166667
8/17/2008 1:00,0.220533333
8/17/2008 2:00,0.1315
8/17/2008 3:00,0.224533333
8/17/2008 4:00,0.233133333
8/17/2008 5:00,0.1339
8/17/2008 6:00,0.218733333
8/17/2008 7:00,0.155466667
8/17/2008 8:00,0.204766667
8/17/2008 9:00,0.228966667
8/17/2008 10:00,0.154333333
8/17/2008 11:00,0.184633333
8/17/2008 12:00,0.1645
8/17/2008 13:00,0.233533333
8/17/2008 14:00,0.187866667
8/17/2008 15:00,0.158033333
8/17/2008 16:00,0.219566667
8/17/2008 17:00,0.1429
8/17/2008 18:00,0.227633333
8/17/2008 19:00,0.213366667
8/17/2008 20:00,0.130966667
8/17/2008 21:00,0.2314
8/17/2008 22:00,0.217333333
8/17/2008 23:00,0.138166667
8/18/2008 0:00,0.215266667
8/18/2008 1:00,0.166166667
8/18/2008 2:00,0.204266667
8/18/2008 3:00,0.214133333
8/18/2008 4:00,0.166633333
8/18/2008 5:00,0.181333333
8/18/2008 6:00,0.2263
8/18/2008 7:00,0.1808
8/18/2008 8:00,0.175833333
8/18/2008 9:00,0.163266667
8/18/2008 10:00,0.217666667
8/18/2008 11:00,0.1487
8/18/2008 12:00,0.220733333
8/18/2008 13:00,0.203866667
8/18/2008 14:00,0.135666667
8/18/2008 15:00,0.2217
8/18/2008 16:00,0.1816
8/18/2008 17:00,0.1829
8/18/2008 18:00,0.220666667
8/18/2008 19:00,0.172466667
8/18/2008 20:00,0.194533333
8/18/2008 21:00,0.2228
8/18/2008 22:00,0.165366667
8/18/2008 23:00,0.179966667
8/19/2008 0:00,0.2362
8/19/2008 1:00,0.171366667
8/19/2008 2:00,0.186866667
8/19/2008 3:00,0.164
8/19/2008 4:00,0.212733333
8/19/2008 5:00,0.2051
8/19/2008 6:00,0.1607
8/19/2008 7:00,0.220333333
8/19/2008 8:00,0.181533333
8/19/2008 9:00,0.175566667
8/19/2008 10:00,0.2288
8/19/2008 11:00,0.173566667
8/19/2008 12:00,0.163033333
8/19/2008 13:00,0.2162
8/19/2008 14:00,0.148366667
8/19/2008 15:00,0.222933333
8/19/2008 16:00,0.2059
8/19/2008 17:00,0.138333333
8/19/2008 18:00,0.224366667
8/19/2008 19:00,0.236066667
8/19/2008 20:00,0.1359
8/19/2008 21:00,0.207033333
8/19/2008 22:00,0.1697
8/19/2008 23:00,0.1936
8/20/2008 0:00,0.226466667
8/20/2008 1:00,0.1638
8/20/2008 2:00,0.1783
8/20/2008 3:00,0.226066667
8/20/2008 4:00,0.171566667
8/20/2008 5:00,0.1884
8/20/2008 6:00,0.1603
8/20/2008 7:00,0.2125
8/20/2008 8:00,0.1656
8/20/2008 9:00,0.2022
8/20/2008 10:00,0.2084
8/20/2008 11:00,0.136833333
8/20/2008 12:00,0.217366667
8/20/2008 13:00,0.175166667
8/20/2008 14:00,0.173866667
8/20/2008 15:00,0.211866667
8/20/2008 16:00,0.160966667
8/20/2008 17:00,0.192066667
8/20/2008 18:00,0.178566667
8/20/2008 19:00,0.2015
8/20/2008 20:00,0.138433333
8/20/2008 21:00,0.226333333
8/20/2008 22:00,0.213166667
8/20/2008 23:00,0.1448
8/21/2008 0:00,0.203366667
8/21/2008 1:00,0.153333333
8/21/2008 2:00,0.215333333
8/21/2008 3:00,0.158866667
8/21/2008 4:00,0.2015
8/21/2008 5:00,0.140866667
8/21/2008 6:00,0.214966667
8/21/2008 7:00,0.1831
8/21/2008 8:00,0.168566667
8/21/2008 9:00,0.210066667
8/21/2008 10:00,0.150166667
8/21/2008 11:00,0.203666667
8/21/2008 12:00,0.168266667
8/21/2008 13:00,0.184933333
8/21/2008 14:00,0.150533333
8/21/2008 15:00,0.2279
8/21/2008 16:00,0.1474
8/21/2008 17:00,0.2035
8/21/2008 18:00,0.1548
8/21/2008 19:00,0.189066667
8/21/2008 20:00,0.223633333
8/21/2008 21:00,0.162033333
8/21/2008 22:00,0.187633333
8/21/2008 23:00,0.151466667
8/22/2008 0:00,0.228866667
8/22/2008 1:00,0.196566667
8/22/2008 2:00,0.157633333
8/22/2008 3:00,0.214866667
8/22/2008 4:00,0.127533333
8/22/2008 5:00,0.227666667
8/22/2008 6:00,0.217933333
8/22/2008 7:00,0.131633333
8/22/2008 8:00,0.211733333
8/22/2008 9:00,0.163633333
8/22/2008 10:00,0.203666667
8/22/2008 11:00,0.161833333
8/22/2008 12:00,0.201933333
8/22/2008 13:00,0.181466667
8/22/2008 14:00,0.1692
8/22/2008 15:00,0.218566667
8/22/2008 16:00,0.1268
8/22/2008 17:00,0.207166667
8/22/2008 18:00,0.2125
8/22/2008 19:00,0.1643
8/22/2008 20:00,0.221933333
8/22/2008 21:00,0.143633333
8/22/2008 22:00,0.185
8/22/2008 23:00,0.176
8/23/2008 0:00,0.209833333
8/23/2008 1:00,0.1441
8/23/2008 2:00,0.195566667
8/23/2008 3:00,0.151666667
8/23/2008 4:00,0.203833333
8/23/2008 5:00,0.167133333
8/23/2008 6:00,0.1866
8/23/2008 7:00,0.140433333
8/23/2008 8:00,0.212366667
8/23/2008 9:00,0.148566667
8/23/2008 10:00,0.198033333
8/23/2008 11:00,0.156433333
8/23/2008 12:00,0.1719
8/23/2008 13:00,0.173066667
8/23/2008 14:00,0.209533333
8/23/2008 15:00,0.132966667
8/23/2008 16:00,0.194233333
8/23/2008 17:00,0.1668
8/23/2008 18:00,0.188933333
8/23/2008 19:00,0.169333333
8/23/2008 20:00,0.211733333
8/23/2008 21:00,0.124
8/23/2008 22:00,0.215166667
8/23/2008 23:00,0.1718
8/24/2008 0:00,0.176966667
8/24/2008 1:00,0.1609
8/24/2008 2:00,0.1836
8/24/2008 3:00,0.208366667
8/24/2008 4:00,0.170433333
8/24/2008 5:00,0.182733333
8/24/2008 6:00,0.153833333
8/24/2008 7:00,0.2126
8/24/2008 8:00,0.1578
8/24/2008 9:00,0.150433333
8/24/2008 10:00,0.207233333
8/24/2008 11:00,0.1266
8/24/2008 12:00,0.214
8/24/2008 13:00,0.179766667
8/24/2008 14:00,0.171833333
8/24/2008 15:00,0.159066667
8/24/2008 16:00,0.197766667
8/24/2008 17:00,0.148666667
8/24/2008 18:00,0.206566667
8/24/2008 19:00,0.177
8/24/2008 20:00,0.179
8/24/2008 21:00,0.158966667
8/24/2008 22:00,0.176666667
8/24/2008 23:00,0.184466667
8/25/2008 0:00,0.163166667
8/25/2008 1:00,0.187866667
8/25/2008 2:00,0.158033333
8/25/2008 3:00,0.212
8/25/2008 4:00,0.138866667
8/25/2008 5:00,0.200233333
8/25/2008 6:00,0.152233333
8/25/2008 7:00,0.1654
8/25/2008 8:00,0.2066
8/25/2008 9:00,0.1595
8/25/2008 10:00,0.169433333
8/25/2008 11:00,0.1682
8/25/2008 12:00,0.214366667
8/25/2008 13:00,0.137066667
8/25/2008 14:00,0.1546
8/25/2008 15:00,0.1991
8/25/2008 16:00,0.1493
8/25/2008 17:00,0.2148
8/25/2008 18:00,0.1508
8/25/2008 19:00,0.189466667
8/25/2008 20:00,0.157733333
8/25/2008 21:00,0.161266667
8/25/2008 22:00,0.2
8/25/2008 23:00,0.1616
8/26/2008 0:00,0.1869
8/26/2008 1:00,0.1473
8/26/2008 2:00,0.215533333
8/26/2008 3:00,0.150433333
8/26/2008 4:00,0.195433333
8/26/2008 5:00,0.150133333
8/26/2008 6:00,0.1978
8/26/2008 7:00,0.1764
8/26/2008 8:00,0.2149
8/26/2008 9:00,0.129233333
8/26/2008 10:00,0.1533
8/26/2008 11:00,0.222333333
8/26/2008 12:00,0.138066667
8/26/2008 13:00,0.213933333
8/26/2008 14:00,0.152033333
8/26/2008 15:00,0.187566667
8/26/2008 16:00,0.178133333
8/26/2008 17:00,0.210433333
8/26/2008 18:00,0.1342
8/26/2008 19:00,0.195833333
8/26/2008 20:00,0.180466667
8/26/2008 21:00,0.193666667
8/26/2008 22:00,0.1622
8/26/2008 23:00,0.2065
8/27/2008 0:00,0.1276
8/27/2008 1:00,0.2239
8/27/2008 2:00,0.214533333
8/27/2008 3:00,0.135066667
8/27/2008 4:00,0.209633333
8/27/2008 5:00,0.1375
8/27/2008 6:00,0.2087
8/27/2008 7:00,0.187166667
8/27/2008 8:00,0.168866667
8/27/2008 9:00,0.1679
8/27/2008 10:00,0.156066667
8/27/2008 11:00,0.191733333
8/27/2008 12:00,0.170166667
8/27/2008 13:00,0.199933333
8/27/2008 14:00,0.134133333
8/27/2008 15:00,0.210466667
8/27/2008 16:00,0.173266667
8/27/2008 17:00,0.192266667
8/27/2008 18:00,0.1588
8/27/2008 19:00,0.2153
8/27/2008 20:00,0.1911
8/27/2008 21:00,0.1696
8/27/2008 22:00,0.225466667
8/27/2008 23:00,0.132733333
8/28/2008 0:00,0.2064
8/28/2008 1:00,0.223033333
8/28/2008 2:00,0.139933333
8/28/2008 3:00,0.2191
8/28/2008 4:00,0.163233333
8/28/2008 5:00,0.172033333
8/28/2008 6:00,0.1686
8/28/2008 7:00,0.234233333
8/28/2008 8:00,0.147
8/28/2008 9:00,0.205133333
8/28/2008 10:00,0.200066667
8/28/2008 11:00,0.146266667
8/28/2008 12:00,0.229033333
8/28/2008 13:00,0.153833333
8/28/2008 14:00,0.1955
8/28/2008 15:00,0.159133333
8/28/2008 16:00,0.196333333
8/28/2008 17:00,0.180233333
8/28/2008 18:00,0.1941
8/28/2008 19:00,0.2147
8/28/2008 20:00,0.1461
8/28/2008 21:00,0.211
8/28/2008 22:00,0.1618
8/28/2008 23:00,0.203966667
8/29/2008 0:00,0.162233333
8/29/2008 1:00,0.185366667
8/29/2008 2:00,0.201366667
8/29/2008 3:00,0.180433333
8/29/2008 4:00,0.1963
8/29/2008 5:00,0.154633333
8/29/2008 6:00,0.218
8/29/2008 7:00,0.1358
8/29/2008 8:00,0.224966667
8/29/2008 9:00,0.1748
8/29/2008 10:00,0.172366667
8/29/2008 11:00,0.159966667
8/29/2008 12:00,0.213166667
8/29/2008 13:00,0.142666667
8/29/2008 14:00,0.222866667
8/29/2008 15:00,0.152733333
8/29/2008 16:00,0.185166667
8/29/2008 17:00,0.166066667
8/29/2008 18:00,0.223
8/29/2008 19:00,0.152333333
8/29/2008 20:00,0.213233333
8/29/2008 21:00,0.2176
8/29/2008 22:00,0.1873
8/29/2008 23:00,0.217433333
8/30/2008 0:00,0.174066667
8/30/2008 1:00,0.192733333
8/30/2008 2:00,0.155
8/30/2008 3:00,0.206833333
8/30/2008 4:00,0.146866667
8/30/2008 5:00,0.2234
8/30/2008 6:00,0.2069
8/30/2008 7:00,0.1395
8/30/2008 8:00,0.215533333
8/30/2008 9:00,0.157266667
8/30/2008 10:00,0.214
8/30/2008 11:00,0.176566667
8/30/2008 12:00,0.180933333
8/30/2008 13:00,0.1596
8/30/2008 14:00,0.2139
8/30/2008 15:00,0.140266667
8/30/2008 16:00,0.230066667
8/30/2008 17:00,0.1679
8/30/2008 18:00,0.182133333
8/30/2008 19:00,0.2319
8/30/2008 20:00,0.1823
8/30/2008 21:00,0.2058
8/30/2008 22:00,0.2099
8/30/2008 23:00,0.1937
8/31/2008 0:00,0.191133333
8/31/2008 1:00,0.163333333
8/31/2008 2:00,0.2306
8/31/2008 3:00,0.2058
8/31/2008 4:00,0.1844
8/31/2008 5:00,0.221
8/31/2008 6:00,0.187933333
8/31/2008 7:00,0.168633333
8/31/2008 8:00,0.211266667
8/31/2008 9:00,0.154066667
8/31/2008 10:00,0.228633333
8/31/2008 11:00,0.2133
8/31/2008 12:00,0.143633333
8/31/2008 13:00,0.2087
8/31/2008 14:00,1.611933333
8/31/2008 15:00,2.401866667
8/31/2008 16:00,2.1426
8/31/2008 17:00,2.887966667
8/31/2008 18:00,2.533466667
8/31/2008 19:00,2.6431
8/31/2008 20:00,1.638033333
8/31/2008 21:00,3.178733333
8/31/2008 22:00,1.806466667
8/31/2008 23:00,1.4578
09-01-2008 00:00,0.893066667
09-01-2008 01:00,0.302366667
09-01-2008 02:00,0.348233333
09-01-2008 03:00,0.307866667
09-01-2008 04:00,0.226766667
09-01-2008 05:00,0.2732
09-01-2008 06:00,0.298833333
09-01-2008 07:00,1.850666667
09-01-2008 08:00,1.869066667
09-01-2008 09:00,1.351
09-01-2008 10:00,1.978933333
09-01-2008 11:00,1.6985
09-01-2008 12:00,1.584033333
09-01-2008 13:00,1.2028
09-01-2008 14:00,0.438866667
09-01-2008 15:00,0.4705
09-01-2008 16:00,0.4177
09-01-2008 17:00,0.437366667
09-01-2008 18:00,0.248633333
09-01-2008 19:00,0.2811
09-01-2008 20:00,0.278133333
09-01-2008 21:00,0.995166667
09-01-2008 22:00,2.0432
09-01-2008 23:00,0.995833333
09-02-2008 00:00,0.355533333
09-02-2008 01:00,0.2772
09-02-2008 02:00,0.332666667
09-02-2008 03:00,0.3014
09-02-2008 04:00,0.274966667
09-02-2008 05:00,0.2868
09-02-2008 06:00,0.297033333
09-02-2008 07:00,1.146466667
09-02-2008 08:00,1.0176
09-02-2008 09:00,0.2784
09-02-2008 10:00,1.141233333
09-02-2008 11:00,1.7313
09-02-2008 12:00,1.4822
09-02-2008 13:00,1.163366667
09-02-2008 14:00,0.8907
09-02-2008 15:00,0.315066667
09-02-2008 16:00,0.323333333
09-02-2008 17:00,1.695733333
09-02-2008 18:00,0.675466667
09-02-2008 19:00,2.414766667
09-02-2008 20:00,1.832966667
09-02-2008 21:00,2.096533333
09-02-2008 22:00,2.056333333
09-02-2008 23:00,0.682166667
09-03-2008 00:00,0.311633333
09-03-2008 01:00,0.3104
09-03-2008 02:00,0.2651
09-03-2008 03:00,0.285466667
09-03-2008 04:00,0.2742
09-03-2008 05:00,0.9222
09-03-2008 06:00,0.2696
09-03-2008 07:00,1.8464
09-03-2008 08:00,1.454266667
09-03-2008 09:00,1.458133333
09-03-2008 10:00,1.095966667
09-03-2008 11:00,1.6952
09-03-2008 12:00,0.838133333
09-03-2008 13:00,1.6603
09-03-2008 14:00,1.556933333
09-03-2008 15:00,1.507566667
09-03-2008 16:00,0.372933333
09-03-2008 17:00,0.2522
09-03-2008 18:00,0.3512
09-03-2008 19:00,0.776433333
09-03-2008 20:00,2.914433333
09-03-2008 21:00,1.8082
09-03-2008 22:00,0.6034
09-03-2008 23:00,0.311133333
09-04-2008 00:00,0.264366667
09-04-2008 01:00,0.7377
09-04-2008 02:00,0.364066667
09-04-2008 03:00,0.292266667
09-04-2008 04:00,0.261033333
09-04-2008 05:00,0.248133333
09-04-2008 06:00,0.2668
09-04-2008 07:00,0.775266667
09-04-2008 08:00,1.3856
09-04-2008 09:00,1.3097
09-04-2008 10:00,1.1338
09-04-2008 11:00,1.2304
09-04-2008 12:00,1.279766667
09-04-2008 13:00,1.405033333
09-04-2008 14:00,0.764866667
09-04-2008 15:00,0.440533333
09-04-2008 16:00,0.401866667
09-04-2008 17:00,0.229933333
09-04-2008 18:00,0.263433333
09-04-2008 19:00,1.451866667
09-04-2008 20:00,1.5702
09-04-2008 21:00,2.8183
09-04-2008 22:00,1.186833333
09-04-2008 23:00,0.338566667
09-05-2008 00:00,0.270933333
09-05-2008 01:00,0.268733333
09-05-2008 02:00,0.1986
09-05-2008 03:00,0.284766667
09-05-2008 04:00,0.285166667
09-05-2008 05:00,0.2063
09-05-2008 06:00,1.129966667
09-05-2008 07:00,2.472433333
09-05-2008 08:00,1.3082
09-05-2008 09:00,1.3401
09-05-2008 10:00,0.7798
09-05-2008 11:00,0.239266667
09-05-2008 12:00,0.217766667
09-05-2008 13:00,0.241733333
09-05-2008 14:00,0.2788
09-05-2008 15:00,0.2371
09-05-2008 16:00,0.236033333
09-05-2008 17:00,0.259133333
09-05-2008 18:00,0.228633333
09-05-2008 19:00,1.401533333
09-05-2008 20:00,1.2952
09-05-2008 21:00,0.718866667
09-05-2008 22:00,0.376566667
09-05-2008 23:00,0.290366667
09-06-2008 00:00,0.265
09-06-2008 01:00,0.211866667
09-06-2008 02:00,0.276766667
09-06-2008 03:00,0.706
09-06-2008 04:00,0.502533333
09-06-2008 05:00,0.2641
09-06-2008 06:00,0.328533333
09-06-2008 07:00,2.120366667
09-06-2008 08:00,1.7373
09-06-2008 09:00,1.219166667
09-06-2008 10:00,2.582266667
09-06-2008 11:00,2.5646
09-06-2008 12:00,0.3723
09-06-2008 13:00,1.658733333
09-06-2008 14:00,1.3926
09-06-2008 15:00,2.219333333
09-06-2008 16:00,1.964966667
09-06-2008 17:00,0.5992
09-06-2008 18:00,1.3012
09-06-2008 19:00,2.535233333
09-06-2008 20:00,1.815433333
09-06-2008 21:00,1.452966667
09-06-2008 22:00,1.471966667
09-06-2008 23:00,1.580466667
09-07-2008 00:00,0.4956
09-07-2008 01:00,0.347666667
09-07-2008 02:00,0.3059
09-07-2008 03:00,0.2997
09-07-2008 04:00,0.289133333
09-07-2008 05:00,0.264666667
09-07-2008 06:00,0.287766667
09-07-2008 07:00,0.284066667
09-07-2008 08:00,0.544933333
09-07-2008 09:00,1.145266667
09-07-2008 10:00,0.466033333
09-07-2008 11:00,0.367833333
09-07-2008 12:00,1.497633333
09-07-2008 13:00,1.423733333
09-07-2008 14:00,1.026233333
09-07-2008 15:00,1.749866667
09-07-2008 16:00,3.0475
09-07-2008 17:00,0.556566667
09-07-2008 18:00,0.537466667
09-07-2008 19:00,1.408766667
09-07-2008 20:00,2.380166667
09-07-2008 21:00,2.453066667
09-07-2008 22:00,1.385333333
09-07-2008 23:00,0.3127
09-08-2008 00:00,0.311033333
09-08-2008 01:00,0.298266667
09-08-2008 02:00,0.257433333
09-08-2008 03:00,0.290866667
09-08-2008 04:00,0.281566667
09-08-2008 05:00,0.271766667
09-08-2008 06:00,1.839833333
09-08-2008 07:00,1.8353
09-08-2008 08:00,1.348466667
09-08-2008 09:00,1.2951
09-08-2008 10:00,1.315333333
09-08-2008 11:00,1.312533333
09-08-2008 12:00,0.9296
09-08-2008 13:00,0.2776
09-08-2008 14:00,0.268566667
09-08-2008 15:00,0.268633333
09-08-2008 16:00,0.256866667
09-08-2008 17:00,0.286133333
09-08-2008 18:00,0.289566667
09-08-2008 19:00,0.371166667
09-08-2008 20:00,2.436533333
09-08-2008 21:00,3.0553
09-08-2008 22:00,2.052933333
09-08-2008 23:00,0.671666667
09-09-2008 00:00,0.953633333
09-09-2008 01:00,0.5699
09-09-2008 02:00,0.267333333
09-09-2008 03:00,0.289866667
09-09-2008 04:00,0.251533333
09-09-2008 05:00,0.2853
09-09-2008 06:00,0.6409
09-09-2008 07:00,2.312666667
09-09-2008 08:00,1.323033333
09-09-2008 09:00,2.0601
09-09-2008 10:00,1.196966667
09-09-2008 11:00,0.714166667
09-09-2008 12:00,1.123566667
09-09-2008 13:00,1.2729
09-09-2008 14:00,0.375466667
09-09-2008 15:00,0.321266667
09-09-2008 16:00,0.289466667
09-09-2008 17:00,0.344133333
09-09-2008 18:00,0.294566667
09-09-2008 19:00,0.813033333
09-09-2008 20:00,0.9425
09-09-2008 21:00,1.591366667
09-09-2008 22:00,0.734533333
09-09-2008 23:00,0.359366667
09-10-2008 00:00,0.364833333
09-10-2008 01:00,0.266133333
09-10-2008 02:00,0.260933333
09-10-2008 03:00,0.2816
09-10-2008 04:00,0.275333333
09-10-2008 05:00,0.2615
09-10-2008 06:00,0.5988
09-10-2008 07:00,2.311466667
09-10-2008 08:00,2.024766667
09-10-2008 09:00,1.879133333
09-10-2008 10:00,1.7242
09-10-2008 11:00,1.5514
09-10-2008 12:00,1.6319
09-10-2008 13:00,1.0633
09-10-2008 14:00,0.487
09-10-2008 15:00,0.286666667
09-10-2008 16:00,0.274633333
09-10-2008 17:00,0.308833333
09-10-2008 18:00,0.318466667
09-10-2008 19:00,0.404833333
09-10-2008 20:00,0.812933333
09-10-2008 21:00,2.217966667
09-10-2008 22:00,1.7659
09-10-2008 23:00,0.306866667
09-11-2008 00:00,0.290133333
09-11-2008 01:00,0.2731
09-11-2008 02:00,0.261233333
09-11-2008 03:00,0.287533333
09-11-2008 04:00,0.2836
09-11-2008 05:00,0.278866667
09-11-2008 06:00,0.6822
09-11-2008 07:00,1.8146
09-11-2008 08:00,1.420833333
09-11-2008 09:00,1.241333333
09-11-2008 10:00,1.418833333
09-11-2008 11:00,0.5162
09-11-2008 12:00,0.296766667
09-11-2008 13:00,0.763566667
09-11-2008 14:00,1.029166667
09-11-2008 15:00,0.793866667
09-11-2008 16:00,0.267366667
09-11-2008 17:00,0.284366667
09-11-2008 18:00,0.309566667
09-11-2008 19:00,0.755833333
09-11-2008 20:00,1.776633333
09-11-2008 21:00,1.331666667
09-11-2008 22:00,0.4964
09-11-2008 23:00,0.271566667
09-12-2008 00:00,0.4493
09-12-2008 01:00,0.6873
09-12-2008 02:00,0.301066667
09-12-2008 03:00,0.261333333
09-12-2008 04:00,0.2792
09-12-2008 05:00,0.280333333
09-12-2008 06:00,0.835633333
09-12-2008 07:00,2.023033333
09-12-2008 08:00,1.745133333
09-12-2008 09:00,2.139566667
09-12-2008 10:00,1.4755
09-12-2008 11:00,0.839466667
09-12-2008 12:00,0.5445
09-12-2008 13:00,0.250766667
09-12-2008 14:00,0.284266667
09-12-2008 15:00,0.298666667
09-12-2008 16:00,0.268266667
09-12-2008 17:00,0.4938
09-12-2008 18:00,0.906366667
09-12-2008 19:00,1.979033333
09-12-2008 20:00,2.142466667
09-12-2008 21:00,2.097266667
09-12-2008 22:00,1.652233333
09-12-2008 23:00,0.9782
9/13/2008 0:00,0.456033333
9/13/2008 1:00,0.312333333
9/13/2008 2:00,0.3036
9/13/2008 3:00,0.250733333
9/13/2008 4:00,0.261833333
9/13/2008 5:00,0.2741
9/13/2008 6:00,1.222933333
9/13/2008 7:00,1.785166667
9/13/2008 8:00,1.786166667
9/13/2008 9:00,1.449266667
9/13/2008 10:00,2.7049
9/13/2008 11:00,1.303233333
9/13/2008 12:00,0.444933333
9/13/2008 13:00,0.336966667
9/13/2008 14:00,1.390366667
9/13/2008 15:00,2.979566667
9/13/2008 16:00,2.6606
9/13/2008 17:00,1.693166667
9/13/2008 18:00,0.347266667
9/13/2008 19:00,1.673933333
9/13/2008 20:00,1.657566667
9/13/2008 21:00,0.7046
9/13/2008 22:00,0.5045
9/13/2008 23:00,0.686833333
9/14/2008 0:00,0.447933333
9/14/2008 1:00,0.538766667
9/14/2008 2:00,0.3483
9/14/2008 3:00,0.2774
9/14/2008 4:00,0.326333333
9/14/2008 5:00,0.960133333
9/14/2008 6:00,0.308266667
9/14/2008 7:00,0.266633333
9/14/2008 8:00,0.504133333
9/14/2008 9:00,0.398433333
9/14/2008 10:00,0.5288
9/14/2008 11:00,2.299066667
9/14/2008 12:00,3.5746
9/14/2008 13:00,2.056533333
9/14/2008 14:00,1.7707
9/14/2008 15:00,1.335833333
9/14/2008 16:00,0.7183
9/14/2008 17:00,0.592166667
9/14/2008 18:00,0.854466667
9/14/2008 19:00,1.277666667
9/14/2008 20:00,3.302833333
9/14/2008 21:00,1.826
9/14/2008 22:00,1.141133333
9/14/2008 23:00,0.617666667
9/15/2008 0:00,0.492833333
9/15/2008 1:00,0.501366667
9/15/2008 2:00,0.5114
9/15/2008 3:00,0.402266667
9/15/2008 4:00,1.0105
9/15/2008 5:00,0.483066667
9/15/2008 6:00,1.278433333
9/15/2008 7:00,1.985166667
9/15/2008 8:00,1.665366667
9/15/2008 9:00,1.512366667
9/15/2008 10:00,1.5674
9/15/2008 11:00,0.821033333
9/15/2008 12:00,0.617666667
9/15/2008 13:00,0.800433333
9/15/2008 14:00,0.6867
9/15/2008 15:00,0.6353
9/15/2008 16:00,0.6038
9/15/2008 17:00,1.423633333
9/15/2008 18:00,1.552266667
9/15/2008 19:00,2.671
9/15/2008 20:00,2.277533333
9/15/2008 21:00,2.589466667
9/15/2008 22:00,1.317533333
9/15/2008 23:00,0.8886
9/16/2008 0:00,0.3522
9/16/2008 1:00,0.263
9/16/2008 2:00,0.286366667
9/16/2008 3:00,0.3109
9/16/2008 4:00,0.2609
9/16/2008 5:00,0.277066667
9/16/2008 6:00,1.534933333
9/16/2008 7:00,1.963266667
9/16/2008 8:00,1.416533333
9/16/2008 9:00,1.410633333
9/16/2008 10:00,0.6771
9/16/2008 11:00,0.910633333
9/16/2008 12:00,1.087833333
9/16/2008 13:00,1.295533333
9/16/2008 14:00,0.423
9/16/2008 15:00,0.436966667
9/16/2008 16:00,0.5755
9/16/2008 17:00,0.434166667
9/16/2008 18:00,0.460866667
9/16/2008 19:00,1.1585
9/16/2008 20:00,1.566633333
9/16/2008 21:00,1.489433333
9/16/2008 22:00,1.532066667
9/16/2008 23:00,0.240333333
9/17/2008 0:00,0.276266667
9/17/2008 1:00,0.2956
9/17/2008 2:00,0.218366667
9/17/2008 3:00,0.268666667
9/17/2008 4:00,0.567
9/17/2008 5:00,0.572833333
9/17/2008 6:00,0.4667
9/17/2008 7:00,2.149233333
9/17/2008 8:00,1.435466667
9/17/2008 9:00,1.354666667
9/17/2008 10:00,2.938333333
9/17/2008 11:00,1.502366667
9/17/2008 12:00,1.201566667
9/17/2008 13:00,0.487233333
9/17/2008 14:00,0.536766667
9/17/2008 15:00,0.270133333
9/17/2008 16:00,1.665766667
9/17/2008 17:00,1.329266667
9/17/2008 18:00,0.325466667
9/17/2008 19:00,0.531366667
9/17/2008 20:00,2.304
9/17/2008 21:00,2.493633333
9/17/2008 22:00,1.688466667
9/17/2008 23:00,0.441
9/18/2008 0:00,0.307166667
9/18/2008 1:00,0.222266667
9/18/2008 2:00,0.2933
9/18/2008 3:00,0.235366667
9/18/2008 4:00,0.269966667
9/18/2008 5:00,0.276666667
9/18/2008 6:00,1.756066667
9/18/2008 7:00,2.515633333
9/18/2008 8:00,1.820333333
9/18/2008 9:00,1.681333333
9/18/2008 10:00,0.270466667
9/18/2008 11:00,0.233766667
9/18/2008 12:00,0.502766667
9/18/2008 13:00,0.4704
9/18/2008 14:00,1.076733333
9/18/2008 15:00,0.938366667
9/18/2008 16:00,0.319866667
9/18/2008 17:00,0.619
9/18/2008 18:00,0.766533333
9/18/2008 19:00,1.716
9/18/2008 20:00,3.1279
9/18/2008 21:00,2.5396
9/18/2008 22:00,1.231333333
9/18/2008 23:00,1.897333333
9/19/2008 0:00,0.875266667
9/19/2008 1:00,0.720633333
9/19/2008 2:00,0.274733333
9/19/2008 3:00,0.292066667
9/19/2008 4:00,0.2253
9/19/2008 5:00,0.279133333
9/19/2008 6:00,1.0284
9/19/2008 7:00,2.017466667
9/19/2008 8:00,1.429366667
9/19/2008 9:00,1.423633333
9/19/2008 10:00,1.565066667
9/19/2008 11:00,1.412533333
9/19/2008 12:00,0.675766667
9/19/2008 13:00,0.7199
9/19/2008 14:00,0.287566667
9/19/2008 15:00,0.5223
9/19/2008 16:00,0.352
9/19/2008 17:00,1.198466667
9/19/2008 18:00,1.412233333
9/19/2008 19:00,1.690733333
9/19/2008 20:00,2.784066667
9/19/2008 21:00,2.485633333
9/19/2008 22:00,0.513666667
9/19/2008 23:00,1.128166667
9/20/2008 0:00,0.6676
9/20/2008 1:00,0.636933333
9/20/2008 2:00,0.719066667
9/20/2008 3:00,0.980766667
9/20/2008 4:00,0.739633333
9/20/2008 5:00,0.987333333
9/20/2008 6:00,0.684266667
9/20/2008 7:00,2.066066667
9/20/2008 8:00,1.261533333
9/20/2008 9:00,1.3841
9/20/2008 10:00,1.331633333
9/20/2008 11:00,1.451566667
9/20/2008 12:00,1.680166667
9/20/2008 13:00,1.4377
9/20/2008 14:00,0.823366667
9/20/2008 15:00,0.2935
9/20/2008 16:00,0.659266667
9/20/2008 17:00,1.2466
9/20/2008 18:00,0.275266667
9/20/2008 19:00,0.280633333
9/20/2008 20:00,0.300166667
9/20/2008 21:00,0.255966667
9/20/2008 22:00,0.649
9/20/2008 23:00,0.9312
9/21/2008 0:00,0.269866667
9/21/2008 1:00,0.4497
9/21/2008 2:00,0.301866667
9/21/2008 3:00,0.281333333
9/21/2008 4:00,0.234033333
9/21/2008 5:00,0.282066667
9/21/2008 6:00,0.232533333
9/21/2008 7:00,0.662166667
9/21/2008 8:00,0.9637
9/21/2008 9:00,1.629166667
9/21/2008 10:00,0.340833333
9/21/2008 11:00,1.1275
9/21/2008 12:00,3.285366667
9/21/2008 13:00,2.715833333
9/21/2008 14:00,1.483633333
9/21/2008 15:00,1.184333333
9/21/2008 16:00,0.961366667
9/21/2008 17:00,0.5313
9/21/2008 18:00,1.639666667
9/21/2008 19:00,1.632233333
9/21/2008 20:00,3.046633333
9/21/2008 21:00,1.5331
9/21/2008 22:00,0.421333333
9/21/2008 23:00,0.3416
9/22/2008 0:00,0.290566667
9/22/2008 1:00,0.2954
9/22/2008 2:00,0.2858
9/22/2008 3:00,0.636666667
9/22/2008 4:00,0.360666667
9/22/2008 5:00,0.232333333
9/22/2008 6:00,1.3276
9/22/2008 7:00,2.312866667
9/22/2008 8:00,1.347533333
9/22/2008 9:00,1.3434
9/22/2008 10:00,1.322033333
9/22/2008 11:00,1.2619
9/22/2008 12:00,1.3356
9/22/2008 13:00,0.336966667
9/22/2008 14:00,0.287166667
9/22/2008 15:00,0.2875
9/22/2008 16:00,0.235033333
9/22/2008 17:00,0.307833333
9/22/2008 18:00,0.249566667
9/22/2008 19:00,1.154266667
9/22/2008 20:00,4.291233333
9/22/2008 21:00,1.712766667
9/22/2008 22:00,1.1092
9/22/2008 23:00,0.318833333
9/23/2008 0:00,0.296066667
9/23/2008 1:00,0.405866667
9/23/2008 2:00,0.858
9/23/2008 3:00,0.2514
9/23/2008 4:00,0.279233333
9/23/2008 5:00,0.291733333
9/23/2008 6:00,1.0226
9/23/2008 7:00,2.362
9/23/2008 8:00,2.780933333
9/23/2008 9:00,1.3412
9/23/2008 10:00,0.697166667
9/23/2008 11:00,0.661366667
9/23/2008 12:00,0.2379
9/23/2008 13:00,0.407433333
9/23/2008 14:00,0.505766667
9/23/2008 15:00,0.412
9/23/2008 16:00,0.469666667
9/23/2008 17:00,0.374833333
9/23/2008 18:00,1.203966667
9/23/2008 19:00,0.6111
9/23/2008 20:00,1.627533333
9/23/2008 21:00,1.278133333
9/23/2008 22:00,1.711833333
9/23/2008 23:00,0.458733333
9/24/2008 0:00,0.4544
9/24/2008 1:00,0.4417
9/24/2008 2:00,0.392433333
9/24/2008 3:00,0.451033333
9/24/2008 4:00,0.379733333
9/24/2008 5:00,0.443033333
9/24/2008 6:00,1.511166667
9/24/2008 7:00,2.4407
9/24/2008 8:00,1.863866667
9/24/2008 9:00,1.798533333
9/24/2008 10:00,1.43
9/24/2008 11:00,1.5726
9/24/2008 12:00,2.311466667
9/24/2008 13:00,2.103933333
9/24/2008 14:00,1.093333333
9/24/2008 15:00,1.2396
9/24/2008 16:00,0.290133333
9/24/2008 17:00,0.312766667
9/24/2008 18:00,0.292933333
9/24/2008 19:00,0.931633333
9/24/2008 20:00,1.539133333
9/24/2008 21:00,2.854033333
9/24/2008 22:00,1.7419
9/24/2008 23:00,0.7491
9/25/2008 0:00,0.302833333
9/25/2008 1:00,0.246033333
9/25/2008 2:00,0.310166667
9/25/2008 3:00,0.239033333
9/25/2008 4:00,0.283133333
9/25/2008 5:00,0.290066667
9/25/2008 6:00,0.850233333
9/25/2008 7:00,2.101033333
9/25/2008 8:00,1.406966667
9/25/2008 9:00,1.348966667
9/25/2008 10:00,1.277233333
9/25/2008 11:00,0.7835
9/25/2008 12:00,0.309966667
9/25/2008 13:00,0.244333333
9/25/2008 14:00,0.301666667
9/25/2008 15:00,0.249866667
9/25/2008 16:00,0.284133333
9/25/2008 17:00,0.260233333
9/25/2008 18:00,0.283166667
9/25/2008 19:00,1.139266667
9/25/2008 20:00,1.893033333
9/25/2008 21:00,1.9642
9/25/2008 22:00,1.4539
9/25/2008 23:00,1.0307
9/26/2008 0:00,0.257933333
9/26/2008 1:00,0.2931
9/26/2008 2:00,0.226233333
9/26/2008 3:00,0.2582
9/26/2008 4:00,0.225366667
9/26/2008 5:00,0.2797
9/26/2008 6:00,0.967066667
9/26/2008 7:00,2.132666667
9/26/2008 8:00,1.275066667
9/26/2008 9:00,1.291066667
9/26/2008 10:00,1.270566667
9/26/2008 11:00,1.579333333
9/26/2008 12:00,1.8706
9/26/2008 13:00,0.975233333
9/26/2008 14:00,0.301366667
9/26/2008 15:00,0.2723
9/26/2008 16:00,0.231533333
9/26/2008 17:00,0.290633333
9/26/2008 18:00,0.469166667
9/26/2008 19:00,2.934666667
9/26/2008 20:00,1.958666667
9/26/2008 21:00,2.014133333
9/26/2008 22:00,1.603166667
9/26/2008 23:00,0.879733333
9/27/2008 0:00,0.2233
9/27/2008 1:00,0.283266667
9/27/2008 2:00,0.233966667
9/27/2008 3:00,0.261433333
9/27/2008 4:00,0.2884
9/27/2008 5:00,0.233166667
9/27/2008 6:00,0.594966667
9/27/2008 7:00,2.0421
9/27/2008 8:00,1.904133333
9/27/2008 9:00,1.3768
9/27/2008 10:00,1.472966667
9/27/2008 11:00,1.089066667
9/27/2008 12:00,1.840233333
9/27/2008 13:00,1.5383
9/27/2008 14:00,0.463166667
9/27/2008 15:00,0.484433333
9/27/2008 16:00,0.6905
9/27/2008 17:00,1.4653
9/27/2008 18:00,2.979733333
9/27/2008 19:00,3.489666667
9/27/2008 20:00,3.6119
9/27/2008 21:00,3.3233
9/27/2008 22:00,3.1188
9/27/2008 23:00,2.448533333
9/28/2008 0:00,2.002466667
9/28/2008 1:00,0.967
9/28/2008 2:00,1.2281
9/28/2008 3:00,1.254333333
9/28/2008 4:00,0.7047
9/28/2008 5:00,0.263566667
9/28/2008 6:00,0.299566667
9/28/2008 7:00,0.348733333
9/28/2008 8:00,0.549233333
9/28/2008 9:00,0.681866667
9/28/2008 10:00,0.688366667
9/28/2008 11:00,0.961233333
9/28/2008 12:00,1.4381
9/28/2008 13:00,1.526466667
9/28/2008 14:00,1.5553
9/28/2008 15:00,1.624933333
9/28/2008 16:00,1.5003
9/28/2008 17:00,1.271366667
9/28/2008 18:00,0.4307
9/28/2008 19:00,1.003366667
9/28/2008 20:00,2.508
9/28/2008 21:00,3.104733333
9/28/2008 22:00,2.484933333
9/28/2008 23:00,0.454366667
9/29/2008 0:00,0.347866667
9/29/2008 1:00,0.334033333
9/29/2008 2:00,0.380033333
9/29/2008 3:00,0.2822
9/29/2008 4:00,0.391233333
9/29/2008 5:00,0.973066667
9/29/2008 6:00,0.765666667
9/29/2008 7:00,2.460066667
9/29/2008 8:00,1.554266667
9/29/2008 9:00,1.577
9/29/2008 10:00,1.7071
9/29/2008 11:00,1.6516
9/29/2008 12:00,1.443966667
9/29/2008 13:00,0.806766667
9/29/2008 14:00,0.600766667
9/29/2008 15:00,0.618533333
9/29/2008 16:00,0.5593
9/29/2008 17:00,0.37
9/29/2008 18:00,0.3151
9/29/2008 19:00,0.9468
9/29/2008 20:00,1.421633333
9/29/2008 21:00,2.061233333
9/29/2008 22:00,2.2464
9/29/2008 23:00,1.214333333
9/30/2008 0:00,0.3369
9/30/2008 1:00,0.382133333
9/30/2008 2:00,0.374433333
9/30/2008 3:00,0.3066
9/30/2008 4:00,0.361466667
9/30/2008 5:00,0.318633333
9/30/2008 6:00,0.8076
9/30/2008 7:00,2.714
9/30/2008 8:00,1.668866667
9/30/2008 9:00,1.3752
9/30/2008 10:00,0.982733333
9/30/2008 11:00,0.3817
9/30/2008 12:00,0.322366667
9/30/2008 13:00,0.3376
9/30/2008 14:00,0.321933333
9/30/2008 15:00,0.3821
9/30/2008 16:00,0.346566667
9/30/2008 17:00,0.402866667
9/30/2008 18:00,0.9496
9/30/2008 19:00,1.567433333
9/30/2008 20:00,2.3764
9/30/2008 21:00,3.4837
9/30/2008 22:00,1.954666667
9/30/2008 23:00,0.461266667
10-01-2008 00:00,0.391133333
10-01-2008 01:00,0.281633333
10-01-2008 02:00,0.365133333
10-01-2008 03:00,0.373333333
10-01-2008 04:00,0.302666667
10-01-2008 05:00,0.518666667
10-01-2008 06:00,1.518166667
10-01-2008 07:00,2.711966667
10-01-2008 08:00,1.409
10-01-2008 09:00,1.410033333
10-01-2008 10:00,1.4601
10-01-2008 11:00,2.931333333
10-01-2008 12:00,2.562266667
10-01-2008 13:00,2.230433333
10-01-2008 14:00,1.107166667
10-01-2008 15:00,0.423
10-01-2008 16:00,0.386733333
10-01-2008 17:00,1.854933333
10-01-2008 18:00,0.730166667
10-01-2008 19:00,1.308233333
10-01-2008 20:00,2.4304
10-01-2008 21:00,2.776966667
10-01-2008 22:00,1.258633333
10-01-2008 23:00,0.463966667
10-02-2008 00:00,0.940566667
10-02-2008 01:00,0.366766667
10-02-2008 02:00,0.308
10-02-2008 03:00,0.3621
10-02-2008 04:00,0.323
10-02-2008 05:00,0.362233333
10-02-2008 06:00,1.453
10-02-2008 07:00,2.123333333
10-02-2008 08:00,1.610066667
10-02-2008 09:00,2.6602
10-02-2008 10:00,1.3856
10-02-2008 11:00,0.784233333
10-02-2008 12:00,0.958833333
10-02-2008 13:00,0.2812
10-02-2008 14:00,0.3589
10-02-2008 15:00,0.316866667
10-02-2008 16:00,0.352266667
10-02-2008 17:00,0.364266667
10-02-2008 18:00,0.302933333
10-02-2008 19:00,0.699066667
10-02-2008 20:00,1.984633333
10-02-2008 21:00,1.1547
10-02-2008 22:00,1.488933333
10-02-2008 23:00,1.480666667
10-03-2008 00:00,0.3783
10-03-2008 01:00,0.399966667
10-03-2008 02:00,0.323166667
10-03-2008 03:00,0.3573
10-03-2008 04:00,0.292033333
10-03-2008 05:00,0.363633333
10-03-2008 06:00,0.7854
10-03-2008 07:00,2.2589
10-03-2008 08:00,2.009066667
10-03-2008 09:00,1.970166667
10-03-2008 10:00,1.945266667
10-03-2008 11:00,1.431966667
10-03-2008 12:00,0.923166667
10-03-2008 13:00,0.303133333
10-03-2008 14:00,0.375466667
10-03-2008 15:00,0.3204
10-03-2008 16:00,0.306233333
10-03-2008 17:00,0.414133333
10-03-2008 18:00,0.398166667
10-03-2008 19:00,1.993366667
10-03-2008 20:00,3.562433333
10-03-2008 21:00,2.881933333
10-03-2008 22:00,1.870466667
10-03-2008 23:00,1.012266667
10-04-2008 00:00,1.969533333
10-04-2008 01:00,1.943466667
10-04-2008 02:00,1.473733333
10-04-2008 03:00,1.589966667
10-04-2008 04:00,1.4373
10-04-2008 05:00,2.123733333
10-04-2008 06:00,1.3363
10-04-2008 07:00,0.547033333
10-04-2008 08:00,1.129533333
10-04-2008 09:00,1.418833333
10-04-2008 10:00,1.572933333
10-04-2008 11:00,1.797366667
10-04-2008 12:00,1.977866667
10-04-2008 13:00,2.394333333
10-04-2008 14:00,2.4955
10-04-2008 15:00,2.2008
10-04-2008 16:00,1.692
10-04-2008 17:00,1.239633333
10-04-2008 18:00,1.409566667
10-04-2008 19:00,1.4934
10-04-2008 20:00,0.7429
10-04-2008 21:00,0.337933333
10-04-2008 22:00,0.379
10-04-2008 23:00,0.3056
10-05-2008 00:00,0.6566
10-05-2008 01:00,1.4488
10-05-2008 02:00,0.580433333
10-05-2008 03:00,1.164866667
10-05-2008 04:00,1.121966667
10-05-2008 05:00,0.667366667
10-05-2008 06:00,0.8614
10-05-2008 07:00,0.315366667
10-05-2008 08:00,0.376266667
10-05-2008 09:00,1.498833333
10-05-2008 10:00,2.575133333
10-05-2008 11:00,2.014766667
10-05-2008 12:00,1.672166667
10-05-2008 13:00,2.987266667
10-05-2008 14:00,2.491066667
10-05-2008 15:00,1.427766667
10-05-2008 16:00,1.227133333
10-05-2008 17:00,0.464266667
10-05-2008 18:00,0.427766667
10-05-2008 19:00,0.326633333
10-05-2008 20:00,0.364
10-05-2008 21:00,0.330066667
10-05-2008 22:00,0.388766667
10-05-2008 23:00,0.4438
10-06-2008 00:00,2.1757
10-06-2008 01:00,2.257133333
10-06-2008 02:00,1.7232
10-06-2008 03:00,1.606133333
10-06-2008 04:00,1.427333333
10-06-2008 05:00,1.142966667
10-06-2008 06:00,0.3022
10-06-2008 07:00,0.392933333
10-06-2008 08:00,0.325866667
10-06-2008 09:00,0.374533333
10-06-2008 10:00,0.359666667
10-06-2008 11:00,0.36
10-06-2008 12:00,0.36
10-06-2008 13:00,0.36
10-06-2008 14:00,0.36
10-06-2008 15:00,0.36
10-06-2008 16:00,0.347766667
10-06-2008 17:00,0.5096
10-06-2008 18:00,0.525933333
10-06-2008 19:00,1.211
10-06-2008 20:00,2.306966667
10-06-2008 21:00,1.8934
10-06-2008 22:00,1.813466667
10-06-2008 23:00,1.2339
10-07-2008 00:00,0.572366667
10-07-2008 01:00,0.4934
10-07-2008 02:00,0.540966667
10-07-2008 03:00,0.501766667
10-07-2008 04:00,0.529733333
10-07-2008 05:00,0.5714
10-07-2008 06:00,0.9358
10-07-2008 07:00,2.895166667
10-07-2008 08:00,1.642533333
10-07-2008 09:00,1.5492
10-07-2008 10:00,1.765633333
10-07-2008 11:00,1.973
10-07-2008 12:00,1.5925
10-07-2008 13:00,0.8599
10-07-2008 14:00,0.557633333
10-07-2008 15:00,0.498466667
10-07-2008 16:00,0.552133333
10-07-2008 17:00,0.509333333
10-07-2008 18:00,0.667366667
10-07-2008 19:00,0.8072
10-07-2008 20:00,2.332266667
10-07-2008 21:00,3.2826
10-07-2008 22:00,2.380433333
10-07-2008 23:00,0.765333333
10-08-2008 00:00,0.3796
10-08-2008 01:00,0.398133333
10-08-2008 02:00,0.3302
10-08-2008 03:00,0.378333333
10-08-2008 04:00,0.383733333
10-08-2008 05:00,0.323333333
10-08-2008 06:00,1.761166667
10-08-2008 07:00,2.256633333
10-08-2008 08:00,1.684866667
10-08-2008 09:00,1.425666667
10-08-2008 10:00,1.419933333
10-08-2008 11:00,1.5105
10-08-2008 12:00,1.729533333
10-08-2008 13:00,1.137066667
10-08-2008 14:00,2.615066667
10-08-2008 15:00,0.867066667
10-08-2008 16:00,1.058366667
10-08-2008 17:00,1.355966667
10-08-2008 18:00,0.5298
10-08-2008 19:00,1.479466667
10-08-2008 20:00,2.215
10-08-2008 21:00,2.7138
10-08-2008 22:00,2.118933333
10-08-2008 23:00,0.937433333
10-09-2008 00:00,0.375466667
10-09-2008 01:00,0.3667
10-09-2008 02:00,0.356933333
10-09-2008 03:00,0.341733333
10-09-2008 04:00,0.385033333
10-09-2008 05:00,0.301233333
10-09-2008 06:00,1.033666667
10-09-2008 07:00,3.3072
10-09-2008 08:00,2.9286
10-09-2008 09:00,3.048033333
10-09-2008 10:00,3.115033333
10-09-2008 11:00,1.7446
10-09-2008 12:00,1.805166667
10-09-2008 13:00,1.881833333
10-09-2008 14:00,1.1463
10-09-2008 15:00,0.991633333
10-09-2008 16:00,0.672166667
10-09-2008 17:00,0.781733333
10-09-2008 18:00,0.489633333
10-09-2008 19:00,1.246233333
10-09-2008 20:00,2.4219
10-09-2008 21:00,2.4515
10-09-2008 22:00,1.534533333
10-09-2008 23:00,0.3345
10-10-2008 00:00,0.383533333
10-10-2008 01:00,0.318866667
10-10-2008 02:00,0.353466667
10-10-2008 03:00,0.363066667
10-10-2008 04:00,0.359366667
10-10-2008 05:00,0.721933333
10-10-2008 06:00,0.579733333
10-10-2008 07:00,2.1433
10-10-2008 08:00,1.825633333
10-10-2008 09:00,1.824466667
10-10-2008 10:00,2.0974
10-10-2008 11:00,1.8456
10-10-2008 12:00,1.4134
10-10-2008 13:00,1.364066667
10-10-2008 14:00,1.435266667
10-10-2008 15:00,0.974866667
10-10-2008 16:00,0.3769
10-10-2008 17:00,0.333266667
10-10-2008 18:00,0.649666667
10-10-2008 19:00,1.071266667
10-10-2008 20:00,1.7706
10-10-2008 21:00,0.898266667
10-10-2008 22:00,0.963166667
10-10-2008 23:00,1.238533333
10-11-2008 00:00,0.406266667
10-11-2008 01:00,0.3726
10-11-2008 02:00,0.336066667
10-11-2008 03:00,0.3324
10-11-2008 04:00,0.3158
10-11-2008 05:00,1.1714
10-11-2008 06:00,0.391
10-11-2008 07:00,1.819033333
10-11-2008 08:00,1.958066667
10-11-2008 09:00,1.839366667
10-11-2008 10:00,1.230833333
10-11-2008 11:00,1.044966667
10-11-2008 12:00,1.0921
10-11-2008 13:00,1.158133333
10-11-2008 14:00,1.754833333
10-11-2008 15:00,1.3195
10-11-2008 16:00,1.1708
10-11-2008 17:00,0.580866667
10-11-2008 18:00,0.7763
10-11-2008 19:00,2.531
10-11-2008 20:00,2.119633333
10-11-2008 21:00,1.667266667
10-11-2008 22:00,1.4721
10-11-2008 23:00,0.962766667
10-12-2008 00:00,0.542166667
10-12-2008 01:00,0.835033333
10-12-2008 02:00,0.4688
10-12-2008 03:00,0.3578
10-12-2008 04:00,0.380366667
10-12-2008 05:00,0.332566667
10-12-2008 06:00,0.3863
10-12-2008 07:00,1.2058
10-12-2008 08:00,2.090933333
10-12-2008 09:00,0.704
10-12-2008 10:00,1.134033333
10-12-2008 11:00,0.6725
10-12-2008 12:00,0.6393
10-12-2008 13:00,1.731533333
10-12-2008 14:00,1.421
10-12-2008 15:00,0.784433333
10-12-2008 16:00,0.348
10-12-2008 17:00,0.3769
10-12-2008 18:00,2.450833333
10-12-2008 19:00,4.907733333
10-12-2008 20:00,4.913633333
10-12-2008 21:00,2.462133333
10-12-2008 22:00,2.209466667
10-12-2008 23:00,0.443733333
10/13/2008 0:00,0.3662
10/13/2008 1:00,0.368866667
10/13/2008 2:00,0.3876
10/13/2008 3:00,0.7592
10/13/2008 4:00,0.486366667
10/13/2008 5:00,0.363166667
10/13/2008 6:00,1.610066667
10/13/2008 7:00,2.769633333
10/13/2008 8:00,1.888266667
10/13/2008 9:00,1.967266667
10/13/2008 10:00,1.460266667
10/13/2008 11:00,1.392533333
10/13/2008 12:00,0.775466667
10/13/2008 13:00,0.328166667
10/13/2008 14:00,0.380766667
10/13/2008 15:00,0.600733333
10/13/2008 16:00,0.4996
10/13/2008 17:00,0.487
10/13/2008 18:00,0.399266667
10/13/2008 19:00,1.4883
10/13/2008 20:00,1.922033333
10/13/2008 21:00,2.2719
10/13/2008 22:00,0.9834
10/13/2008 23:00,0.4102
10/14/2008 0:00,0.360633333
10/14/2008 1:00,0.642433333
10/14/2008 2:00,0.8002
10/14/2008 3:00,0.384466667
10/14/2008 4:00,0.327666667
10/14/2008 5:00,0.368333333
10/14/2008 6:00,0.895933333
10/14/2008 7:00,2.2209
10/14/2008 8:00,1.463566667
10/14/2008 9:00,1.4944
10/14/2008 10:00,2.364066667
10/14/2008 11:00,1.736366667
10/14/2008 12:00,1.537333333
10/14/2008 13:00,0.589333333
10/14/2008 14:00,0.473266667
10/14/2008 15:00,0.646566667
10/14/2008 16:00,0.7685
10/14/2008 17:00,0.444666667
10/14/2008 18:00,0.710066667
10/14/2008 19:00,1.982633333
10/14/2008 20:00,2.015066667
10/14/2008 21:00,2.2568
10/14/2008 22:00,1.859533333
10/14/2008 23:00,0.474866667
10/15/2008 0:00,1.074166667
10/15/2008 1:00,0.3762
10/15/2008 2:00,0.4166
10/15/2008 3:00,0.426233333
10/15/2008 4:00,0.360533333
10/15/2008 5:00,0.433266667
10/15/2008 6:00,1.842066667
10/15/2008 7:00,2.9812
10/15/2008 8:00,1.569933333
10/15/2008 9:00,1.43
10/15/2008 10:00,2.038433333
10/15/2008 11:00,2.106633333
10/15/2008 12:00,1.2709
10/15/2008 13:00,2.0452
10/15/2008 14:00,0.8204
10/15/2008 15:00,2.2851
10/15/2008 16:00,1.8621
10/15/2008 17:00,1.6631
10/15/2008 18:00,2.066566667
10/15/2008 19:00,2.1927
10/15/2008 20:00,1.947666667
10/15/2008 21:00,1.7476
10/15/2008 22:00,1.541133333
10/15/2008 23:00,1.450533333
10/16/2008 0:00,0.3915
10/16/2008 1:00,0.408966667
10/16/2008 2:00,0.411166667
10/16/2008 3:00,0.3804
10/16/2008 4:00,0.395933333
10/16/2008 5:00,0.4515
10/16/2008 6:00,0.771233333
10/16/2008 7:00,2.1404
10/16/2008 8:00,1.6225
10/16/2008 9:00,1.840233333
10/16/2008 10:00,1.833833333
10/16/2008 11:00,2.470933333
10/16/2008 12:00,1.299
10/16/2008 13:00,0.783566667
10/16/2008 14:00,1.005833333
10/16/2008 15:00,1.0358
10/16/2008 16:00,0.667466667
10/16/2008 17:00,0.417533333
10/16/2008 18:00,0.4484
10/16/2008 19:00,1.2443
10/16/2008 20:00,2.524633333
10/16/2008 21:00,2.070566667
10/16/2008 22:00,1.0397
10/16/2008 23:00,0.739266667
10/17/2008 0:00,0.457766667
10/17/2008 1:00,0.357
10/17/2008 2:00,0.428866667
10/17/2008 3:00,0.358733333
10/17/2008 4:00,0.431533333
10/17/2008 5:00,0.452166667
10/17/2008 6:00,2.2449
10/17/2008 7:00,2.844233333
10/17/2008 8:00,2
10/17/2008 9:00,1.924233333
10/17/2008 10:00,1.4212
10/17/2008 11:00,1.4336
10/17/2008 12:00,0.384733333
10/17/2008 13:00,0.404733333
10/17/2008 14:00,0.408866667
10/17/2008 15:00,0.4853
10/17/2008 16:00,0.3894
10/17/2008 17:00,0.551933333
10/17/2008 18:00,1.448433333
10/17/2008 19:00,2.3196
10/17/2008 20:00,4.9791
10/17/2008 21:00,3.019233333
10/17/2008 22:00,1.9605
10/17/2008 23:00,0.4087
10/18/2008 0:00,0.321633333
10/18/2008 1:00,0.374133333
10/18/2008 2:00,0.317033333
10/18/2008 3:00,0.3733
10/18/2008 4:00,0.3164
10/18/2008 5:00,1.016666667
10/18/2008 6:00,1.332766667
10/18/2008 7:00,3.198333333
10/18/2008 8:00,1.604866667
10/18/2008 9:00,1.5036
10/18/2008 10:00,1.6235
10/18/2008 11:00,1.639066667
10/18/2008 12:00,0.8506
10/18/2008 13:00,0.4896
10/18/2008 14:00,0.5768
10/18/2008 15:00,0.726266667
10/18/2008 16:00,0.7227
10/18/2008 17:00,0.973133333
10/18/2008 18:00,1.844366667
10/18/2008 19:00,2.706433333
10/18/2008 20:00,3.965466667
10/18/2008 21:00,3.035433333
10/18/2008 22:00,2.799566667
10/18/2008 23:00,5.008166667
10/19/2008 0:00,5.1555
10/19/2008 1:00,5.759066667
10/19/2008 2:00,1.196033333
10/19/2008 3:00,0.453266667
10/19/2008 4:00,0.311933333
10/19/2008 5:00,0.3897
10/19/2008 6:00,0.308433333
10/19/2008 7:00,0.352866667
10/19/2008 8:00,0.564266667
10/19/2008 9:00,2.832333333
10/19/2008 10:00,2.284433333
10/19/2008 11:00,1.103133333
10/19/2008 12:00,0.355066667
10/19/2008 13:00,0.411366667
10/19/2008 14:00,1.616533333
10/19/2008 15:00,0.7399
10/19/2008 16:00,0.4788
10/19/2008 17:00,0.399166667
10/19/2008 18:00,0.621033333
10/19/2008 19:00,2.128266667
10/19/2008 20:00,1.963266667
10/19/2008 21:00,1.7045
10/19/2008 22:00,1.072866667
10/19/2008 23:00,0.663833333
10/20/2008 0:00,0.344233333
10/20/2008 1:00,0.938766667
10/20/2008 2:00,0.406766667
10/20/2008 3:00,0.352733333
10/20/2008 4:00,0.337933333
10/20/2008 5:00,0.3005
10/20/2008 6:00,1.451833333
10/20/2008 7:00,3.088066667
10/20/2008 8:00,1.5881
10/20/2008 9:00,1.386633333
10/20/2008 10:00,1.4697
10/20/2008 11:00,1.351866667
10/20/2008 12:00,1.4451
10/20/2008 13:00,0.671366667
10/20/2008 14:00,0.465966667
10/20/2008 15:00,0.4436
10/20/2008 16:00,0.988933333
10/20/2008 17:00,0.625366667
10/20/2008 18:00,1.107
10/20/2008 19:00,1.6846
10/20/2008 20:00,3.183966667
10/20/2008 21:00,2.899933333
10/20/2008 22:00,0.7602
10/20/2008 23:00,0.4994
10/21/2008 0:00,0.453533333
10/21/2008 1:00,0.419133333
10/21/2008 2:00,0.4534
10/21/2008 3:00,0.4405
10/21/2008 4:00,0.6617
10/21/2008 5:00,1.021066667
10/21/2008 6:00,1.1251
10/21/2008 7:00,2.5232
10/21/2008 8:00,3.187766667
10/21/2008 9:00,2.244666667
10/21/2008 10:00,1.6192
10/21/2008 11:00,2.1332
10/21/2008 12:00,1.569733333
10/21/2008 13:00,1.524333333
10/21/2008 14:00,0.619366667
10/21/2008 15:00,0.624533333
10/21/2008 16:00,0.520533333
10/21/2008 17:00,0.4936
10/21/2008 18:00,1.727566667
10/21/2008 19:00,3.080933333
10/21/2008 20:00,3.456066667
10/21/2008 21:00,2.6017
10/21/2008 22:00,1.193166667
10/21/2008 23:00,0.701266667
10/22/2008 0:00,0.3592
10/22/2008 1:00,0.328166667
10/22/2008 2:00,0.364633333
10/22/2008 3:00,0.318766667
10/22/2008 4:00,0.387133333
10/22/2008 5:00,1.013933333
10/22/2008 6:00,1.2517
10/22/2008 7:00,2.040866667
10/22/2008 8:00,1.7139
10/22/2008 9:00,1.491633333
10/22/2008 10:00,0.861366667
10/22/2008 11:00,0.468666667
10/22/2008 12:00,0.528366667
10/22/2008 13:00,1.0294
10/22/2008 14:00,0.9552
10/22/2008 15:00,1.586566667
10/22/2008 16:00,1.964633333
10/22/2008 17:00,1.707366667
10/22/2008 18:00,0.787566667
10/22/2008 19:00,1.3893
10/22/2008 20:00,2.5587
10/22/2008 21:00,2.457466667
10/22/2008 22:00,1.523233333
10/22/2008 23:00,0.345733333
10/23/2008 0:00,0.426466667
10/23/2008 1:00,0.3
10/23/2008 2:00,0.376133333
10/23/2008 3:00,0.2854
10/23/2008 4:00,0.324633333
10/23/2008 5:00,0.8023
10/23/2008 6:00,1.539566667
10/23/2008 7:00,4.041133333
10/23/2008 8:00,3.5378
10/23/2008 9:00,1.510533333
10/23/2008 10:00,1.4111
10/23/2008 11:00,1.401566667
10/23/2008 12:00,1.881366667
10/23/2008 13:00,1.405733333
10/23/2008 14:00,0.674433333
10/23/2008 15:00,0.611166667
10/23/2008 16:00,0.740233333
10/23/2008 17:00,0.461433333
10/23/2008 18:00,0.485766667
10/23/2008 19:00,1.562533333
10/23/2008 20:00,3.696733333
10/23/2008 21:00,1.5478
10/23/2008 22:00,0.864
10/23/2008 23:00,0.6204
10/24/2008 0:00,0.3979
10/24/2008 1:00,0.2994
10/24/2008 2:00,0.6298
10/24/2008 3:00,0.801333333
10/24/2008 4:00,0.326566667
10/24/2008 5:00,0.343333333
10/24/2008 6:00,0.736966667
10/24/2008 7:00,2.7725
10/24/2008 8:00,2.205233333
10/24/2008 9:00,1.318
10/24/2008 10:00,1.4032
10/24/2008 11:00,1.4942
10/24/2008 12:00,1.955066667
10/24/2008 13:00,0.8055
10/24/2008 14:00,0.341133333
10/24/2008 15:00,0.351333333
10/24/2008 16:00,0.3551
10/24/2008 17:00,0.4146
10/24/2008 18:00,1.757566667
10/24/2008 19:00,3.965766667
10/24/2008 20:00,4.739033333
10/24/2008 21:00,5.356866667
10/24/2008 22:00,2.0781
10/24/2008 23:00,0.705266667
10/25/2008 0:00,0.440133333
10/25/2008 1:00,0.3344
10/25/2008 2:00,0.363866667
10/25/2008 3:00,0.468533333
10/25/2008 4:00,0.880966667
10/25/2008 5:00,0.3232
10/25/2008 6:00,0.3982
10/25/2008 7:00,2.548166667
10/25/2008 8:00,2.087433333
10/25/2008 9:00,1.941433333
10/25/2008 10:00,1.635866667
10/25/2008 11:00,1.539366667
10/25/2008 12:00,1.796933333
10/25/2008 13:00,2.3941
10/25/2008 14:00,1.556466667
10/25/2008 15:00,1.393433333
10/25/2008 16:00,1.349566667
10/25/2008 17:00,1.3541
10/25/2008 18:00,1.307833333
10/25/2008 19:00,1.121266667
10/25/2008 20:00,0.276133333
10/25/2008 21:00,0.296466667
10/25/2008 22:00,0.2558
10/25/2008 23:00,0.289633333
10/26/2008 0:00,0.278833333
10/26/2008 1:00,0.304
10/26/2008 2:00,0.260566667
10/26/2008 3:00,0.256166667
10/26/2008 4:00,0.284433333
10/26/2008 5:00,0.875766667
10/26/2008 6:00,0.716633333
10/26/2008 7:00,0.2696
10/26/2008 8:00,0.292633333
10/26/2008 9:00,0.252266667
10/26/2008 10:00,0.292033333
10/26/2008 11:00,0.276833333
10/26/2008 12:00,0.310333333
10/26/2008 13:00,0.257166667
10/26/2008 14:00,0.2944
10/26/2008 15:00,0.2575
10/26/2008 16:00,0.4099
10/26/2008 17:00,1.1617
10/26/2008 18:00,0.306866667
10/26/2008 19:00,0.257933333
10/26/2008 20:00,0.287933333
10/26/2008 21:00,0.265433333
10/26/2008 22:00,0.281733333
10/26/2008 23:00,0.2742
10/27/2008 0:00,0.292166667
10/27/2008 1:00,0.285966667
10/27/2008 2:00,0.2787
10/27/2008 3:00,0.272
10/27/2008 4:00,0.8611
10/27/2008 5:00,0.690266667
10/27/2008 6:00,0.295166667
10/27/2008 7:00,0.292366667
10/27/2008 8:00,0.2604
10/27/2008 9:00,0.275666667
10/27/2008 10:00,0.268633333
10/27/2008 11:00,0.290033333
10/27/2008 12:00,0.2717
10/27/2008 13:00,0.301966667
10/27/2008 14:00,0.273366667
10/27/2008 15:00,0.368633333
10/27/2008 16:00,1.165266667
10/27/2008 17:00,0.291966667
10/27/2008 18:00,0.267
10/27/2008 19:00,0.309133333
10/27/2008 20:00,0.278433333
10/27/2008 21:00,0.291533333
10/27/2008 22:00,0.256166667
10/27/2008 23:00,0.2939
10/28/2008 0:00,0.266633333
10/28/2008 1:00,0.294666667
10/28/2008 2:00,0.270366667
10/28/2008 3:00,1.0841
10/28/2008 4:00,0.4551
10/28/2008 5:00,0.288833333
10/28/2008 6:00,0.2548
10/28/2008 7:00,0.299266667
10/28/2008 8:00,0.2699
10/28/2008 9:00,0.3128
10/28/2008 10:00,0.262833333
10/28/2008 11:00,0.2872
10/28/2008 12:00,0.258166667
10/28/2008 13:00,0.296133333
10/28/2008 14:00,0.878466667
10/28/2008 15:00,0.6188
10/28/2008 16:00,0.2821
10/28/2008 17:00,0.282933333
10/28/2008 18:00,1.7671
10/28/2008 19:00,2.8276
10/28/2008 20:00,2.4787
10/28/2008 21:00,3.314533333
10/28/2008 22:00,2.769566667
10/28/2008 23:00,2.0009
10/29/2008 0:00,2.0545
10/29/2008 1:00,2.1572
10/29/2008 2:00,2.9787
10/29/2008 3:00,1.557566667
10/29/2008 4:00,0.773566667
10/29/2008 5:00,0.740866667
10/29/2008 6:00,0.793433333
10/29/2008 7:00,0.743933333
10/29/2008 8:00,0.760066667
10/29/2008 9:00,0.749966667
10/29/2008 10:00,1.432166667
10/29/2008 11:00,1.448666667
10/29/2008 12:00,1.823933333
10/29/2008 13:00,0.775733333
10/29/2008 14:00,0.747766667
10/29/2008 15:00,0.782166667
10/29/2008 16:00,0.7535
10/29/2008 17:00,0.767066667
10/29/2008 18:00,0.727133333
10/29/2008 19:00,0.7556
10/29/2008 20:00,1.319566667
10/29/2008 21:00,0.729566667
10/29/2008 22:00,0.7633
10/29/2008 23:00,0.7403
10/30/2008 0:00,0.7672
10/30/2008 1:00,0.735366667
10/30/2008 2:00,0.7859
10/30/2008 3:00,0.735166667
10/30/2008 4:00,0.747233333
10/30/2008 5:00,1.466166667
10/30/2008 6:00,0.753033333
10/30/2008 7:00,0.759533333
10/30/2008 8:00,0.735366667
10/30/2008 9:00,0.756733333
10/30/2008 10:00,0.7134
10/30/2008 11:00,0.8367
10/30/2008 12:00,0.320833333
10/30/2008 13:00,0.4867
10/30/2008 14:00,1.477
10/30/2008 15:00,1.199033333
10/30/2008 16:00,0.573166667
10/30/2008 17:00,0.533
10/30/2008 18:00,0.5671
10/30/2008 19:00,0.529966667
10/30/2008 20:00,0.594666667
10/30/2008 21:00,0.721466667
10/30/2008 22:00,0.566133333
10/30/2008 23:00,0.949133333
10/31/2008 0:00,0.912966667
10/31/2008 1:00,0.284533333
10/31/2008 2:00,0.257566667
10/31/2008 3:00,0.280333333
10/31/2008 4:00,0.262533333
10/31/2008 5:00,0.256833333
10/31/2008 6:00,0.283666667
10/31/2008 7:00,0.244366667
10/31/2008 8:00,0.2773
10/31/2008 9:00,0.923366667
10/31/2008 10:00,0.938666667
10/31/2008 11:00,0.687866667
10/31/2008 12:00,1.8485
10/31/2008 13:00,1.5566
10/31/2008 14:00,1.545433333
10/31/2008 15:00,1.694833333
10/31/2008 16:00,1.861666667
10/31/2008 17:00,1.8527
10/31/2008 18:00,1.528033333
10/31/2008 19:00,1.550266667
10/31/2008 20:00,0.919066667
10/31/2008 21:00,0.473866667
10/31/2008 22:00,0.5043
10/31/2008 23:00,0.485266667
11-01-2008 00:00,0.507033333
11-01-2008 01:00,0.4723
11-01-2008 02:00,0.497166667
11-01-2008 03:00,0.494033333
11-01-2008 04:00,0.4825
11-01-2008 05:00,0.510166667
11-01-2008 06:00,1.261633333
11-01-2008 07:00,0.708566667
11-01-2008 08:00,0.4813
11-01-2008 09:00,0.518033333
11-01-2008 10:00,0.471333333
11-01-2008 11:00,0.4884
11-01-2008 12:00,0.510533333
11-01-2008 13:00,0.481466667
11-01-2008 14:00,0.525533333
11-01-2008 15:00,0.486766667
11-01-2008 16:00,0.869233333
11-01-2008 17:00,1.086533333
11-01-2008 18:00,0.510266667
11-01-2008 19:00,0.486933333
11-01-2008 20:00,0.500566667
11-01-2008 21:00,0.4957
11-01-2008 22:00,0.478433333
11-01-2008 23:00,0.5172
11-02-2008 00:00,0.488966667
11-02-2008 01:00,0.512866667
11-02-2008 02:00,0.478866667
11-02-2008 03:00,1.453366667
11-02-2008 04:00,0.493466667
11-02-2008 05:00,0.517966667
11-02-2008 06:00,0.484666667
11-02-2008 07:00,0.486933333
11-02-2008 08:00,0.500233333
11-02-2008 09:00,0.486033333
11-02-2008 10:00,0.517033333
11-02-2008 11:00,0.4741
11-02-2008 12:00,1.0505
11-02-2008 13:00,1.012366667
11-02-2008 14:00,0.530666667
11-02-2008 15:00,0.501333333
11-02-2008 16:00,0.504133333
11-02-2008 17:00,0.7412
11-02-2008 18:00,0.478733333
11-02-2008 19:00,0.5233
11-02-2008 20:00,0.4805
11-02-2008 21:00,0.521633333
11-02-2008 22:00,0.480766667
11-02-2008 23:00,1.457266667
11-03-2008 00:00,0.491166667
11-03-2008 01:00,0.503033333
11-03-2008 02:00,0.472966667
11-03-2008 03:00,0.497966667
11-03-2008 04:00,0.4864
11-03-2008 05:00,0.472333333
11-03-2008 06:00,0.508033333
11-03-2008 07:00,0.480333333
11-03-2008 08:00,0.502333333
11-03-2008 09:00,1.028833333
11-03-2008 10:00,0.921566667
11-03-2008 11:00,0.479033333
11-03-2008 12:00,0.528366667
11-03-2008 13:00,0.4884
11-03-2008 14:00,0.5337
11-03-2008 15:00,0.497866667
11-03-2008 16:00,0.5065
11-03-2008 17:00,0.884166667
11-03-2008 18:00,0.7902
11-03-2008 19:00,0.824866667
11-03-2008 20:00,1.2266
11-03-2008 21:00,0.3514
11-03-2008 22:00,0.307566667
11-03-2008 23:00,0.343033333
11-04-2008 00:00,0.309066667
11-04-2008 01:00,0.35
11-04-2008 02:00,0.3086
11-04-2008 03:00,0.340566667
11-04-2008 04:00,0.3104
11-04-2008 05:00,0.3412
11-04-2008 06:00,0.771733333
11-04-2008 07:00,0.825633333
11-04-2008 08:00,0.340966667
11-04-2008 09:00,0.3169
11-04-2008 10:00,0.343966667
11-04-2008 11:00,0.309333333
11-04-2008 12:00,0.361666667
11-04-2008 13:00,0.3165
11-04-2008 14:00,0.3503
11-04-2008 15:00,0.5599
11-04-2008 16:00,0.626366667
11-04-2008 17:00,2.132866667
11-04-2008 18:00,3.736
11-04-2008 19:00,2.952366667
11-04-2008 20:00,4.446133333
11-04-2008 21:00,4.389966667
11-04-2008 22:00,0.850033333
11-04-2008 23:00,0.448133333
11-05-2008 00:00,0.357666667
11-05-2008 01:00,0.353766667
11-05-2008 02:00,0.347566667
11-05-2008 03:00,0.340733333
11-05-2008 04:00,0.326133333
11-05-2008 05:00,0.6169
11-05-2008 06:00,0.696033333
11-05-2008 07:00,1.565666667
11-05-2008 08:00,3.5736
11-05-2008 09:00,3.017133333
11-05-2008 10:00,2.5729
11-05-2008 11:00,3.124333333
11-05-2008 12:00,2.903833333
11-05-2008 13:00,4.427666667
11-05-2008 14:00,2.346066667
11-05-2008 15:00,2.942233333
11-05-2008 16:00,3.5904
11-05-2008 17:00,2.864233333
11-05-2008 18:00,2.3581
11-05-2008 19:00,3.2263
11-05-2008 20:00,2.891033333
11-05-2008 21:00,4.189966667
11-05-2008 22:00,2.544266667
11-05-2008 23:00,1.0723
11-06-2008 00:00,0.311066667
11-06-2008 01:00,0.326833333
11-06-2008 02:00,0.292233333
11-06-2008 03:00,0.3399
11-06-2008 04:00,0.791066667
11-06-2008 05:00,0.357166667
11-06-2008 06:00,1.511333333
11-06-2008 07:00,2.770433333
11-06-2008 08:00,1.6692
11-06-2008 09:00,1.777033333
11-06-2008 10:00,1.4693
11-06-2008 11:00,0.929133333
11-06-2008 12:00,0.8293
11-06-2008 13:00,0.785533333
11-06-2008 14:00,0.621233333
11-06-2008 15:00,0.8449
11-06-2008 16:00,0.8722
11-06-2008 17:00,0.3323
11-06-2008 18:00,1.7312
11-06-2008 19:00,2.306833333
11-06-2008 20:00,2.148433333
11-06-2008 21:00,1.827066667
11-06-2008 22:00,1.200633333
11-06-2008 23:00,0.429633333
11-07-2008 00:00,0.3444
11-07-2008 01:00,0.3699
11-07-2008 02:00,0.3121
11-07-2008 03:00,0.358833333
11-07-2008 04:00,0.577766667
11-07-2008 05:00,0.759633333
11-07-2008 06:00,0.989966667
11-07-2008 07:00,2.5874
11-07-2008 08:00,1.370533333
11-07-2008 09:00,1.3745
11-07-2008 10:00,1.376866667
11-07-2008 11:00,1.671933333
11-07-2008 12:00,1.542633333
11-07-2008 13:00,1.647533333
11-07-2008 14:00,1.717366667
11-07-2008 15:00,0.598266667
11-07-2008 16:00,0.555033333
11-07-2008 17:00,0.511466667
11-07-2008 18:00,1.164266667
11-07-2008 19:00,1.2684
11-07-2008 20:00,1.3594
11-07-2008 21:00,2.6727
11-07-2008 22:00,1.2074
11-07-2008 23:00,0.6481
11-08-2008 00:00,0.327033333
11-08-2008 01:00,0.3599
11-08-2008 02:00,0.331866667
11-08-2008 03:00,0.350066667
11-08-2008 04:00,0.309533333
11-08-2008 05:00,0.386033333
11-08-2008 06:00,1.230866667
11-08-2008 07:00,2.786433333
11-08-2008 08:00,1.443133333
11-08-2008 09:00,1.425566667
11-08-2008 10:00,0.6905
11-08-2008 11:00,0.726033333
11-08-2008 12:00,0.5755
11-08-2008 13:00,1.106833333
11-08-2008 14:00,0.7608
11-08-2008 15:00,0.520266667
11-08-2008 16:00,0.566866667
11-08-2008 17:00,1.8029
11-08-2008 18:00,1.9071
11-08-2008 19:00,2.228433333
11-08-2008 20:00,1.8259
11-08-2008 21:00,1.4343
11-08-2008 22:00,3.7183
11-08-2008 23:00,2.071466667
11-09-2008 00:00,0.900733333
11-09-2008 01:00,0.628666667
11-09-2008 02:00,0.3436
11-09-2008 03:00,0.3526
11-09-2008 04:00,0.320666667
11-09-2008 05:00,0.664233333
11-09-2008 06:00,2.535066667
11-09-2008 07:00,1.100833333
11-09-2008 08:00,0.8828
11-09-2008 09:00,1.677733333
11-09-2008 10:00,1.9295
11-09-2008 11:00,2.555866667
11-09-2008 12:00,1.8652
11-09-2008 13:00,1.6803
11-09-2008 14:00,1.7414
11-09-2008 15:00,1.857533333
11-09-2008 16:00,2.0461
11-09-2008 17:00,3.853366667
11-09-2008 18:00,4.378133333
11-09-2008 19:00,3.1635
11-09-2008 20:00,3.457266667
11-09-2008 21:00,2.795633333
11-09-2008 22:00,1.7098
11-09-2008 23:00,0.5351
11-10-2008 00:00,0.385233333
11-10-2008 01:00,0.368966667
11-10-2008 02:00,0.338766667
11-10-2008 03:00,0.344
11-10-2008 04:00,0.319933333
11-10-2008 05:00,0.3601
11-10-2008 06:00,0.552333333
11-10-2008 07:00,2.976
11-10-2008 08:00,2.463
11-10-2008 09:00,2.131533333
11-10-2008 10:00,1.8323
11-10-2008 11:00,2.070566667
11-10-2008 12:00,2.0961
11-10-2008 13:00,2.522633333
11-10-2008 14:00,1.6314
11-10-2008 15:00,0.9712
11-10-2008 16:00,1.943933333
11-10-2008 17:00,3.0622
11-10-2008 18:00,1.660766667
11-10-2008 19:00,1.100966667
11-10-2008 20:00,0.7838
11-10-2008 21:00,2.3224
11-10-2008 22:00,2.082833333
11-10-2008 23:00,1.048
11-11-2008 00:00,0.7471
11-11-2008 01:00,1.128733333
11-11-2008 02:00,0.359
11-11-2008 03:00,0.308233333
11-11-2008 04:00,0.3397
11-11-2008 05:00,0.3245
11-11-2008 06:00,0.3649
11-11-2008 07:00,0.805766667
11-11-2008 08:00,1.547166667
11-11-2008 09:00,1.7734
11-11-2008 10:00,1.7636
11-11-2008 11:00,2.697066667
11-11-2008 12:00,2.3492
11-11-2008 13:00,3.014766667
11-11-2008 14:00,1.889133333
11-11-2008 15:00,2.261766667
11-11-2008 16:00,1.8957
11-11-2008 17:00,2.704666667
11-11-2008 18:00,2.188266667
11-11-2008 19:00,1.970566667
11-11-2008 20:00,2.8344
11-11-2008 21:00,2.444166667
11-11-2008 22:00,2.815633333
11-11-2008 23:00,2.405066667
11-12-2008 00:00,1.436066667
11-12-2008 01:00,1.3265
11-12-2008 02:00,1.335733333
11-12-2008 03:00,1.335466667
11-12-2008 04:00,1.3224
11-12-2008 05:00,1.319766667
11-12-2008 06:00,1.813133333
11-12-2008 07:00,3.367366667
11-12-2008 08:00,1.649166667
11-12-2008 09:00,1.4036
11-12-2008 10:00,1.363766667
11-12-2008 11:00,1.574366667
11-12-2008 12:00,1.535166667
11-12-2008 13:00,1.977733333
11-12-2008 14:00,2.202
11-12-2008 15:00,0.644633333
11-12-2008 16:00,0.7636
11-12-2008 17:00,1.407066667
11-12-2008 18:00,1.398466667
11-12-2008 19:00,0.958633333
11-12-2008 20:00,1.377366667
11-12-2008 21:00,2.8172
11-12-2008 22:00,1.690533333
11-12-2008 23:00,0.474666667
11/13/2008 0:00,0.321433333
11/13/2008 1:00,0.345133333
11/13/2008 2:00,0.3148
11/13/2008 3:00,0.363966667
11/13/2008 4:00,0.320833333
11/13/2008 5:00,0.3354
11/13/2008 6:00,1.570133333
11/13/2008 7:00,2.400933333
11/13/2008 8:00,1.409166667
11/13/2008 9:00,1.3739
11/13/2008 10:00,1.146066667
11/13/2008 11:00,0.312333333
11/13/2008 12:00,0.351433333
11/13/2008 13:00,0.318966667
11/13/2008 14:00,0.358066667
11/13/2008 15:00,0.316166667
11/13/2008 16:00,0.323333333
11/13/2008 17:00,0.331766667
11/13/2008 18:00,0.839966667
11/13/2008 19:00,2.0038
11/13/2008 20:00,1.329733333
11/13/2008 21:00,1.551166667
11/13/2008 22:00,1.9775
11/13/2008 23:00,0.725
11/14/2008 0:00,0.3399
11/14/2008 1:00,0.3709
11/14/2008 2:00,0.339166667
11/14/2008 3:00,0.3551
11/14/2008 4:00,0.370933333
11/14/2008 5:00,0.307633333
11/14/2008 6:00,0.680666667
11/14/2008 7:00,2.479966667
11/14/2008 8:00,2.2063
11/14/2008 9:00,1.940233333
11/14/2008 10:00,1.419133333
11/14/2008 11:00,1.3825
11/14/2008 12:00,1.718433333
11/14/2008 13:00,1.707733333
11/14/2008 14:00,0.705366667
11/14/2008 15:00,0.560733333
11/14/2008 16:00,0.377133333
11/14/2008 17:00,1.479866667
11/14/2008 18:00,1.110833333
11/14/2008 19:00,1.5597
11/14/2008 20:00,1.357466667
11/14/2008 21:00,1.739433333
11/14/2008 22:00,1.6811
11/14/2008 23:00,0.838733333
11/15/2008 0:00,0.3416
11/15/2008 1:00,0.316866667
11/15/2008 2:00,0.334266667
11/15/2008 3:00,0.3154
11/15/2008 4:00,0.342166667
11/15/2008 5:00,0.312333333
11/15/2008 6:00,1.019033333
11/15/2008 7:00,2.2243
11/15/2008 8:00,2.0385
11/15/2008 9:00,1.437266667
11/15/2008 10:00,1.540433333
11/15/2008 11:00,0.6823
11/15/2008 12:00,1.8103
11/15/2008 13:00,0.970033333
11/15/2008 14:00,2.253866667
11/15/2008 15:00,4.1835
11/15/2008 16:00,3.425166667
11/15/2008 17:00,4.5308
11/15/2008 18:00,3.829233333
11/15/2008 19:00,3.3171
11/15/2008 20:00,4.063566667
11/15/2008 21:00,3.735633333
11/15/2008 22:00,3.228433333
11/15/2008 23:00,4.275033333
11/16/2008 0:00,2.6714
11/16/2008 1:00,2.330266667
11/16/2008 2:00,2.4747
11/16/2008 3:00,0.498633333
11/16/2008 4:00,0.801633333
11/16/2008 5:00,0.279966667
11/16/2008 6:00,0.329166667
11/16/2008 7:00,0.307233333
11/16/2008 8:00,0.295433333
11/16/2008 9:00,0.618133333
11/16/2008 10:00,1.151733333
11/16/2008 11:00,1.393533333
11/16/2008 12:00,1.639066667
11/16/2008 13:00,2.6796
11/16/2008 14:00,2.300733333
11/16/2008 15:00,2.9074
11/16/2008 16:00,1.592266667
11/16/2008 17:00,1.067366667
11/16/2008 18:00,2.747466667
11/16/2008 19:00,3.166233333
11/16/2008 20:00,3.7687
11/16/2008 21:00,2.548033333
11/16/2008 22:00,1.187166667
11/16/2008 23:00,0.668
11/17/2008 0:00,0.640533333
11/17/2008 1:00,0.431733333
11/17/2008 2:00,0.280566667
11/17/2008 3:00,0.309233333
11/17/2008 4:00,0.615633333
11/17/2008 5:00,0.539
11/17/2008 6:00,0.673533333
11/17/2008 7:00,2.510066667
11/17/2008 8:00,1.7684
11/17/2008 9:00,1.357433333
11/17/2008 10:00,1.3431
11/17/2008 11:00,1.383533333
11/17/2008 12:00,1.334633333
11/17/2008 13:00,1.366766667
11/17/2008 14:00,1.3682
11/17/2008 15:00,0.736166667
11/17/2008 16:00,0.266033333
11/17/2008 17:00,0.693033333
11/17/2008 18:00,1.138133333
11/17/2008 19:00,1.3323
11/17/2008 20:00,2.352066667
11/17/2008 21:00,1.536766667
11/17/2008 22:00,1.058233333
11/17/2008 23:00,0.358833333
11/18/2008 0:00,0.3658
11/18/2008 1:00,0.343433333
11/18/2008 2:00,0.357166667
11/18/2008 3:00,0.315366667
11/18/2008 4:00,0.624166667
11/18/2008 5:00,0.807933333
11/18/2008 6:00,1.111933333
11/18/2008 7:00,3.2643
11/18/2008 8:00,2.169033333
11/18/2008 9:00,2.105266667
11/18/2008 10:00,1.663666667
11/18/2008 11:00,1.6768
11/18/2008 12:00,1.3751
11/18/2008 13:00,1.401466667
11/18/2008 14:00,0.7688
11/18/2008 15:00,0.37
11/18/2008 16:00,0.328133333
11/18/2008 17:00,0.467466667
11/18/2008 18:00,1.391966667
11/18/2008 19:00,2.682733333
11/18/2008 20:00,1.454433333
11/18/2008 21:00,1.649966667
11/18/2008 22:00,1.7986
11/18/2008 23:00,0.6573
11/19/2008 0:00,0.3385
11/19/2008 1:00,0.322433333
11/19/2008 2:00,0.3641
11/19/2008 3:00,0.3206
11/19/2008 4:00,0.366933333
11/19/2008 5:00,0.325833333
11/19/2008 6:00,1.0551
11/19/2008 7:00,2.132866667
11/19/2008 8:00,2.029633333
11/19/2008 9:00,1.864566667
11/19/2008 10:00,1.403766667
11/19/2008 11:00,1.8721
11/19/2008 12:00,0.740266667
11/19/2008 13:00,0.4427
11/19/2008 14:00,1.286333333
11/19/2008 15:00,1.7613
11/19/2008 16:00,0.616433333
11/19/2008 17:00,1.576633333
11/19/2008 18:00,1.663133333
11/19/2008 19:00,3.0791
11/19/2008 20:00,3.085066667
11/19/2008 21:00,2.223666667
11/19/2008 22:00,1.280466667
11/19/2008 23:00,0.5191
11/20/2008 0:00,0.4008
11/20/2008 1:00,0.383333333
11/20/2008 2:00,0.3357
11/20/2008 3:00,0.362266667
11/20/2008 4:00,0.345733333
11/20/2008 5:00,0.8798
11/20/2008 6:00,1.337166667
11/20/2008 7:00,2.895266667
11/20/2008 8:00,1.923933333
11/20/2008 9:00,1.8995
11/20/2008 10:00,1.419
11/20/2008 11:00,1.390933333
11/20/2008 12:00,0.996633333
11/20/2008 13:00,0.3536
11/20/2008 14:00,0.3806
11/20/2008 15:00,0.348033333
11/20/2008 16:00,0.387433333
11/20/2008 17:00,1.2811
11/20/2008 18:00,1.620466667
11/20/2008 19:00,3.318966667
11/20/2008 20:00,2.4022
11/20/2008 21:00,1.673033333
11/20/2008 22:00,1.422666667
11/20/2008 23:00,0.447433333
11/21/2008 0:00,0.374466667
11/21/2008 1:00,0.343066667
11/21/2008 2:00,0.326566667
11/21/2008 3:00,0.3566
11/21/2008 4:00,1.0781
11/21/2008 5:00,0.3591
11/21/2008 6:00,0.972733333
11/21/2008 7:00,2.7981
11/21/2008 8:00,2.051366667
11/21/2008 9:00,1.411866667
11/21/2008 10:00,1.3838
11/21/2008 11:00,1.424533333
11/21/2008 12:00,0.793633333
11/21/2008 13:00,0.3523
11/21/2008 14:00,0.670133333
11/21/2008 15:00,1.5034
11/21/2008 16:00,1.764233333
11/21/2008 17:00,1.9935
11/21/2008 18:00,1.4487
11/21/2008 19:00,1.916533333
11/21/2008 20:00,1.553233333
11/21/2008 21:00,1.560266667
11/21/2008 22:00,1.1248
11/21/2008 23:00,0.3378
11/22/2008 0:00,0.402633333
11/22/2008 1:00,0.8028
11/22/2008 2:00,0.321933333
11/22/2008 3:00,0.3328
11/22/2008 4:00,0.307266667
11/22/2008 5:00,0.3507
11/22/2008 6:00,0.875566667
11/22/2008 7:00,2.501466667
11/22/2008 8:00,1.4141
11/22/2008 9:00,1.402166667
11/22/2008 10:00,1.3843
11/22/2008 11:00,0.838033333
11/22/2008 12:00,0.9048
11/22/2008 13:00,1.5729
11/22/2008 14:00,1.1971
11/22/2008 15:00,0.434366667
11/22/2008 16:00,0.428
11/22/2008 17:00,0.877233333
11/22/2008 18:00,1.104333333
11/22/2008 19:00,1.5123
11/22/2008 20:00,2.133266667
11/22/2008 21:00,3.893166667
11/22/2008 22:00,2.053366667
11/22/2008 23:00,1.4782
11/23/2008 0:00,0.823633333
11/23/2008 1:00,0.841433333
11/23/2008 2:00,0.811833333
11/23/2008 3:00,0.8468
11/23/2008 4:00,0.519966667
11/23/2008 5:00,0.9334
11/23/2008 6:00,0.345566667
11/23/2008 7:00,0.341766667
11/23/2008 8:00,0.566866667
11/23/2008 9:00,1.827633333
11/23/2008 10:00,1.708633333
11/23/2008 11:00,1.416266667
11/23/2008 12:00,4.158333333
11/23/2008 13:00,1.9747
11/23/2008 14:00,2.688366667
11/23/2008 15:00,3.445666667
11/23/2008 16:00,2.8127
11/23/2008 17:00,4.205966667
11/23/2008 18:00,6.560533333
11/23/2008 19:00,3.742833333
11/23/2008 20:00,6.310566667
11/23/2008 21:00,3.775733333
11/23/2008 22:00,3.3073
11/23/2008 23:00,2.812433333
11/24/2008 0:00,2.7499
11/24/2008 1:00,1.4167
11/24/2008 2:00,1.456
11/24/2008 3:00,1.4044
11/24/2008 4:00,1.428
11/24/2008 5:00,1.3705
11/24/2008 6:00,2.152233333
11/24/2008 7:00,4.152733333
11/24/2008 8:00,3.252833333
11/24/2008 9:00,2.850333333
11/24/2008 10:00,2.436633333
11/24/2008 11:00,2.0009
11/24/2008 12:00,1.923166667
11/24/2008 13:00,1.9947
11/24/2008 14:00,1.956333333
11/24/2008 15:00,1.9706
11/24/2008 16:00,2.0639
11/24/2008 17:00,1.629233333
11/24/2008 18:00,2.276766667
11/24/2008 19:00,2.100266667
11/24/2008 20:00,2.771366667
11/24/2008 21:00,3.993733333
11/24/2008 22:00,2.283166667
11/24/2008 23:00,1.915566667
11/25/2008 0:00,1.2338
11/25/2008 1:00,1.139266667
11/25/2008 2:00,1.129833333
11/25/2008 3:00,1.252666667
11/25/2008 4:00,1.223566667
11/25/2008 5:00,1.757466667
11/25/2008 6:00,2.115
11/25/2008 7:00,3.6895
11/25/2008 8:00,2.597733333
11/25/2008 9:00,2.6002
11/25/2008 10:00,2.207733333
11/25/2008 11:00,1.9008
11/25/2008 12:00,1.993133333
11/25/2008 13:00,1.214066667
11/25/2008 14:00,0.8945
11/25/2008 15:00,0.8084
11/25/2008 16:00,0.830466667
11/25/2008 17:00,1.541333333
11/25/2008 18:00,2.264233333
11/25/2008 19:00,4.020333333
11/25/2008 20:00,3.557066667
11/25/2008 21:00,2.319433333
11/25/2008 22:00,2.0145
11/25/2008 23:00,0.742466667
11/26/2008 0:00,0.2629
11/26/2008 1:00,0.285666667
11/26/2008 2:00,0.2713
11/26/2008 3:00,0.275766667
11/26/2008 4:00,0.295333333
11/26/2008 5:00,0.2657
11/26/2008 6:00,2.0535
11/26/2008 7:00,2.860933333
11/26/2008 8:00,1.4158
11/26/2008 9:00,1.321766667
11/26/2008 10:00,1.339433333
11/26/2008 11:00,1.360433333
11/26/2008 12:00,1.512033333
11/26/2008 13:00,0.790033333
11/26/2008 14:00,0.272
11/26/2008 15:00,0.310066667
11/26/2008 16:00,0.2605
11/26/2008 17:00,0.289733333
11/26/2008 18:00,0.497033333
11/26/2008 19:00,1.0654
11/26/2008 20:00,3.044533333
11/26/2008 21:00,2.079633333
11/26/2008 22:00,1.9802
11/26/2008 23:00,1.1562
11/27/2008 0:00,0.782066667
11/27/2008 1:00,0.735666667
11/27/2008 2:00,0.9367
11/27/2008 3:00,0.681366667
11/27/2008 4:00,0.818766667
11/27/2008 5:00,0.835533333
11/27/2008 6:00,2.161533333
11/27/2008 7:00,3.2483
11/27/2008 8:00,2.038966667
11/27/2008 9:00,1.8458
11/27/2008 10:00,1.747133333
11/27/2008 11:00,1.762766667
11/27/2008 12:00,1.826133333
11/27/2008 13:00,1.847133333
11/27/2008 14:00,1.902733333
11/27/2008 15:00,1.275033333
11/27/2008 16:00,0.7058
11/27/2008 17:00,0.7948
11/27/2008 18:00,1.223366667
11/27/2008 19:00,3.781033333
11/27/2008 20:00,3.867333333
11/27/2008 21:00,2.776233333
11/27/2008 22:00,0.929333333
11/27/2008 23:00,0.846766667
11/28/2008 0:00,0.283966667
11/28/2008 1:00,0.269866667
11/28/2008 2:00,0.301466667
11/28/2008 3:00,0.262
11/28/2008 4:00,0.299333333
11/28/2008 5:00,0.269233333
11/28/2008 6:00,1.321366667
11/28/2008 7:00,2.991933333
11/28/2008 8:00,2.695933333
11/28/2008 9:00,1.660766667
11/28/2008 10:00,1.334666667
11/28/2008 11:00,1.380033333
11/28/2008 12:00,1.6262
11/28/2008 13:00,1.126533333
11/28/2008 14:00,0.539266667
11/28/2008 15:00,0.584933333
11/28/2008 16:00,1.699
11/28/2008 17:00,1.291633333
11/28/2008 18:00,1.6844
11/28/2008 19:00,2.811433333
11/28/2008 20:00,2.781366667
11/28/2008 21:00,2.720466667
11/28/2008 22:00,1.129533333
11/28/2008 23:00,0.3674
11/29/2008 0:00,0.286666667
11/29/2008 1:00,0.259433333
11/29/2008 2:00,0.296766667
11/29/2008 3:00,0.6722
11/29/2008 4:00,0.423366667
11/29/2008 5:00,0.2718
11/29/2008 6:00,0.438066667
11/29/2008 7:00,2.7463
11/29/2008 8:00,3.108166667
11/29/2008 9:00,1.616433333
11/29/2008 10:00,0.907666667
11/29/2008 11:00,0.805366667
11/29/2008 12:00,1.333066667
11/29/2008 13:00,2.3532
11/29/2008 14:00,2.9312
11/29/2008 15:00,1.979633333
11/29/2008 16:00,1.395666667
11/29/2008 17:00,1.5702
11/29/2008 18:00,1.591833333
11/29/2008 19:00,3.901766667
11/29/2008 20:00,1.991266667
11/29/2008 21:00,3.345
11/29/2008 22:00,3.005733333
11/29/2008 23:00,3.347
11/30/2008 0:00,2.5397
11/30/2008 1:00,1.2418
11/30/2008 2:00,0.291933333
11/30/2008 3:00,0.265
11/30/2008 4:00,0.303466667
11/30/2008 5:00,0.2742
11/30/2008 6:00,0.293333333
11/30/2008 7:00,0.821766667
11/30/2008 8:00,1.5186
11/30/2008 9:00,1.187666667
11/30/2008 10:00,0.954433333
11/30/2008 11:00,1.009566667
11/30/2008 12:00,1.175466667
11/30/2008 13:00,1.9539
11/30/2008 14:00,1.9184
11/30/2008 15:00,1.401233333
11/30/2008 16:00,1.182833333
11/30/2008 17:00,1.006266667
11/30/2008 18:00,3.683
11/30/2008 19:00,2.7634
11/30/2008 20:00,5.9305
11/30/2008 21:00,4.156633333
11/30/2008 22:00,2.4856
11/30/2008 23:00,1.664433333
12-01-2008 00:00,0.389866667
12-01-2008 01:00,0.383966667
12-01-2008 02:00,0.3364
12-01-2008 03:00,0.371933333
12-01-2008 04:00,0.330366667
12-01-2008 05:00,0.3406
12-01-2008 06:00,0.8524
12-01-2008 07:00,2.647066667
12-01-2008 08:00,1.691333333
12-01-2008 09:00,1.606266667
12-01-2008 10:00,1.5908
12-01-2008 11:00,1.5872
12-01-2008 12:00,1.550133333
12-01-2008 13:00,1.0049
12-01-2008 14:00,0.4933
12-01-2008 15:00,0.5259
12-01-2008 16:00,0.862833333
12-01-2008 17:00,1.1532
12-01-2008 18:00,1.473766667
12-01-2008 19:00,1.234133333
12-01-2008 20:00,2.941933333
12-01-2008 21:00,2.387666667
12-01-2008 22:00,0.723033333
12-01-2008 23:00,0.4633
12-02-2008 00:00,0.358733333
12-02-2008 01:00,0.3763
12-02-2008 02:00,0.349333333
12-02-2008 03:00,0.379566667
12-02-2008 04:00,0.353166667
12-02-2008 05:00,1.0576
12-02-2008 06:00,0.895766667
12-02-2008 07:00,2.1867
12-02-2008 08:00,2.4556
12-02-2008 09:00,1.428466667
12-02-2008 10:00,1.6279
12-02-2008 11:00,1.499133333
12-02-2008 12:00,1.653666667
12-02-2008 13:00,1.678733333
12-02-2008 14:00,1.566166667
12-02-2008 15:00,0.4979
12-02-2008 16:00,0.6617
12-02-2008 17:00,1.708033333
12-02-2008 18:00,2.040533333
12-02-2008 19:00,1.081066667
12-02-2008 20:00,2.1639
12-02-2008 21:00,2.331533333
12-02-2008 22:00,1.079366667
12-02-2008 23:00,0.459866667
12-03-2008 00:00,0.324833333
12-03-2008 01:00,0.548066667
12-03-2008 02:00,0.789033333
12-03-2008 03:00,0.3202
12-03-2008 04:00,0.347633333
12-03-2008 05:00,0.324633333
12-03-2008 06:00,1.243366667
12-03-2008 07:00,2.344
12-03-2008 08:00,2.6812
12-03-2008 09:00,2.3651
12-03-2008 10:00,1.4093
12-03-2008 11:00,1.4327
12-03-2008 12:00,0.914466667
12-03-2008 13:00,0.769433333
12-03-2008 14:00,1.584966667
12-03-2008 15:00,0.5458
12-03-2008 16:00,0.731
12-03-2008 17:00,1.899866667
12-03-2008 18:00,2.808366667
12-03-2008 19:00,1.498966667
12-03-2008 20:00,1.3285
12-03-2008 21:00,1.349266667
12-03-2008 22:00,1.322333333
12-03-2008 23:00,0.3697
12-04-2008 00:00,0.328266667
12-04-2008 01:00,0.319066667
12-04-2008 02:00,0.3678
12-04-2008 03:00,0.965466667
12-04-2008 04:00,0.3526
12-04-2008 05:00,0.332333333
12-04-2008 06:00,0.634833333
12-04-2008 07:00,2.677666667
12-04-2008 08:00,2.289366667
12-04-2008 09:00,1.9689
12-04-2008 10:00,1.9455
12-04-2008 11:00,1.399366667
12-04-2008 12:00,1.461966667
12-04-2008 13:00,1.434
12-04-2008 14:00,1.029
12-04-2008 15:00,0.352266667
12-04-2008 16:00,0.327533333
12-04-2008 17:00,0.350666667
12-04-2008 18:00,0.970466667
12-04-2008 19:00,2.7447
12-04-2008 20:00,2.216
12-04-2008 21:00,2.3474
12-04-2008 22:00,1.2863
12-04-2008 23:00,0.875833333
12-05-2008 00:00,0.894033333
12-05-2008 01:00,0.897233333
12-05-2008 02:00,0.763366667
12-05-2008 03:00,0.756866667
12-05-2008 04:00,0.316033333
12-05-2008 05:00,0.3298
12-05-2008 06:00,1.109333333
12-05-2008 07:00,2.3014
12-05-2008 08:00,2.214
12-05-2008 09:00,1.9243
12-05-2008 10:00,1.424233333
12-05-2008 11:00,1.391033333
12-05-2008 12:00,0.316633333
12-05-2008 13:00,0.343733333
12-05-2008 14:00,0.545966667
12-05-2008 15:00,1.220333333
12-05-2008 16:00,2.434866667
12-05-2008 17:00,2.101333333
12-05-2008 18:00,2.831633333
12-05-2008 19:00,2.289166667
12-05-2008 20:00,2.6165
12-05-2008 21:00,1.4843
12-05-2008 22:00,2.193566667
12-05-2008 23:00,1.610633333
12-06-2008 00:00,0.928466667
12-06-2008 01:00,0.378033333
12-06-2008 02:00,0.255
12-06-2008 03:00,0.268266667
12-06-2008 04:00,0.4133
12-06-2008 05:00,0.756
12-06-2008 06:00,0.490133333
12-06-2008 07:00,1.973466667
12-06-2008 08:00,2.788266667
12-06-2008 09:00,2.250733333
12-06-2008 10:00,4.2289
12-06-2008 11:00,3.5612
12-06-2008 12:00,2.9631
12-06-2008 13:00,4.6615
12-06-2008 14:00,1.577933333
12-06-2008 15:00,1.3342
12-06-2008 16:00,1.287833333
12-06-2008 17:00,1.978733333
12-06-2008 18:00,2.512866667
12-06-2008 19:00,2.424233333
12-06-2008 20:00,1.310333333
12-06-2008 21:00,1.794966667
12-06-2008 22:00,0.930466667
12-06-2008 23:00,0.996
12-07-2008 00:00,1.548266667
12-07-2008 01:00,0.472
12-07-2008 02:00,0.351766667
12-07-2008 03:00,0.322066667
12-07-2008 04:00,0.295666667
12-07-2008 05:00,0.622733333
12-07-2008 06:00,0.640866667
12-07-2008 07:00,0.842133333
12-07-2008 08:00,1.166233333
12-07-2008 09:00,2.0777
12-07-2008 10:00,1.8204
12-07-2008 11:00,1.960433333
12-07-2008 12:00,3.386466667
12-07-2008 13:00,2.300966667
12-07-2008 14:00,2.272233333
12-07-2008 15:00,1.7349
12-07-2008 16:00,1.719833333
12-07-2008 17:00,1.6695
12-07-2008 18:00,3.3508
12-07-2008 19:00,3.969066667
12-07-2008 20:00,3.008166667
12-07-2008 21:00,2.4176
12-07-2008 22:00,1.595633333
12-07-2008 23:00,1.5669
12-08-2008 00:00,1.518
12-08-2008 01:00,0.833333333
12-08-2008 02:00,0.479333333
12-08-2008 03:00,0.439166667
12-08-2008 04:00,0.438866667
12-08-2008 05:00,0.451466667
12-08-2008 06:00,1.586933333
12-08-2008 07:00,2.761233333
12-08-2008 08:00,2.934633333
12-08-2008 09:00,2.3632
12-08-2008 10:00,1.425866667
12-08-2008 11:00,1.361933333
12-08-2008 12:00,1.384833333
12-08-2008 13:00,1.391033333
12-08-2008 14:00,1.389266667
12-08-2008 15:00,1.4105
12-08-2008 16:00,0.550833333
12-08-2008 17:00,0.400833333
12-08-2008 18:00,1.144733333
12-08-2008 19:00,1.5873
12-08-2008 20:00,2.381266667
12-08-2008 21:00,1.8972
12-08-2008 22:00,0.667566667
12-08-2008 23:00,0.3446
12-09-2008 00:00,0.262333333
12-09-2008 01:00,0.277933333
12-09-2008 02:00,0.8315
12-09-2008 03:00,0.504466667
12-09-2008 04:00,0.2969
12-09-2008 05:00,0.639966667
12-09-2008 06:00,0.766633333
12-09-2008 07:00,2.224233333
12-09-2008 08:00,2.1999
12-09-2008 09:00,1.954333333
12-09-2008 10:00,2.1385
12-09-2008 11:00,1.510066667
12-09-2008 12:00,1.385466667
12-09-2008 13:00,1.378466667
12-09-2008 14:00,1.394766667
12-09-2008 15:00,1.438
12-09-2008 16:00,0.989633333
12-09-2008 17:00,1.1586
12-09-2008 18:00,2.404366667
12-09-2008 19:00,3.203433333
12-09-2008 20:00,3.997566667
12-09-2008 21:00,1.566933333
12-09-2008 22:00,0.5667
12-09-2008 23:00,0.295033333
12-10-2008 00:00,0.269533333
12-10-2008 01:00,0.302366667
12-10-2008 02:00,0.2827
12-10-2008 03:00,0.3691
12-10-2008 04:00,0.875133333
12-10-2008 05:00,0.264
12-10-2008 06:00,0.802833333
12-10-2008 07:00,2.4608
12-10-2008 08:00,3.173766667
12-10-2008 09:00,2.721433333
12-10-2008 10:00,1.8286
12-10-2008 11:00,1.5289
12-10-2008 12:00,1.7283
12-10-2008 13:00,1.549533333
12-10-2008 14:00,1.9781
12-10-2008 15:00,3.0924
12-10-2008 16:00,1.7707
12-10-2008 17:00,3.741666667
12-10-2008 18:00,1.993266667
12-10-2008 19:00,1.155633333
12-10-2008 20:00,1.702633333
12-10-2008 21:00,2.386266667
12-10-2008 22:00,0.629766667
12-10-2008 23:00,0.296
12-11-2008 00:00,0.281666667
12-11-2008 01:00,0.314266667
12-11-2008 02:00,0.262266667
12-11-2008 03:00,0.2791
12-11-2008 04:00,0.284933333
12-11-2008 05:00,1.005533333
12-11-2008 06:00,1.621833333
12-11-2008 07:00,2.906766667
12-11-2008 08:00,1.591466667
12-11-2008 09:00,1.962766667
12-11-2008 10:00,1.386533333
12-11-2008 11:00,1.366166667
12-11-2008 12:00,0.4414
12-11-2008 13:00,0.288833333
12-11-2008 14:00,0.279
12-11-2008 15:00,0.312733333
12-11-2008 16:00,0.2785
12-11-2008 17:00,1.178166667
12-11-2008 18:00,1.384433333
12-11-2008 19:00,2.127
12-11-2008 20:00,2.3022
12-11-2008 21:00,1.012266667
12-11-2008 22:00,0.5802
12-11-2008 23:00,0.427333333
12-12-2008 00:00,0.415366667
12-12-2008 01:00,0.305
12-12-2008 02:00,0.285566667
12-12-2008 03:00,0.5429
12-12-2008 04:00,0.810066667
12-12-2008 05:00,0.278433333
12-12-2008 06:00,1.2857
12-12-2008 07:00,2.194866667
12-12-2008 08:00,1.738333333
12-12-2008 09:00,1.400166667
12-12-2008 10:00,1.325733333
12-12-2008 11:00,1.325266667
12-12-2008 12:00,1.3495
12-12-2008 13:00,1.378166667
12-12-2008 14:00,0.859433333
12-12-2008 15:00,0.6729
12-12-2008 16:00,0.711033333
12-12-2008 17:00,2.4854
12-12-2008 18:00,2.258966667
12-12-2008 19:00,1.65
12-12-2008 20:00,2.996766667
12-12-2008 21:00,2.1789
12-12-2008 22:00,1.504533333
12-12-2008 23:00,0.3059
12/13/2008 0:00,0.268833333
12/13/2008 1:00,0.294166667
12/13/2008 2:00,0.2665
12/13/2008 3:00,0.834
12/13/2008 4:00,0.302
12/13/2008 5:00,0.262333333
12/13/2008 6:00,0.4015
12/13/2008 7:00,2.131633333
12/13/2008 8:00,2.1378
12/13/2008 9:00,1.440433333
12/13/2008 10:00,1.742666667
12/13/2008 11:00,1.061133333
12/13/2008 12:00,0.868266667
12/13/2008 13:00,1.331466667
12/13/2008 14:00,1.384566667
12/13/2008 15:00,2.529833333
12/13/2008 16:00,4.011
12/13/2008 17:00,2.755266667
12/13/2008 18:00,1.329
12/13/2008 19:00,2.258433333
12/13/2008 20:00,1.4727
12/13/2008 21:00,0.385266667
12/13/2008 22:00,0.458066667
12/13/2008 23:00,0.499366667
12/14/2008 0:00,0.359733333
12/14/2008 1:00,0.3667
12/14/2008 2:00,0.488733333
12/14/2008 3:00,0.650133333
12/14/2008 4:00,0.356633333
12/14/2008 5:00,0.336233333
12/14/2008 6:00,0.328133333
12/14/2008 7:00,1.017933333
12/14/2008 8:00,2.871466667
12/14/2008 9:00,2.467466667
12/14/2008 10:00,0.978733333
12/14/2008 11:00,2.349833333
12/14/2008 12:00,3.408266667
12/14/2008 13:00,1.629833333
12/14/2008 14:00,1.803833333
12/14/2008 15:00,2.710966667
12/14/2008 16:00,0.8174
12/14/2008 17:00,1.375233333
12/14/2008 18:00,1.437566667
12/14/2008 19:00,2.4076
12/14/2008 20:00,2.338733333
12/14/2008 21:00,1.4091
12/14/2008 22:00,0.849633333
12/14/2008 23:00,0.608766667
12/15/2008 0:00,0.325033333
12/15/2008 1:00,0.347066667
12/15/2008 2:00,0.334133333
12/15/2008 3:00,0.693333333
12/15/2008 4:00,0.537533333
12/15/2008 5:00,0.319233333
12/15/2008 6:00,0.822166667
12/15/2008 7:00,2.014866667
12/15/2008 8:00,2.431333333
12/15/2008 9:00,1.4515
12/15/2008 10:00,1.4286
12/15/2008 11:00,1.396266667
12/15/2008 12:00,1.398
12/15/2008 13:00,1.435233333
12/15/2008 14:00,1.357866667
12/15/2008 15:00,0.329933333
12/15/2008 16:00,0.373
12/15/2008 17:00,0.931233333
12/15/2008 18:00,2.654266667
12/15/2008 19:00,1.859866667
12/15/2008 20:00,2.175433333
12/15/2008 21:00,2.7702
12/15/2008 22:00,1.5792
12/15/2008 23:00,0.958866667
12/16/2008 0:00,0.3817
12/16/2008 1:00,0.356233333
12/16/2008 2:00,0.330466667
12/16/2008 3:00,1.120566667
12/16/2008 4:00,0.355233333
12/16/2008 5:00,0.319133333
12/16/2008 6:00,0.621566667
12/16/2008 7:00,3.388566667
12/16/2008 8:00,2.451233333
12/16/2008 9:00,1.8796
12/16/2008 10:00,1.444
12/16/2008 11:00,1.520466667
12/16/2008 12:00,1.591366667
12/16/2008 13:00,1.494266667
12/16/2008 14:00,1.793566667
12/16/2008 15:00,1.264333333
12/16/2008 16:00,0.467233333
12/16/2008 17:00,0.715666667
12/16/2008 18:00,0.8398
12/16/2008 19:00,1.3096
12/16/2008 20:00,2.886266667
12/16/2008 21:00,1.901466667
12/16/2008 22:00,1.083433333
12/16/2008 23:00,0.435733333
12/17/2008 0:00,1.016766667
12/17/2008 1:00,0.341733333
12/17/2008 2:00,0.3305
12/17/2008 3:00,0.368566667
12/17/2008 4:00,0.325266667
12/17/2008 5:00,0.317433333
12/17/2008 6:00,0.8286
12/17/2008 7:00,1.979766667
12/17/2008 8:00,2.657566667
12/17/2008 9:00,1.497633333
12/17/2008 10:00,1.960166667
12/17/2008 11:00,1.620266667
12/17/2008 12:00,1.707533333
12/17/2008 13:00,1.5212
12/17/2008 14:00,0.595233333
12/17/2008 15:00,0.391033333
12/17/2008 16:00,0.799066667
12/17/2008 17:00,1.445566667
12/17/2008 18:00,3.129033333
12/17/2008 19:00,3.1645
12/17/2008 20:00,2.963166667
12/17/2008 21:00,3.1187
12/17/2008 22:00,1.963266667
12/17/2008 23:00,0.9372
12/18/2008 0:00,0.319866667
12/18/2008 1:00,0.307866667
12/18/2008 2:00,0.314
12/18/2008 3:00,0.296166667
12/18/2008 4:00,0.3378
12/18/2008 5:00,0.859666667
12/18/2008 6:00,1.4297
12/18/2008 7:00,2.606833333
12/18/2008 8:00,2.590033333
12/18/2008 9:00,1.700366667
12/18/2008 10:00,1.371333333
12/18/2008 11:00,1.338866667
12/18/2008 12:00,1.3338
12/18/2008 13:00,1.3666
12/18/2008 14:00,1.381766667
12/18/2008 15:00,0.9745
12/18/2008 16:00,0.296
12/18/2008 17:00,0.263766667
12/18/2008 18:00,0.557
12/18/2008 19:00,2.006166667
12/18/2008 20:00,2.6445
12/18/2008 21:00,1.783633333
12/18/2008 22:00,1.638166667
12/18/2008 23:00,1.2306
12/19/2008 0:00,1.1151
12/19/2008 1:00,0.331033333
12/19/2008 2:00,0.350433333
12/19/2008 3:00,0.3175
12/19/2008 4:00,0.316666667
12/19/2008 5:00,0.357333333
12/19/2008 6:00,0.867133333
12/19/2008 7:00,2.541666667
12/19/2008 8:00,1.649733333
12/19/2008 9:00,1.408266667
12/19/2008 10:00,1.4049
12/19/2008 11:00,1.369033333
12/19/2008 12:00,1.3813
12/19/2008 13:00,1.431766667
12/19/2008 14:00,0.7771
12/19/2008 15:00,0.333866667
12/19/2008 16:00,0.6823
12/19/2008 17:00,2.4605
12/19/2008 18:00,2.662066667
12/19/2008 19:00,1.491133333
12/19/2008 20:00,2.928033333
12/19/2008 21:00,2.3125
12/19/2008 22:00,2.385666667
12/19/2008 23:00,0.4935
12/20/2008 0:00,0.306233333
12/20/2008 1:00,0.277866667
12/20/2008 2:00,0.305766667
12/20/2008 3:00,0.265833333
12/20/2008 4:00,0.2771
12/20/2008 5:00,0.361033333
12/20/2008 6:00,0.9174
12/20/2008 7:00,2.611666667
12/20/2008 8:00,2.6412
12/20/2008 9:00,1.8224
12/20/2008 10:00,1.8175
12/20/2008 11:00,2.058366667
12/20/2008 12:00,1.447066667
12/20/2008 13:00,3.494
12/20/2008 14:00,2.183033333
12/20/2008 15:00,2.7944
12/20/2008 16:00,1.709233333
12/20/2008 17:00,2.334533333
12/20/2008 18:00,2.077866667
12/20/2008 19:00,2.994133333
12/20/2008 20:00,1.493066667
12/20/2008 21:00,1.243066667
12/20/2008 22:00,0.427266667
12/20/2008 23:00,1.5195
12/21/2008 0:00,2.6927
12/21/2008 1:00,0.701033333
12/21/2008 2:00,0.3066
12/21/2008 3:00,0.268033333
12/21/2008 4:00,0.309833333
12/21/2008 5:00,0.268566667
12/21/2008 6:00,0.278533333
12/21/2008 7:00,0.585566667
12/21/2008 8:00,2.877633333
12/21/2008 9:00,2.594466667
12/21/2008 10:00,2.399333333
12/21/2008 11:00,3.722433333
12/21/2008 12:00,1.680633333
12/21/2008 13:00,1.401066667
12/21/2008 14:00,1.384766667
12/21/2008 15:00,1.395266667
12/21/2008 16:00,3.4079
12/21/2008 17:00,4.334433333
12/21/2008 18:00,3.574566667
12/21/2008 19:00,3.0475
12/21/2008 20:00,2.469966667
12/21/2008 21:00,2.970333333
12/21/2008 22:00,0.821233333
12/21/2008 23:00,0.567766667
12/22/2008 0:00,0.320266667
12/22/2008 1:00,0.300966667
12/22/2008 2:00,0.339333333
12/22/2008 3:00,0.315066667
12/22/2008 4:00,1.134966667
12/22/2008 5:00,0.300933333
12/22/2008 6:00,0.655466667
12/22/2008 7:00,1.066166667
12/22/2008 8:00,1.657733333
12/22/2008 9:00,1.798
12/22/2008 10:00,1.785133333
12/22/2008 11:00,1.973733333
12/22/2008 12:00,2.033933333
12/22/2008 13:00,2.886133333
12/22/2008 14:00,1.537266667
12/22/2008 15:00,0.915533333
12/22/2008 16:00,1.859333333
12/22/2008 17:00,1.965066667
12/22/2008 18:00,0.9615
12/22/2008 19:00,1.411
12/22/2008 20:00,1.871033333
12/22/2008 21:00,1.903533333
12/22/2008 22:00,1.721166667
12/22/2008 23:00,2.883533333
12/23/2008 0:00,1.893566667
12/23/2008 1:00,0.8846
12/23/2008 2:00,0.811733333
12/23/2008 3:00,0.472766667
12/23/2008 4:00,0.3047
12/23/2008 5:00,0.8191
12/23/2008 6:00,1.158033333
12/23/2008 7:00,2.3091
12/23/2008 8:00,1.569433333
12/23/2008 9:00,1.774666667
12/23/2008 10:00,0.835933333
12/23/2008 11:00,0.8894
12/23/2008 12:00,0.968733333
12/23/2008 13:00,1.5663
12/23/2008 14:00,2.883466667
12/23/2008 15:00,1.555533333
12/23/2008 16:00,0.8372
12/23/2008 17:00,0.411333333
12/23/2008 18:00,0.906766667
12/23/2008 19:00,2.405366667
12/23/2008 20:00,3.0507
12/23/2008 21:00,0.715133333
12/23/2008 22:00,0.651733333
12/23/2008 23:00,0.292833333
12/24/2008 0:00,0.278866667
12/24/2008 1:00,0.351966667
12/24/2008 2:00,0.276233333
12/24/2008 3:00,0.469866667
12/24/2008 4:00,0.610666667
12/24/2008 5:00,0.2802
12/24/2008 6:00,0.7188
12/24/2008 7:00,1.464266667
12/24/2008 8:00,1.390566667
12/24/2008 9:00,1.401666667
12/24/2008 10:00,1.475
12/24/2008 11:00,0.681433333
12/24/2008 12:00,1.544666667
12/24/2008 13:00,1.544133333
12/24/2008 14:00,0.666566667
12/24/2008 15:00,0.451433333
12/24/2008 16:00,1.716366667
12/24/2008 17:00,2.145566667
12/24/2008 18:00,1.442766667
12/24/2008 19:00,0.4279
12/24/2008 20:00,0.4659
12/24/2008 21:00,0.444366667
12/24/2008 22:00,0.436933333
12/24/2008 23:00,0.4745
12/25/2008 0:00,1.842566667
12/25/2008 1:00,0.873766667
12/25/2008 2:00,0.267833333
12/25/2008 3:00,0.271166667
12/25/2008 4:00,0.291733333
12/25/2008 5:00,0.253566667
12/25/2008 6:00,0.282566667
12/25/2008 7:00,0.915366667
12/25/2008 8:00,1.280033333
12/25/2008 9:00,1.593066667
12/25/2008 10:00,1.414533333
12/25/2008 11:00,0.689833333
12/25/2008 12:00,0.4277
12/25/2008 13:00,0.514233333
12/25/2008 14:00,0.3277
12/25/2008 15:00,0.3746
12/25/2008 16:00,0.402466667
12/25/2008 17:00,0.564733333
12/25/2008 18:00,0.819866667
12/25/2008 19:00,1.290366667
12/25/2008 20:00,1.4128
12/25/2008 21:00,0.654433333
12/25/2008 22:00,0.528966667
12/25/2008 23:00,0.3914
12/26/2008 0:00,0.2933
12/26/2008 1:00,0.2715
12/26/2008 2:00,0.577833333
12/26/2008 3:00,0.6665
12/26/2008 4:00,0.2684
12/26/2008 5:00,0.2806
12/26/2008 6:00,0.285466667
12/26/2008 7:00,0.266266667
12/26/2008 8:00,1.010766667
12/26/2008 9:00,1.482566667
12/26/2008 10:00,1.3734
12/26/2008 11:00,0.8813
12/26/2008 12:00,0.6554
12/26/2008 13:00,0.5894
12/26/2008 14:00,2.2485
12/26/2008 15:00,1.8921
12/26/2008 16:00,0.9466
12/26/2008 17:00,1.8341
12/26/2008 18:00,0.830733333
12/26/2008 19:00,0.755266667
12/26/2008 20:00,0.348933333
12/26/2008 21:00,0.5654
12/26/2008 22:00,0.6872
12/26/2008 23:00,1.384
12/27/2008 0:00,1.646433333
12/27/2008 1:00,2.7415
12/27/2008 2:00,2.5909
12/27/2008 3:00,2.583866667
12/27/2008 4:00,2.578266667
12/27/2008 5:00,2.504
12/27/2008 6:00,1.510133333
12/27/2008 7:00,1.4232
12/27/2008 8:00,1.414
12/27/2008 9:00,1.3916
12/27/2008 10:00,1.67
12/27/2008 11:00,2.453933333
12/27/2008 12:00,2.4441
12/27/2008 13:00,1.5951
12/27/2008 14:00,1.366
12/27/2008 15:00,1.359466667
12/27/2008 16:00,1.393533333
12/27/2008 17:00,1.332533333
12/27/2008 18:00,1.798166667
12/27/2008 19:00,2.035833333
12/27/2008 20:00,3.062066667
12/27/2008 21:00,2.683366667
12/27/2008 22:00,3.497966667
12/27/2008 23:00,2.4601
12/28/2008 0:00,1.8371
12/28/2008 1:00,1.783766667
12/28/2008 2:00,2.219466667
12/28/2008 3:00,1.864133333
12/28/2008 4:00,1.7418
12/28/2008 5:00,2.245333333
12/28/2008 6:00,1.846266667
12/28/2008 7:00,1.376
12/28/2008 8:00,1.142433333
12/28/2008 9:00,0.307666667
12/28/2008 10:00,0.554666667
12/28/2008 11:00,0.8143
12/28/2008 12:00,1.188366667
12/28/2008 13:00,1.5235
12/28/2008 14:00,1.4341
12/28/2008 15:00,1.395966667
12/28/2008 16:00,0.519266667
12/28/2008 17:00,0.2924
12/28/2008 18:00,0.5146
12/28/2008 19:00,0.278966667
12/28/2008 20:00,0.258833333
12/28/2008 21:00,0.284033333
12/28/2008 22:00,0.259733333
12/28/2008 23:00,0.494666667
12/29/2008 0:00,0.850833333
12/29/2008 1:00,0.282766667
12/29/2008 2:00,0.272266667
12/29/2008 3:00,0.275133333
12/29/2008 4:00,0.291933333
12/29/2008 5:00,0.254166667
12/29/2008 6:00,0.257866667
12/29/2008 7:00,0.2643
12/29/2008 8:00,0.397666667
12/29/2008 9:00,1.084
12/29/2008 10:00,0.261533333
12/29/2008 11:00,0.268533333
12/29/2008 12:00,0.305166667
12/29/2008 13:00,0.2545
12/29/2008 14:00,0.257166667
12/29/2008 15:00,0.288966667
12/29/2008 16:00,0.269533333
12/29/2008 17:00,0.2537
12/29/2008 18:00,1.1984
12/29/2008 19:00,0.584833333
12/29/2008 20:00,0.269533333
12/29/2008 21:00,0.258866667
12/29/2008 22:00,0.2911
12/29/2008 23:00,0.261866667
12/30/2008 0:00,0.272933333
12/30/2008 1:00,0.292633333
12/30/2008 2:00,0.268933333
12/30/2008 3:00,0.266333333
12/30/2008 4:00,1.293866667
12/30/2008 5:00,0.2678
12/30/2008 6:00,0.2627
12/30/2008 7:00,0.283466667
12/30/2008 8:00,0.2784
12/30/2008 9:00,0.258633333
12/30/2008 10:00,0.641066667
12/30/2008 11:00,0.2714
12/30/2008 12:00,0.675566667
12/30/2008 13:00,1.061666667
12/30/2008 14:00,1.106266667
12/30/2008 15:00,1.5488
12/30/2008 16:00,2.080033333
12/30/2008 17:00,2.571233333
12/30/2008 18:00,1.430933333
12/30/2008 19:00,1.4626
12/30/2008 20:00,1.449733333
12/30/2008 21:00,0.662266667
12/30/2008 22:00,0.727433333
12/30/2008 23:00,0.485933333
12/31/2008 0:00,0.267566667
12/31/2008 1:00,0.2506
12/31/2008 2:00,0.2909
12/31/2008 3:00,0.263966667
12/31/2008 4:00,0.818533333
12/31/2008 5:00,0.4446
12/31/2008 6:00,0.262666667
12/31/2008 7:00,1.0835
12/31/2008 8:00,2.1137
12/31/2008 9:00,1.596266667
12/31/2008 10:00,0.951233333
12/31/2008 11:00,0.8465
12/31/2008 12:00,1.957666667
12/31/2008 13:00,1.799066667
12/31/2008 14:00,2.292233333
12/31/2008 15:00,1.656533333
12/31/2008 16:00,1.562766667
12/31/2008 17:00,1.553766667
12/31/2008 18:00,1.745333333
12/31/2008 19:00,3.153033333
12/31/2008 20:00,4.178966667
12/31/2008 21:00,2.0253
12/31/2008 22:00,1.046333333
12/31/2008 23:00,0.575433333
01-01-2009 00:00,0.534933333
01-01-2009 01:00,0.540466667
01-01-2009 02:00,0.575366667
01-01-2009 03:00,0.5265
01-01-2009 04:00,0.5219
01-01-2009 05:00,0.565333333
01-01-2009 06:00,1.426466667
01-01-2009 07:00,0.602066667
01-01-2009 08:00,0.547433333
01-01-2009 09:00,0.525066667
01-01-2009 10:00,1.2703
01-01-2009 11:00,0.393766667
01-01-2009 12:00,0.278
01-01-2009 13:00,0.293966667
01-01-2009 14:00,0.287033333
01-01-2009 15:00,0.2798
01-01-2009 16:00,1.277566667
01-01-2009 17:00,0.265733333
01-01-2009 18:00,0.924833333
01-01-2009 19:00,1.743533333
01-01-2009 20:00,3.4588
01-01-2009 21:00,2.112566667
01-01-2009 22:00,1.610933333
01-01-2009 23:00,2.8825
01-02-2009 00:00,2.4007
01-02-2009 01:00,0.431633333
01-02-2009 02:00,0.322866667
01-02-2009 03:00,0.291
01-02-2009 04:00,0.4438
01-02-2009 05:00,0.957266667
01-02-2009 06:00,0.304
01-02-2009 07:00,0.2909
01-02-2009 08:00,1.027566667
01-02-2009 09:00,1.259466667
01-02-2009 10:00,3.368666667
01-02-2009 11:00,3.129166667
01-02-2009 12:00,1.3787
01-02-2009 13:00,1.364333333
01-02-2009 14:00,1.782166667
01-02-2009 15:00,2.4419
01-02-2009 16:00,2.349366667
01-02-2009 17:00,3.092233333
01-02-2009 18:00,4.0648
01-02-2009 19:00,2.7377
01-02-2009 20:00,1.412633333
01-02-2009 21:00,1.4073
01-02-2009 22:00,1.8481
01-02-2009 23:00,0.685566667
01-03-2009 00:00,0.2881
01-03-2009 01:00,0.2966
01-03-2009 02:00,0.2873
01-03-2009 03:00,0.303166667
01-03-2009 04:00,0.330066667
01-03-2009 05:00,0.304633333
01-03-2009 06:00,0.7821
01-03-2009 07:00,0.328233333
01-03-2009 08:00,2.368866667
01-03-2009 09:00,1.789633333
01-03-2009 10:00,2.1131
01-03-2009 11:00,3.7428
01-03-2009 12:00,2.374066667
01-03-2009 13:00,1.2279
01-03-2009 14:00,1.632733333
01-03-2009 15:00,0.9049
01-03-2009 16:00,0.7316
01-03-2009 17:00,0.700533333
01-03-2009 18:00,1.578233333
01-03-2009 19:00,3.0243
01-03-2009 20:00,2.358866667
01-03-2009 21:00,1.718733333
01-03-2009 22:00,1.359866667
01-03-2009 23:00,1.345266667
01-04-2009 00:00,0.4587
01-04-2009 01:00,0.449433333
01-04-2009 02:00,0.4628
01-04-2009 03:00,0.488166667
01-04-2009 04:00,0.472966667
01-04-2009 05:00,0.973966667
01-04-2009 06:00,0.4539
01-04-2009 07:00,0.438733333
01-04-2009 08:00,0.8679
01-04-2009 09:00,0.5883
01-04-2009 10:00,0.834666667
01-04-2009 11:00,0.3954
01-04-2009 12:00,1.9734
01-04-2009 13:00,0.7941
01-04-2009 14:00,2.921333333
01-04-2009 15:00,1.890333333
01-04-2009 16:00,2.1845
01-04-2009 17:00,2.168666667
01-04-2009 18:00,2.556733333
01-04-2009 19:00,3.776433333
01-04-2009 20:00,3.2028
01-04-2009 21:00,3.059666667
01-04-2009 22:00,0.5431
01-04-2009 23:00,0.377233333
01-05-2009 00:00,0.358
01-05-2009 01:00,0.4124
01-05-2009 02:00,0.3446
01-05-2009 03:00,0.346866667
01-05-2009 04:00,0.935866667
01-05-2009 05:00,0.340533333
01-05-2009 06:00,1.200666667
01-05-2009 07:00,2.365533333
01-05-2009 08:00,1.993
01-05-2009 09:00,1.443833333
01-05-2009 10:00,1.403366667
01-05-2009 11:00,1.471666667
01-05-2009 12:00,0.899333333
01-05-2009 13:00,0.328366667
01-05-2009 14:00,0.3429
01-05-2009 15:00,0.352033333
01-05-2009 16:00,0.3837
01-05-2009 17:00,0.5299
01-05-2009 18:00,1.811566667
01-05-2009 19:00,2.513566667
01-05-2009 20:00,3.745933333
01-05-2009 21:00,2.317266667
01-05-2009 22:00,0.538066667
01-05-2009 23:00,0.354366667
01-06-2009 00:00,0.330233333
01-06-2009 01:00,0.3163
01-06-2009 02:00,1.006233333
01-06-2009 03:00,0.377633333
01-06-2009 04:00,0.324966667
01-06-2009 05:00,0.3177
01-06-2009 06:00,1.444633333
01-06-2009 07:00,2.422266667
01-06-2009 08:00,1.835233333
01-06-2009 09:00,1.759766667
01-06-2009 10:00,1.7605
01-06-2009 11:00,1.496333333
01-06-2009 12:00,1.414266667
01-06-2009 13:00,1.477966667
01-06-2009 14:00,1.469833333
01-06-2009 15:00,1.202
01-06-2009 16:00,0.338866667
01-06-2009 17:00,0.9299
01-06-2009 18:00,1.476666667
01-06-2009 19:00,2.528733333
01-06-2009 20:00,1.727466667
01-06-2009 21:00,0.726566667
01-06-2009 22:00,0.449066667
01-06-2009 23:00,1.031233333
01-07-2009 00:00,0.4078
01-07-2009 01:00,0.342533333
01-07-2009 02:00,0.352066667
01-07-2009 03:00,0.345866667
01-07-2009 04:00,0.334966667
01-07-2009 05:00,0.3339
01-07-2009 06:00,1.201766667
01-07-2009 07:00,2.318766667
01-07-2009 08:00,1.432566667
01-07-2009 09:00,1.411
01-07-2009 10:00,1.4745
01-07-2009 11:00,1.9143
01-07-2009 12:00,1.775
01-07-2009 13:00,2.348
01-07-2009 14:00,3.675233333
01-07-2009 15:00,1.3812
01-07-2009 16:00,0.7487
01-07-2009 17:00,1.150533333
01-07-2009 18:00,2.110866667
01-07-2009 19:00,3.472366667
01-07-2009 20:00,3.2388
01-07-2009 21:00,1.5214
01-07-2009 22:00,0.781433333
01-07-2009 23:00,0.597633333
01-08-2009 00:00,0.328766667
01-08-2009 01:00,0.331166667
01-08-2009 02:00,0.3679
01-08-2009 03:00,0.323533333
01-08-2009 04:00,0.954033333
01-08-2009 05:00,0.4406
01-08-2009 06:00,0.6844
01-08-2009 07:00,2.373166667
01-08-2009 08:00,1.614266667
01-08-2009 09:00,1.989633333
01-08-2009 10:00,1.392433333
01-08-2009 11:00,1.3971
01-08-2009 12:00,1.405266667
01-08-2009 13:00,1.488133333
01-08-2009 14:00,0.572366667
01-08-2009 15:00,0.3183
01-08-2009 16:00,0.3146
01-08-2009 17:00,0.3078
01-08-2009 18:00,2.2797
01-08-2009 19:00,2.516066667
01-08-2009 20:00,3.113133333
01-08-2009 21:00,1.609333333
01-08-2009 22:00,0.692033333
01-08-2009 23:00,0.407433333
01-09-2009 00:00,0.351033333
01-09-2009 01:00,0.3207
01-09-2009 02:00,0.3174
01-09-2009 03:00,0.315
01-09-2009 04:00,1.068466667
01-09-2009 05:00,0.372333333
01-09-2009 06:00,1.772966667
01-09-2009 07:00,2.4481
01-09-2009 08:00,1.5722
01-09-2009 09:00,1.697966667
01-09-2009 10:00,1.5325
01-09-2009 11:00,1.4489
01-09-2009 12:00,0.4576
01-09-2009 13:00,0.5347
01-09-2009 14:00,0.7128
01-09-2009 15:00,0.593766667
01-09-2009 16:00,0.4958
01-09-2009 17:00,2.091633333
01-09-2009 18:00,3.1194
01-09-2009 19:00,2.5874
01-09-2009 20:00,1.795633333
01-09-2009 21:00,2.124766667
01-09-2009 22:00,1.826633333
01-09-2009 23:00,0.254
01-10-2009 00:00,0.252633333
01-10-2009 01:00,0.273666667
01-10-2009 02:00,0.2751
01-10-2009 03:00,0.292
01-10-2009 04:00,0.276033333
01-10-2009 05:00,0.260833333
01-10-2009 06:00,1.098033333
01-10-2009 07:00,2.667
01-10-2009 08:00,1.8775
01-10-2009 09:00,1.389366667
01-10-2009 10:00,1.366566667
01-10-2009 11:00,0.632233333
01-10-2009 12:00,0.553533333
01-10-2009 13:00,1.2948
01-10-2009 14:00,1.1813
01-10-2009 15:00,0.501066667
01-10-2009 16:00,2.070966667
01-10-2009 17:00,3.768566667
01-10-2009 18:00,3.922566667
01-10-2009 19:00,3.794633333
01-10-2009 20:00,3.09
01-10-2009 21:00,1.212266667
01-10-2009 22:00,0.431566667
01-10-2009 23:00,2.5669
01-11-2009 00:00,0.377333333
01-11-2009 01:00,0.3427
01-11-2009 02:00,0.293166667
01-11-2009 03:00,0.298733333
01-11-2009 04:00,0.3272
01-11-2009 05:00,0.344666667
01-11-2009 06:00,0.305466667
01-11-2009 07:00,0.837233333
01-11-2009 08:00,0.712066667
01-11-2009 09:00,0.6853
01-11-2009 10:00,1.290833333
01-11-2009 11:00,1.2254
01-11-2009 12:00,2.219433333
01-11-2009 13:00,4.0528
01-11-2009 14:00,1.082866667
01-11-2009 15:00,0.499566667
01-11-2009 16:00,0.477633333
01-11-2009 17:00,1.442966667
01-11-2009 18:00,3.109533333
01-11-2009 19:00,3.806166667
01-11-2009 20:00,1.999733333
01-11-2009 21:00,3.503933333
01-11-2009 22:00,2.713533333
01-11-2009 23:00,0.984866667
01-12-2009 00:00,0.3126
01-12-2009 01:00,0.2544
01-12-2009 02:00,0.270533333
01-12-2009 03:00,0.261433333
01-12-2009 04:00,0.836666667
01-12-2009 05:00,0.309733333
01-12-2009 06:00,0.742333333
01-12-2009 07:00,2.210133333
01-12-2009 08:00,1.484066667
01-12-2009 09:00,1.345166667
01-12-2009 10:00,1.412166667
01-12-2009 11:00,1.336233333
01-12-2009 12:00,1.357033333
01-12-2009 13:00,1.3561
01-12-2009 14:00,1.391233333
01-12-2009 15:00,1.4641
01-12-2009 16:00,1.100533333
01-12-2009 17:00,0.868033333
01-12-2009 18:00,1.1064
01-12-2009 19:00,1.530466667
01-12-2009 20:00,1.701733333
01-12-2009 21:00,2.701433333
01-12-2009 22:00,0.7573
01-12-2009 23:00,0.378133333
1/13/2009 0:00,0.317633333
1/13/2009 1:00,0.3892
1/13/2009 2:00,0.312933333
1/13/2009 3:00,0.996633333
1/13/2009 4:00,0.339066667
1/13/2009 5:00,0.308266667
1/13/2009 6:00,1.821566667
1/13/2009 7:00,2.373133333
1/13/2009 8:00,2.836233333
1/13/2009 9:00,2.247133333
1/13/2009 10:00,1.470533333
1/13/2009 11:00,1.5489
1/13/2009 12:00,1.6643
1/13/2009 13:00,1.441633333
1/13/2009 14:00,1.445366667
1/13/2009 15:00,1.4751
1/13/2009 16:00,1.3358
1/13/2009 17:00,0.808366667
1/13/2009 18:00,2.0336
1/13/2009 19:00,1.633433333
1/13/2009 20:00,2.6185
1/13/2009 21:00,2.725
1/13/2009 22:00,2.669333333
1/13/2009 23:00,1.565
1/14/2009 0:00,0.433933333
1/14/2009 1:00,0.336533333
1/14/2009 2:00,0.298933333
1/14/2009 3:00,0.296933333
1/14/2009 4:00,0.296166667
1/14/2009 5:00,0.288533333
1/14/2009 6:00,1.0052
1/14/2009 7:00,2.314966667
1/14/2009 8:00,2.2127
1/14/2009 9:00,2.333966667
1/14/2009 10:00,1.770233333
1/14/2009 11:00,1.871966667
1/14/2009 12:00,1.789333333
1/14/2009 13:00,1.280733333
1/14/2009 14:00,0.2668
1/14/2009 15:00,0.338266667
1/14/2009 16:00,0.425733333
1/14/2009 17:00,0.7911
1/14/2009 18:00,1.292966667
1/14/2009 19:00,1.8926
1/14/2009 20:00,2.742133333
1/14/2009 21:00,3.281466667
1/14/2009 22:00,1.826666667
1/14/2009 23:00,0.263433333
1/15/2009 0:00,0.3261
1/15/2009 1:00,0.274966667
1/15/2009 2:00,0.270466667
1/15/2009 3:00,0.265766667
1/15/2009 4:00,0.8464
1/15/2009 5:00,0.319733333
1/15/2009 6:00,0.665766667
1/15/2009 7:00,2.116833333
1/15/2009 8:00,1.625933333
1/15/2009 9:00,1.378633333
1/15/2009 10:00,1.336066667
1/15/2009 11:00,1.300733333
1/15/2009 12:00,1.322933333
1/15/2009 13:00,1.046966667
1/15/2009 14:00,0.3431
1/15/2009 15:00,0.272166667
1/15/2009 16:00,0.254633333
1/15/2009 17:00,0.409466667
1/15/2009 18:00,1.118566667
1/15/2009 19:00,2.8497
1/15/2009 20:00,3.364
1/15/2009 21:00,2.556266667
1/15/2009 22:00,1.345333333
1/15/2009 23:00,0.457266667
1/16/2009 0:00,0.3787
1/16/2009 1:00,0.330466667
1/16/2009 2:00,0.311366667
1/16/2009 3:00,1.0003
1/16/2009 4:00,0.341433333
1/16/2009 5:00,0.3051
1/16/2009 6:00,1.437166667
1/16/2009 7:00,2.430433333
1/16/2009 8:00,1.6612
1/16/2009 9:00,1.3905
1/16/2009 10:00,1.382266667
1/16/2009 11:00,1.037466667
1/16/2009 12:00,0.357433333
1/16/2009 13:00,0.346433333
1/16/2009 14:00,1.122366667
1/16/2009 15:00,2.149066667
1/16/2009 16:00,2.4292
1/16/2009 17:00,4.151266667
1/16/2009 18:00,3.1908
1/16/2009 19:00,4.9582
1/16/2009 20:00,6.519633333
1/16/2009 21:00,3.4019
1/16/2009 22:00,2.648533333
1/16/2009 23:00,2.828
1/17/2009 0:00,2.2245
1/17/2009 1:00,1.429333333
1/17/2009 2:00,1.421833333
1/17/2009 3:00,1.452666667
1/17/2009 4:00,1.436633333
1/17/2009 5:00,1.786666667
1/17/2009 6:00,1.735566667
1/17/2009 7:00,3.377366667
1/17/2009 8:00,3.1905
1/17/2009 9:00,3.124233333
1/17/2009 10:00,2.264333333
1/17/2009 11:00,1.516566667
1/17/2009 12:00,1.9724
1/17/2009 13:00,2.124066667
1/17/2009 14:00,1.667533333
1/17/2009 15:00,1.0158
1/17/2009 16:00,2.990733333
1/17/2009 17:00,3.354966667
1/17/2009 18:00,2.9849
1/17/2009 19:00,3.439233333
1/17/2009 20:00,2.550533333
1/17/2009 21:00,3.6658
1/17/2009 22:00,2.4034
1/17/2009 23:00,2.167433333
1/18/2009 0:00,1.164966667
1/18/2009 1:00,0.330333333
1/18/2009 2:00,0.270833333
1/18/2009 3:00,0.259833333
1/18/2009 4:00,0.297566667
1/18/2009 5:00,0.3042
1/18/2009 6:00,0.2758
1/18/2009 7:00,0.871533333
1/18/2009 8:00,1.759833333
1/18/2009 9:00,3.0111
1/18/2009 10:00,1.903966667
1/18/2009 11:00,3.533466667
1/18/2009 12:00,2.8605
1/18/2009 13:00,2.184866667
1/18/2009 14:00,3.716866667
1/18/2009 15:00,4.210166667
1/18/2009 16:00,2.556366667
1/18/2009 17:00,2.187033333
1/18/2009 18:00,3.547166667
1/18/2009 19:00,4.573033333
1/18/2009 20:00,3.6069
1/18/2009 21:00,4.8607
1/18/2009 22:00,2.693833333
1/18/2009 23:00,1.589033333
1/19/2009 0:00,0.886466667
1/19/2009 1:00,0.286833333
1/19/2009 2:00,0.297166667
1/19/2009 3:00,0.3415
1/19/2009 4:00,0.300633333
1/19/2009 5:00,0.315
1/19/2009 6:00,1.0216
1/19/2009 7:00,2.8087
1/19/2009 8:00,2.468533333
1/19/2009 9:00,1.3573
1/19/2009 10:00,1.3925
1/19/2009 11:00,1.364333333
1/19/2009 12:00,1.358933333
1/19/2009 13:00,1.395133333
1/19/2009 14:00,0.970033333
1/19/2009 15:00,0.296066667
1/19/2009 16:00,0.2812
1/19/2009 17:00,0.3788
1/19/2009 18:00,0.917533333
1/19/2009 19:00,1.780266667
1/19/2009 20:00,3.6107
1/19/2009 21:00,2.648966667
1/19/2009 22:00,1.486133333
1/19/2009 23:00,0.366766667
1/20/2009 0:00,0.307166667
1/20/2009 1:00,0.2831
1/20/2009 2:00,0.2832
1/20/2009 3:00,0.260333333
1/20/2009 4:00,1.044133333
1/20/2009 5:00,0.262133333
1/20/2009 6:00,1.488766667
1/20/2009 7:00,2.397533333
1/20/2009 8:00,1.936633333
1/20/2009 9:00,1.516133333
1/20/2009 10:00,1.692833333
1/20/2009 11:00,1.454666667
1/20/2009 12:00,1.7684
1/20/2009 13:00,1.52
1/20/2009 14:00,1.355066667
1/20/2009 15:00,1.4105
1/20/2009 16:00,1.395433333
1/20/2009 17:00,1.3376
1/20/2009 18:00,0.5837
1/20/2009 19:00,1.056966667
1/20/2009 20:00,1.758333333
1/20/2009 21:00,1.628566667
1/20/2009 22:00,1.5166
1/20/2009 23:00,0.709333333
1/21/2009 0:00,0.324233333
1/21/2009 1:00,0.313966667
1/21/2009 2:00,0.267733333
1/21/2009 3:00,0.2569
1/21/2009 4:00,0.2895
1/21/2009 5:00,0.256266667
1/21/2009 6:00,1.971966667
1/21/2009 7:00,2.7828
1/21/2009 8:00,2.410433333
1/21/2009 9:00,1.747333333
1/21/2009 10:00,1.319766667
1/21/2009 11:00,1.363533333
1/21/2009 12:00,1.5832
1/21/2009 13:00,1.5441
1/21/2009 14:00,0.756
1/21/2009 15:00,0.311766667
1/21/2009 16:00,1.066566667
1/21/2009 17:00,1.0409
1/21/2009 18:00,1.6733
1/21/2009 19:00,0.870933333
1/21/2009 20:00,1.739233333
1/21/2009 21:00,3.5802
1/21/2009 22:00,1.128333333
1/21/2009 23:00,0.3916
1/22/2009 0:00,0.3615
1/22/2009 1:00,0.345033333
1/22/2009 2:00,0.324933333
1/22/2009 3:00,0.351466667
1/22/2009 4:00,1.108833333
1/22/2009 5:00,0.3378
1/22/2009 6:00,0.657266667
1/22/2009 7:00,2.037033333
1/22/2009 8:00,2.3693
1/22/2009 9:00,1.382
1/22/2009 10:00,1.373933333
1/22/2009 11:00,1.510933333
1/22/2009 12:00,1.441633333
1/22/2009 13:00,0.363866667
1/22/2009 14:00,0.314433333
1/22/2009 15:00,0.392
1/22/2009 16:00,0.6052
1/22/2009 17:00,0.3786
1/22/2009 18:00,1.003133333
1/22/2009 19:00,0.693233333
1/22/2009 20:00,0.384666667
1/22/2009 21:00,1.5787
1/22/2009 22:00,0.9804
1/22/2009 23:00,0.3267
1/23/2009 0:00,0.356033333
1/23/2009 1:00,0.313966667
1/23/2009 2:00,0.329666667
1/23/2009 3:00,0.332
1/23/2009 4:00,0.324566667
1/23/2009 5:00,0.3555
1/23/2009 6:00,1.447033333
1/23/2009 7:00,2.405533333
1/23/2009 8:00,2.027366667
1/23/2009 9:00,1.9249
1/23/2009 10:00,1.758633333
1/23/2009 11:00,1.5929
1/23/2009 12:00,1.703666667
1/23/2009 13:00,1.9738
1/23/2009 14:00,2.3958
1/23/2009 15:00,1.5886
1/23/2009 16:00,0.652633333
1/23/2009 17:00,1.2992
1/23/2009 18:00,2.682
1/23/2009 19:00,2.197666667
1/23/2009 20:00,1.446666667
1/23/2009 21:00,0.707666667
1/23/2009 22:00,0.696933333
1/23/2009 23:00,1.329533333
1/24/2009 0:00,0.356533333
1/24/2009 1:00,0.3304
1/24/2009 2:00,0.343533333
1/24/2009 3:00,0.332033333
1/24/2009 4:00,0.318066667
1/24/2009 5:00,0.347466667
1/24/2009 6:00,0.326766667
1/24/2009 7:00,1.522933333
1/24/2009 8:00,2.766533333
1/24/2009 9:00,1.6612
1/24/2009 10:00,1.861733333
1/24/2009 11:00,5.0734
1/24/2009 12:00,3.5632
1/24/2009 13:00,2.916
1/24/2009 14:00,0.852566667
1/24/2009 15:00,0.3137
1/24/2009 16:00,0.368733333
1/24/2009 17:00,1.065166667
1/24/2009 18:00,2.4965
1/24/2009 19:00,2.015133333
1/24/2009 20:00,3.138533333
1/24/2009 21:00,1.594466667
1/24/2009 22:00,1.421266667
1/24/2009 23:00,1.693633333
1/25/2009 0:00,3.018366667
1/25/2009 1:00,2.000966667
1/25/2009 2:00,1.409466667
1/25/2009 3:00,1.355
1/25/2009 4:00,1.382366667
1/25/2009 5:00,1.379966667
1/25/2009 6:00,1.345333333
1/25/2009 7:00,1.761333333
1/25/2009 8:00,2.209433333
1/25/2009 9:00,1.628766667
1/25/2009 10:00,1.4973
1/25/2009 11:00,1.259966667
1/25/2009 12:00,3.407833333
1/25/2009 13:00,4.330433333
1/25/2009 14:00,2.5736
1/25/2009 15:00,3.182633333
1/25/2009 16:00,2.227966667
1/25/2009 17:00,2.399433333
1/25/2009 18:00,2.1499
1/25/2009 19:00,2.750466667
1/25/2009 20:00,1.2553
1/25/2009 21:00,1.200833333
1/25/2009 22:00,0.527833333
1/25/2009 23:00,1.1399
1/26/2009 0:00,0.396766667
1/26/2009 1:00,0.276333333
1/26/2009 2:00,0.307933333
1/26/2009 3:00,0.2584
1/26/2009 4:00,0.258666667
1/26/2009 5:00,0.293033333
1/26/2009 6:00,0.8261
1/26/2009 7:00,2.339766667
1/26/2009 8:00,1.5845
1/26/2009 9:00,1.4558
1/26/2009 10:00,1.171866667
1/26/2009 11:00,0.369566667
1/26/2009 12:00,1.7499
1/26/2009 13:00,1.9357
1/26/2009 14:00,1.782133333
1/26/2009 15:00,1.8828
1/26/2009 16:00,1.0751
1/26/2009 17:00,0.8909
1/26/2009 18:00,0.699566667
1/26/2009 19:00,2.3888
1/26/2009 20:00,1.8882
1/26/2009 21:00,2.424533333
1/26/2009 22:00,0.866566667
1/26/2009 23:00,0.784933333
1/27/2009 0:00,0.4223
1/27/2009 1:00,0.378733333
1/27/2009 2:00,0.414766667
1/27/2009 3:00,0.357133333
1/27/2009 4:00,0.374933333
1/27/2009 5:00,1.015866667
1/27/2009 6:00,0.741933333
1/27/2009 7:00,2.030066667
1/27/2009 8:00,1.745933333
1/27/2009 9:00,1.767633333
1/27/2009 10:00,1.587
1/27/2009 11:00,1.287866667
1/27/2009 12:00,0.618566667
1/27/2009 13:00,0.919866667
1/27/2009 14:00,0.489266667
1/27/2009 15:00,0.412133333
1/27/2009 16:00,0.3559
1/27/2009 17:00,1.020266667
1/27/2009 18:00,0.516566667
1/27/2009 19:00,2.913233333
1/27/2009 20:00,1.700333333
1/27/2009 21:00,1.258
1/27/2009 22:00,1.039433333
1/27/2009 23:00,0.382766667
1/28/2009 0:00,2.654533333
1/28/2009 1:00,1.221633333
1/28/2009 2:00,0.725566667
1/28/2009 3:00,0.2691
1/28/2009 4:00,0.2666
1/28/2009 5:00,0.305033333
1/28/2009 6:00,0.527566667
1/28/2009 7:00,1.869066667
1/28/2009 8:00,1.630333333
1/28/2009 9:00,1.632333333
1/28/2009 10:00,2.138066667
1/28/2009 11:00,2.2313
1/28/2009 12:00,2.120466667
1/28/2009 13:00,2.0874
1/28/2009 14:00,2.334633333
1/28/2009 15:00,4.209366667
1/28/2009 16:00,4.301233333
1/28/2009 17:00,3.2322
1/28/2009 18:00,3.875333333
1/28/2009 19:00,2.379133333
1/28/2009 20:00,2.831966667
1/28/2009 21:00,1.7506
1/28/2009 22:00,0.458366667
1/28/2009 23:00,0.3104
1/29/2009 0:00,0.301333333
1/29/2009 1:00,0.273366667
1/29/2009 2:00,0.3036
1/29/2009 3:00,0.2785
1/29/2009 4:00,0.927966667
1/29/2009 5:00,0.3028
1/29/2009 6:00,0.693766667
1/29/2009 7:00,2.0624
1/29/2009 8:00,1.9141
1/29/2009 9:00,1.878333333
1/29/2009 10:00,1.380266667
1/29/2009 11:00,0.9658
1/29/2009 12:00,1.9086
1/29/2009 13:00,1.831433333
1/29/2009 14:00,1.844766667
1/29/2009 15:00,0.740433333
1/29/2009 16:00,0.9024
1/29/2009 17:00,0.706633333
1/29/2009 18:00,0.851066667
1/29/2009 19:00,1.6716
1/29/2009 20:00,1.334866667
1/29/2009 21:00,1.586533333
1/29/2009 22:00,1.207666667
1/29/2009 23:00,0.360066667
1/30/2009 0:00,0.3187
1/30/2009 1:00,0.2941
1/30/2009 2:00,0.286533333
1/30/2009 3:00,0.318766667
1/30/2009 4:00,0.297766667
1/30/2009 5:00,0.279266667
1/30/2009 6:00,1.749066667
1/30/2009 7:00,2.513333333
1/30/2009 8:00,1.920566667
1/30/2009 9:00,2.133733333
1/30/2009 10:00,1.266566667
1/30/2009 11:00,1.0696
1/30/2009 12:00,1.928366667
1/30/2009 13:00,2.015633333
1/30/2009 14:00,1.959766667
1/30/2009 15:00,1.947366667
1/30/2009 16:00,1.580466667
1/30/2009 17:00,3.019766667
1/30/2009 18:00,2.525933333
1/30/2009 19:00,1.9997
1/30/2009 20:00,1.651066667
1/30/2009 21:00,1.941166667
1/30/2009 22:00,0.933366667
1/30/2009 23:00,0.3667
1/31/2009 0:00,0.7961
1/31/2009 1:00,0.284
1/31/2009 2:00,0.289033333
1/31/2009 3:00,0.282833333
1/31/2009 4:00,0.302733333
1/31/2009 5:00,0.2695
1/31/2009 6:00,0.377633333
1/31/2009 7:00,2.6601
1/31/2009 8:00,2.436966667
1/31/2009 9:00,2.5088
1/31/2009 10:00,1.770766667
1/31/2009 11:00,3.239466667
1/31/2009 12:00,2.7857
1/31/2009 13:00,2.1998
1/31/2009 14:00,2.705266667
1/31/2009 15:00,1.261366667
1/31/2009 16:00,3.407433333
1/31/2009 17:00,5.0725
1/31/2009 18:00,3.7634
1/31/2009 19:00,4.503566667
1/31/2009 20:00,3.9
1/31/2009 21:00,3.471766667
1/31/2009 22:00,3.821666667
1/31/2009 23:00,3.1038
02-01-2009 00:00,3.321666667
02-01-2009 01:00,3.0756
02-01-2009 02:00,1.415333333
02-01-2009 03:00,0.602666667
02-01-2009 04:00,0.329433333
02-01-2009 05:00,0.3217
02-01-2009 06:00,0.324433333
02-01-2009 07:00,0.3015
02-01-2009 08:00,1.091433333
02-01-2009 09:00,1.122133333
02-01-2009 10:00,0.549833333
02-01-2009 11:00,1.4765
02-01-2009 12:00,2.0776
02-01-2009 13:00,2.143033333
02-01-2009 14:00,1.160966667
02-01-2009 15:00,0.7486
02-01-2009 16:00,2.223133333
02-01-2009 17:00,1.9017
02-01-2009 18:00,2.3366
02-01-2009 19:00,1.465533333
02-01-2009 20:00,2.289433333
02-01-2009 21:00,1.086866667
02-01-2009 22:00,0.760766667
02-01-2009 23:00,0.2812
02-02-2009 00:00,0.2756
02-02-2009 01:00,0.3015
02-02-2009 02:00,0.2748
02-02-2009 03:00,0.8642
02-02-2009 04:00,0.299166667
02-02-2009 05:00,0.278833333
02-02-2009 06:00,1.835033333
02-02-2009 07:00,2.113266667
02-02-2009 08:00,1.3669
02-02-2009 09:00,1.337833333
02-02-2009 10:00,1.3349
02-02-2009 11:00,1.3464
02-02-2009 12:00,1.325933333
02-02-2009 13:00,0.260433333
02-02-2009 14:00,0.2855
02-02-2009 15:00,0.306766667
02-02-2009 16:00,0.481366667
02-02-2009 17:00,0.319866667
02-02-2009 18:00,1.035566667
02-02-2009 19:00,2.218733333
02-02-2009 20:00,2.7483
02-02-2009 21:00,1.840233333
02-02-2009 22:00,2.395433333
02-02-2009 23:00,1.8751
02-03-2009 00:00,0.3337
02-03-2009 01:00,0.289633333
02-03-2009 02:00,0.291333333
02-03-2009 03:00,0.292666667
02-03-2009 04:00,0.3026
02-03-2009 05:00,0.283433333
02-03-2009 06:00,1.5976
02-03-2009 07:00,2.079366667
02-03-2009 08:00,1.531266667
02-03-2009 09:00,1.5868
02-03-2009 10:00,1.6326
02-03-2009 11:00,1.580666667
02-03-2009 12:00,1.712933333
02-03-2009 13:00,2.316566667
02-03-2009 14:00,1.519833333
02-03-2009 15:00,1.400833333
02-03-2009 16:00,1.394433333
02-03-2009 17:00,1.549266667
02-03-2009 18:00,1.878833333
02-03-2009 19:00,1.7648
02-03-2009 20:00,1.734033333
02-03-2009 21:00,1.760733333
02-03-2009 22:00,1.227033333
02-03-2009 23:00,1.078866667
02-04-2009 00:00,0.274266667
02-04-2009 01:00,0.264266667
02-04-2009 02:00,0.9555
02-04-2009 03:00,0.262
02-04-2009 04:00,0.266533333
02-04-2009 05:00,0.271766667
02-04-2009 06:00,2.214233333
02-04-2009 07:00,3.368766667
02-04-2009 08:00,4.0461
02-04-2009 09:00,2.644033333
02-04-2009 10:00,2.871866667
02-04-2009 11:00,1.7976
02-04-2009 12:00,1.590666667
02-04-2009 13:00,1.315166667
02-04-2009 14:00,2.651933333
02-04-2009 15:00,2.192166667
02-04-2009 16:00,1.420466667
02-04-2009 17:00,1.841533333
02-04-2009 18:00,2.5424
02-04-2009 19:00,2.556333333
02-04-2009 20:00,2.602833333
02-04-2009 21:00,1.376533333
02-04-2009 22:00,1.370233333
02-04-2009 23:00,0.3182
02-05-2009 00:00,0.342866667
02-05-2009 01:00,1.145133333
02-05-2009 02:00,0.294366667
02-05-2009 03:00,0.568033333
02-05-2009 04:00,0.809933333
02-05-2009 05:00,0.273533333
02-05-2009 06:00,1.3363
02-05-2009 07:00,1.697033333
02-05-2009 08:00,1.427733333
02-05-2009 09:00,1.5066
02-05-2009 10:00,1.3865
02-05-2009 11:00,1.341166667
02-05-2009 12:00,0.833633333
02-05-2009 13:00,1.513433333
02-05-2009 14:00,1.5414
02-05-2009 15:00,0.5696
02-05-2009 16:00,1.451633333
02-05-2009 17:00,1.1533
02-05-2009 18:00,1.474866667
02-05-2009 19:00,1.924733333
02-05-2009 20:00,2.7241
02-05-2009 21:00,0.707633333
02-05-2009 22:00,0.8102
02-05-2009 23:00,0.651066667
02-06-2009 00:00,0.3446
02-06-2009 01:00,1.031533333
02-06-2009 02:00,0.343966667
02-06-2009 03:00,0.708866667
02-06-2009 04:00,0.6614
02-06-2009 05:00,0.3359
02-06-2009 06:00,2.118033333
02-06-2009 07:00,2.2552
02-06-2009 08:00,2.525166667
02-06-2009 09:00,1.782133333
02-06-2009 10:00,2.231533333
02-06-2009 11:00,1.4457
02-06-2009 12:00,0.723166667
02-06-2009 13:00,1.099666667
02-06-2009 14:00,0.386733333
02-06-2009 15:00,0.861366667
02-06-2009 16:00,1.224833333
02-06-2009 17:00,2.373866667
02-06-2009 18:00,2.8953
02-06-2009 19:00,1.791066667
02-06-2009 20:00,1.520166667
02-06-2009 21:00,2.335066667
02-06-2009 22:00,1.727533333
02-06-2009 23:00,1.417133333
02-07-2009 00:00,1.1558
02-07-2009 01:00,0.311433333
02-07-2009 02:00,0.2756
02-07-2009 03:00,0.292566667
02-07-2009 04:00,0.279
02-07-2009 05:00,0.2603
02-07-2009 06:00,0.276333333
02-07-2009 07:00,1.1605
02-07-2009 08:00,1.918033333
02-07-2009 09:00,1.466066667
02-07-2009 10:00,2.595533333
02-07-2009 11:00,3.710333333
02-07-2009 12:00,2.1823
02-07-2009 13:00,2.886633333
02-07-2009 14:00,4.402833333
02-07-2009 15:00,3.5533
02-07-2009 16:00,3.403833333
02-07-2009 17:00,2.343766667
02-07-2009 18:00,3.049366667
02-07-2009 19:00,3.009833333
02-07-2009 20:00,4.395833333
02-07-2009 21:00,2.933466667
02-07-2009 22:00,3.5941
02-07-2009 23:00,2.7355
02-08-2009 00:00,2.455233333
02-08-2009 01:00,3.1631
02-08-2009 02:00,1.3985
02-08-2009 03:00,1.396266667
02-08-2009 04:00,0.846666667
02-08-2009 05:00,0.292066667
02-08-2009 06:00,0.2893
02-08-2009 07:00,0.32
02-08-2009 08:00,0.2967
02-08-2009 09:00,0.967566667
02-08-2009 10:00,1.660066667
02-08-2009 11:00,1.553066667
02-08-2009 12:00,1.380766667
02-08-2009 13:00,2.060566667
02-08-2009 14:00,0.4966
02-08-2009 15:00,0.767133333
02-08-2009 16:00,2.334066667
02-08-2009 17:00,2.209433333
02-08-2009 18:00,3.728933333
02-08-2009 19:00,3.009333333
02-08-2009 20:00,3.532633333
02-08-2009 21:00,1.384933333
02-08-2009 22:00,0.491466667
02-08-2009 23:00,0.3467
02-09-2009 00:00,0.310633333
02-09-2009 01:00,0.8632
02-09-2009 02:00,0.324833333
02-09-2009 03:00,0.3102
02-09-2009 04:00,0.273666667
02-09-2009 05:00,0.280933333
02-09-2009 06:00,1.3206
02-09-2009 07:00,2.4069
02-09-2009 08:00,1.894066667
02-09-2009 09:00,1.3527
02-09-2009 10:00,1.439166667
02-09-2009 11:00,2.084033333
02-09-2009 12:00,2.3414
02-09-2009 13:00,2.3981
02-09-2009 14:00,0.947533333
02-09-2009 15:00,0.7392
02-09-2009 16:00,0.4772
02-09-2009 17:00,0.9062
02-09-2009 18:00,1.216133333
02-09-2009 19:00,2.8116
02-09-2009 20:00,1.689566667
02-09-2009 21:00,1.0875
02-09-2009 22:00,0.6504
02-09-2009 23:00,0.3182
02-10-2009 00:00,1.108433333
02-10-2009 01:00,0.272966667
02-10-2009 02:00,0.269566667
02-10-2009 03:00,0.3
02-10-2009 04:00,0.2778
02-10-2009 05:00,0.2727
02-10-2009 06:00,0.7643
02-10-2009 07:00,2.4165
02-10-2009 08:00,1.817333333
02-10-2009 09:00,1.778966667
02-10-2009 10:00,1.7233
02-10-2009 11:00,1.3493
02-10-2009 12:00,1.5753
02-10-2009 13:00,1.8954
02-10-2009 14:00,1.777766667
02-10-2009 15:00,1.803633333
02-10-2009 16:00,1.8409
02-10-2009 17:00,1.293266667
02-10-2009 18:00,1.303866667
02-10-2009 19:00,1.756233333
02-10-2009 20:00,2.2601
02-10-2009 21:00,1.413533333
02-10-2009 22:00,1.704633333
02-10-2009 23:00,1.421233333
02-11-2009 00:00,0.9705
02-11-2009 01:00,0.270566667
02-11-2009 02:00,0.267233333
02-11-2009 03:00,0.2964
02-11-2009 04:00,0.274866667
02-11-2009 05:00,0.266766667
02-11-2009 06:00,1.2882
02-11-2009 07:00,2.343966667
02-11-2009 08:00,1.463533333
02-11-2009 09:00,1.507966667
02-11-2009 10:00,2.372266667
02-11-2009 11:00,2.2017
02-11-2009 12:00,4.249266667
02-11-2009 13:00,3.4674
02-11-2009 14:00,2.2748
02-11-2009 15:00,1.6618
02-11-2009 16:00,0.7016
02-11-2009 17:00,1.0134
02-11-2009 18:00,5.2338
02-11-2009 19:00,2.367033333
02-11-2009 20:00,4.064366667
02-11-2009 21:00,3.466833333
02-11-2009 22:00,1.624133333
02-11-2009 23:00,0.341433333
02-12-2009 00:00,0.301633333
02-12-2009 01:00,0.307866667
02-12-2009 02:00,1.0226
02-12-2009 03:00,0.2824
02-12-2009 04:00,0.300966667
02-12-2009 05:00,0.294
02-12-2009 06:00,1.082133333
02-12-2009 07:00,2.716133333
02-12-2009 08:00,1.525233333
02-12-2009 09:00,1.359966667
02-12-2009 10:00,1.474466667
02-12-2009 11:00,1.623866667
02-12-2009 12:00,1.610766667
02-12-2009 13:00,1.734366667
02-12-2009 14:00,1.348633333
02-12-2009 15:00,1.363466667
02-12-2009 16:00,1.414633333
02-12-2009 17:00,1.366166667
02-12-2009 18:00,1.460366667
02-12-2009 19:00,2.880766667
02-12-2009 20:00,3.2651
02-12-2009 21:00,2.7995
02-12-2009 22:00,0.9861
02-12-2009 23:00,0.289866667
2/13/2009 0:00,0.2697
2/13/2009 1:00,0.2949
2/13/2009 2:00,0.265966667
2/13/2009 3:00,0.272733333
2/13/2009 4:00,0.296366667
2/13/2009 5:00,0.263033333
2/13/2009 6:00,0.643866667
2/13/2009 7:00,1.9198
2/13/2009 8:00,2.654733333
2/13/2009 9:00,1.520666667
2/13/2009 10:00,1.735533333
2/13/2009 11:00,1.323133333
2/13/2009 12:00,1.335833333
2/13/2009 13:00,1.361766667
2/13/2009 14:00,1.360166667
2/13/2009 15:00,0.989666667
2/13/2009 16:00,0.9286
2/13/2009 17:00,1.896933333
2/13/2009 18:00,1.341333333
2/13/2009 19:00,3.008166667
2/13/2009 20:00,1.7528
2/13/2009 21:00,1.4446
2/13/2009 22:00,0.9541
2/13/2009 23:00,0.332633333
2/14/2009 0:00,0.3277
2/14/2009 1:00,0.326633333
2/14/2009 2:00,0.272266667
2/14/2009 3:00,0.261133333
2/14/2009 4:00,0.261966667
2/14/2009 5:00,0.5269
2/14/2009 6:00,1.1724
2/14/2009 7:00,2.1492
2/14/2009 8:00,2.160466667
2/14/2009 9:00,1.503766667
2/14/2009 10:00,1.4796
2/14/2009 11:00,3.4953
2/14/2009 12:00,2.0027
2/14/2009 13:00,2.333966667
2/14/2009 14:00,1.657733333
2/14/2009 15:00,2.928266667
2/14/2009 16:00,2.0024
2/14/2009 17:00,1.4496
2/14/2009 18:00,2.119
2/14/2009 19:00,2.390266667
2/14/2009 20:00,2.581833333
2/14/2009 21:00,1.8936
2/14/2009 22:00,1.700633333
2/14/2009 23:00,1.9275
2/15/2009 0:00,1.391233333
2/15/2009 1:00,1.363333333
2/15/2009 2:00,1.348766667
2/15/2009 3:00,1.356133333
2/15/2009 4:00,1.339033333
2/15/2009 5:00,1.365133333
2/15/2009 6:00,1.346
2/15/2009 7:00,1.3188
2/15/2009 8:00,1.616733333
2/15/2009 9:00,2.076466667
2/15/2009 10:00,1.8046
2/15/2009 11:00,1.9794
2/15/2009 12:00,1.3689
2/15/2009 13:00,1.356933333
2/15/2009 14:00,0.488266667
2/15/2009 15:00,0.2892
2/15/2009 16:00,0.261266667
2/15/2009 17:00,0.357133333
2/15/2009 18:00,0.9274
2/15/2009 19:00,0.912633333
2/15/2009 20:00,0.4305
2/15/2009 21:00,1.012333333
2/15/2009 22:00,0.365566667
2/15/2009 23:00,0.3581
2/16/2009 0:00,0.386466667
2/16/2009 1:00,0.3705
2/16/2009 2:00,0.359466667
2/16/2009 3:00,0.372433333
2/16/2009 4:00,0.392766667
2/16/2009 5:00,0.4008
2/16/2009 6:00,1.140033333
2/16/2009 7:00,0.3862
2/16/2009 8:00,0.358566667
2/16/2009 9:00,0.637566667
2/16/2009 10:00,0.7396
2/16/2009 11:00,0.783266667
2/16/2009 12:00,0.712066667
2/16/2009 13:00,0.3889
2/16/2009 14:00,0.369033333
2/16/2009 15:00,1.0002
2/16/2009 16:00,0.6862
2/16/2009 17:00,1.069533333
2/16/2009 18:00,1.954966667
2/16/2009 19:00,3.1627
2/16/2009 20:00,2.226866667
2/16/2009 21:00,1.652
2/16/2009 22:00,1.3785
2/16/2009 23:00,1.0546
2/17/2009 0:00,0.2517
2/17/2009 1:00,0.2945
2/17/2009 2:00,0.251466667
2/17/2009 3:00,0.251866667
2/17/2009 4:00,0.295466667
2/17/2009 5:00,0.2523
2/17/2009 6:00,0.571233333
2/17/2009 7:00,0.476366667
2/17/2009 8:00,2.162366667
2/17/2009 9:00,0.547633333
2/17/2009 10:00,0.790233333
2/17/2009 11:00,1.333333333
2/17/2009 12:00,1.347233333
2/17/2009 13:00,0.42
2/17/2009 14:00,0.2513
2/17/2009 15:00,0.318166667
2/17/2009 16:00,0.394466667
2/17/2009 17:00,0.354333333
2/17/2009 18:00,0.355366667
2/17/2009 19:00,0.614466667
2/17/2009 20:00,0.705633333
2/17/2009 21:00,0.3835
2/17/2009 22:00,0.367633333
2/17/2009 23:00,0.3734
2/18/2009 0:00,0.387
2/18/2009 1:00,0.349333333
2/18/2009 2:00,0.358266667
2/18/2009 3:00,0.3985
2/18/2009 4:00,0.6129
2/18/2009 5:00,0.814466667
2/18/2009 6:00,0.3992
2/18/2009 7:00,0.348333333
2/18/2009 8:00,0.3484
2/18/2009 9:00,0.387666667
2/18/2009 10:00,0.873566667
2/18/2009 11:00,1.332033333
2/18/2009 12:00,1.3415
2/18/2009 13:00,1.327433333
2/18/2009 14:00,0.616833333
2/18/2009 15:00,0.255366667
2/18/2009 16:00,0.2613
2/18/2009 17:00,0.2924
2/18/2009 18:00,0.4517
2/18/2009 19:00,0.3769
2/18/2009 20:00,0.3959
2/18/2009 21:00,0.688633333
2/18/2009 22:00,0.7493
2/18/2009 23:00,0.407233333
2/19/2009 0:00,0.355633333
2/19/2009 1:00,0.357166667
2/19/2009 2:00,0.3869
2/19/2009 3:00,0.3517
2/19/2009 4:00,0.3637
2/19/2009 5:00,0.3712
2/19/2009 6:00,0.447833333
2/19/2009 7:00,1.1458
2/19/2009 8:00,0.3717
2/19/2009 9:00,0.356833333
2/19/2009 10:00,0.361233333
2/19/2009 11:00,0.4391
2/19/2009 12:00,0.6068
2/19/2009 13:00,0.743366667
2/19/2009 14:00,0.971533333
2/19/2009 15:00,0.5941
2/19/2009 16:00,1.097633333
2/19/2009 17:00,0.748966667
2/19/2009 18:00,0.3586
2/19/2009 19:00,0.376033333
2/19/2009 20:00,0.346333333
2/19/2009 21:00,0.371066667
2/19/2009 22:00,0.397466667
2/19/2009 23:00,0.3671
2/20/2009 0:00,0.363833333
2/20/2009 1:00,0.386333333
2/20/2009 2:00,1.001566667
2/20/2009 3:00,0.720566667
2/20/2009 4:00,0.391233333
2/20/2009 5:00,0.3515
2/20/2009 6:00,0.3658
2/20/2009 7:00,0.4075
2/20/2009 8:00,1.245333333
2/20/2009 9:00,0.759533333
2/20/2009 10:00,0.816366667
2/20/2009 11:00,1.286366667
2/20/2009 12:00,1.746
2/20/2009 13:00,0.972766667
2/20/2009 14:00,0.725266667
2/20/2009 15:00,0.682066667
2/20/2009 16:00,0.755466667
2/20/2009 17:00,3.424766667
2/20/2009 18:00,2.961033333
2/20/2009 19:00,3.020166667
2/20/2009 20:00,2.5587
2/20/2009 21:00,2.244566667
2/20/2009 22:00,2.5548
2/20/2009 23:00,1.604066667
2/21/2009 0:00,1.790766667
2/21/2009 1:00,1.736533333
2/21/2009 2:00,1.772833333
2/21/2009 3:00,1.949066667
2/21/2009 4:00,1.759133333
2/21/2009 5:00,0.284966667
2/21/2009 6:00,1.0932
2/21/2009 7:00,0.3177
2/21/2009 8:00,0.347966667
2/21/2009 9:00,0.474133333
2/21/2009 10:00,0.639033333
2/21/2009 11:00,1.1653
2/21/2009 12:00,1.5186
2/21/2009 13:00,1.885566667
2/21/2009 14:00,0.6933
2/21/2009 15:00,0.852166667
2/21/2009 16:00,0.3159
2/21/2009 17:00,0.506933333
2/21/2009 18:00,0.3926
2/21/2009 19:00,0.350066667
2/21/2009 20:00,0.351466667
2/21/2009 21:00,1.0146
2/21/2009 22:00,0.356666667
2/21/2009 23:00,0.3679
2/22/2009 0:00,0.394566667
2/22/2009 1:00,0.369433333
2/22/2009 2:00,0.3898
2/22/2009 3:00,0.364766667
2/22/2009 4:00,0.366733333
2/22/2009 5:00,0.3878
2/22/2009 6:00,0.926433333
2/22/2009 7:00,0.548
2/22/2009 8:00,0.404433333
2/22/2009 9:00,0.355166667
2/22/2009 10:00,0.411
2/22/2009 11:00,1.011533333
2/22/2009 12:00,0.262766667
2/22/2009 13:00,0.275066667
2/22/2009 14:00,0.264366667
2/22/2009 15:00,0.576833333
2/22/2009 16:00,3.7188
2/22/2009 17:00,4.829433333
2/22/2009 18:00,3.998366667
2/22/2009 19:00,3.848166667
2/22/2009 20:00,4.488933333
2/22/2009 21:00,4.673766667
2/22/2009 22:00,2.233366667
2/22/2009 23:00,2.208433333
2/23/2009 0:00,1.4452
2/23/2009 1:00,1.359233333
2/23/2009 2:00,1.399866667
2/23/2009 3:00,1.347633333
2/23/2009 4:00,1.3727
2/23/2009 5:00,1.358833333
2/23/2009 6:00,1.840133333
2/23/2009 7:00,3.542533333
2/23/2009 8:00,3.5298
2/23/2009 9:00,2.4838
2/23/2009 10:00,1.517633333
2/23/2009 11:00,1.550966667
2/23/2009 12:00,1.601433333
2/23/2009 13:00,1.762633333
2/23/2009 14:00,1.610133333
2/23/2009 15:00,1.609866667
2/23/2009 16:00,1.323066667
2/23/2009 17:00,0.761366667
2/23/2009 18:00,1.162066667
2/23/2009 19:00,1.409633333
2/23/2009 20:00,3.091133333
2/23/2009 21:00,1.7947
2/23/2009 22:00,4.494166667
2/23/2009 23:00,2.1924
2/24/2009 0:00,1.362866667
2/24/2009 1:00,0.540933333
2/24/2009 2:00,0.298133333
2/24/2009 3:00,0.319366667
2/24/2009 4:00,0.295233333
2/24/2009 5:00,0.284266667
2/24/2009 6:00,0.921133333
2/24/2009 7:00,1.884366667
2/24/2009 8:00,3.147066667
2/24/2009 9:00,1.877066667
2/24/2009 10:00,1.385033333
2/24/2009 11:00,1.558833333
2/24/2009 12:00,1.461166667
2/24/2009 13:00,1.469233333
2/24/2009 14:00,1.340333333
2/24/2009 15:00,1.3832
2/24/2009 16:00,1.358533333
2/24/2009 17:00,1.351933333
2/24/2009 18:00,1.539933333
2/24/2009 19:00,1.686566667
2/24/2009 20:00,1.3029
2/24/2009 21:00,2.113433333
2/24/2009 22:00,0.4991
2/24/2009 23:00,0.338433333
2/25/2009 0:00,0.3001
2/25/2009 1:00,0.326033333
2/25/2009 2:00,0.321166667
2/25/2009 3:00,0.3017
2/25/2009 4:00,0.339166667
2/25/2009 5:00,0.943966667
2/25/2009 6:00,1.2971
2/25/2009 7:00,2.099
2/25/2009 8:00,1.883133333
2/25/2009 9:00,0.952266667
2/25/2009 10:00,1.089
2/25/2009 11:00,1.325133333
2/25/2009 12:00,1.346966667
2/25/2009 13:00,0.319
2/25/2009 14:00,0.275133333
2/25/2009 15:00,0.310166667
2/25/2009 16:00,0.269933333
2/25/2009 17:00,0.298266667
2/25/2009 18:00,0.2746
2/25/2009 19:00,0.978433333
2/25/2009 20:00,1.695233333
2/25/2009 21:00,1.718266667
2/25/2009 22:00,0.533466667
2/25/2009 23:00,0.300166667
2/26/2009 0:00,0.265133333
2/26/2009 1:00,0.295333333
2/26/2009 2:00,0.285433333
2/26/2009 3:00,0.770133333
2/26/2009 4:00,0.3922
2/26/2009 5:00,0.2677
2/26/2009 6:00,0.854966667
2/26/2009 7:00,1.5148
2/26/2009 8:00,1.4165
2/26/2009 9:00,1.320833333
2/26/2009 10:00,1.337666667
2/26/2009 11:00,1.299066667
2/26/2009 12:00,1.111466667
2/26/2009 13:00,0.2922
2/26/2009 14:00,0.2724
2/26/2009 15:00,0.3024
2/26/2009 16:00,0.275666667
2/26/2009 17:00,0.684033333
2/26/2009 18:00,1.687633333
2/26/2009 19:00,1.926033333
2/26/2009 20:00,0.529266667
2/26/2009 21:00,1.3751
2/26/2009 22:00,0.375466667
2/26/2009 23:00,0.429433333
2/27/2009 0:00,0.486366667
2/27/2009 1:00,1.110633333
2/27/2009 2:00,0.5007
2/27/2009 3:00,0.463966667
2/27/2009 4:00,0.2727
2/27/2009 5:00,0.305766667
2/27/2009 6:00,0.440133333
2/27/2009 7:00,1.9826
2/27/2009 8:00,1.246733333
2/27/2009 9:00,0.589733333
2/27/2009 10:00,0.889066667
2/27/2009 11:00,1.6544
2/27/2009 12:00,1.9835
2/27/2009 13:00,2.0255
2/27/2009 14:00,2.029133333
2/27/2009 15:00,2.543466667
2/27/2009 16:00,2.137
2/27/2009 17:00,1.918766667
2/27/2009 18:00,1.7623
2/27/2009 19:00,1.962833333
2/27/2009 20:00,2.6074
2/27/2009 21:00,2.536133333
2/27/2009 22:00,1.8705
2/27/2009 23:00,0.495966667
2/28/2009 0:00,0.4106
2/28/2009 1:00,0.377366667
2/28/2009 2:00,0.376666667
2/28/2009 3:00,0.400866667
2/28/2009 4:00,0.377
2/28/2009 5:00,0.364333333
2/28/2009 6:00,0.8639
2/28/2009 7:00,0.859866667
2/28/2009 8:00,0.5303
2/28/2009 9:00,1.700333333
2/28/2009 10:00,1.319333333
2/28/2009 11:00,2.091866667
2/28/2009 12:00,1.6829
2/28/2009 13:00,1.584333333
2/28/2009 14:00,0.556266667
2/28/2009 15:00,0.3685
2/28/2009 16:00,1.175233333
2/28/2009 17:00,2.7699
2/28/2009 18:00,3.195366667
2/28/2009 19:00,2.7373
2/28/2009 20:00,0.7025
2/28/2009 21:00,0.995266667
2/28/2009 22:00,0.4516
2/28/2009 23:00,1.287566667
03-01-2009 00:00,0.560066667
03-01-2009 01:00,0.369833333
03-01-2009 02:00,0.3197
03-01-2009 03:00,0.363866667
03-01-2009 04:00,0.324633333
03-01-2009 05:00,0.3238
03-01-2009 06:00,0.3407
03-01-2009 07:00,0.7921
03-01-2009 08:00,0.946733333
03-01-2009 09:00,3.2769
03-01-2009 10:00,3.732933333
03-01-2009 11:00,2.738766667
03-01-2009 12:00,3.216566667
03-01-2009 13:00,1.725333333
03-01-2009 14:00,2.055233333
03-01-2009 15:00,4.029733333
03-01-2009 16:00,4.3942
03-01-2009 17:00,1.354033333
03-01-2009 18:00,1.699366667
03-01-2009 19:00,1.794833333
03-01-2009 20:00,3.3943
03-01-2009 21:00,2.4389
03-01-2009 22:00,0.561133333
03-01-2009 23:00,0.378766667
03-02-2009 00:00,0.350966667
03-02-2009 01:00,0.335766667
03-02-2009 02:00,0.352333333
03-02-2009 03:00,0.8287
03-02-2009 04:00,0.348866667
03-02-2009 05:00,0.3349
03-02-2009 06:00,0.759666667
03-02-2009 07:00,2.203033333
03-02-2009 08:00,1.417466667
03-02-2009 09:00,1.447033333
03-02-2009 10:00,1.613766667
03-02-2009 11:00,0.944333333
03-02-2009 12:00,0.753733333
03-02-2009 13:00,0.718866667
03-02-2009 14:00,0.674933333
03-02-2009 15:00,1.574966667
03-02-2009 16:00,1.974366667
03-02-2009 17:00,0.630366667
03-02-2009 18:00,0.5396
03-02-2009 19:00,1.676233333
03-02-2009 20:00,2.701366667
03-02-2009 21:00,1.5148
03-02-2009 22:00,0.5556
03-02-2009 23:00,0.372366667
03-03-2009 00:00,0.3183
03-03-2009 01:00,0.326233333
03-03-2009 02:00,0.993066667
03-03-2009 03:00,0.331266667
03-03-2009 04:00,0.346266667
03-03-2009 05:00,0.317066667
03-03-2009 06:00,1.387566667
03-03-2009 07:00,2.806833333
03-03-2009 08:00,2.345133333
03-03-2009 09:00,2.087466667
03-03-2009 10:00,1.443766667
03-03-2009 11:00,1.592833333
03-03-2009 12:00,1.611433333
03-03-2009 13:00,1.512966667
03-03-2009 14:00,1.579266667
03-03-2009 15:00,1.430633333
03-03-2009 16:00,1.395866667
03-03-2009 17:00,0.815566667
03-03-2009 18:00,0.6811
03-03-2009 19:00,1.351133333
03-03-2009 20:00,2.2728
03-03-2009 21:00,2.105433333
03-03-2009 22:00,1.429
03-03-2009 23:00,0.334866667
03-04-2009 00:00,1.0519
03-04-2009 01:00,0.337466667
03-04-2009 02:00,0.320933333
03-04-2009 03:00,0.340066667
03-04-2009 04:00,0.3282
03-04-2009 05:00,0.3099
03-04-2009 06:00,0.9533
03-04-2009 07:00,2.803666667
03-04-2009 08:00,1.478866667
03-04-2009 09:00,1.501266667
03-04-2009 10:00,1.519266667
03-04-2009 11:00,1.843433333
03-04-2009 12:00,0.707466667
03-04-2009 13:00,0.974333333
03-04-2009 14:00,1.353466667
03-04-2009 15:00,1.896166667
03-04-2009 16:00,0.4314
03-04-2009 17:00,0.904066667
03-04-2009 18:00,2.683
03-04-2009 19:00,2.048766667
03-04-2009 20:00,1.5395
03-04-2009 21:00,2.4241
03-04-2009 22:00,1.993766667
03-04-2009 23:00,0.957866667
03-05-2009 00:00,0.4176
03-05-2009 01:00,0.410733333
03-05-2009 02:00,0.3952
03-05-2009 03:00,0.3904
03-05-2009 04:00,0.384666667
03-05-2009 05:00,1.006866667
03-05-2009 06:00,0.833433333
03-05-2009 07:00,2.3745
03-05-2009 08:00,1.5645
03-05-2009 09:00,1.441866667
03-05-2009 10:00,1.421133333
03-05-2009 11:00,1.422566667
03-05-2009 12:00,1.4672
03-05-2009 13:00,1.421466667
03-05-2009 14:00,0.614433333
03-05-2009 15:00,0.386733333
03-05-2009 16:00,0.357733333
03-05-2009 17:00,0.509366667
03-05-2009 18:00,1.183633333
03-05-2009 19:00,2.1023
03-05-2009 20:00,2.3348
03-05-2009 21:00,0.6645
03-05-2009 22:00,0.487933333
03-05-2009 23:00,0.436633333
03-06-2009 00:00,0.376
03-06-2009 01:00,0.401366667
03-06-2009 02:00,0.3564
03-06-2009 03:00,0.573933333
03-06-2009 04:00,1.016866667
03-06-2009 05:00,0.360733333
03-06-2009 06:00,1.2648
03-06-2009 07:00,2.236266667
03-06-2009 08:00,1.605133333
03-06-2009 09:00,1.464666667
03-06-2009 10:00,1.432
03-06-2009 11:00,1.170266667
03-06-2009 12:00,0.761833333
03-06-2009 13:00,0.7295
03-06-2009 14:00,1.443133333
03-06-2009 15:00,1.655666667
03-06-2009 16:00,1.598133333
03-06-2009 17:00,1.3999
03-06-2009 18:00,1.213366667
03-06-2009 19:00,1.807133333
03-06-2009 20:00,3.375666667
03-06-2009 21:00,2.1808
03-06-2009 22:00,0.9637
03-06-2009 23:00,0.3373
03-07-2009 00:00,0.320466667
03-07-2009 01:00,0.867166667
03-07-2009 02:00,0.325266667
03-07-2009 03:00,0.3199
03-07-2009 04:00,0.350133333
03-07-2009 05:00,0.321
03-07-2009 06:00,1.100433333
03-07-2009 07:00,1.8947
03-07-2009 08:00,1.706433333
03-07-2009 09:00,1.406433333
03-07-2009 10:00,1.353
03-07-2009 11:00,0.591566667
03-07-2009 12:00,1.0741
03-07-2009 13:00,0.974966667
03-07-2009 14:00,1.537
03-07-2009 15:00,1.5075
03-07-2009 16:00,1.495133333
03-07-2009 17:00,2.637633333
03-07-2009 18:00,2.670733333
03-07-2009 19:00,2.4569
03-07-2009 20:00,1.5681
03-07-2009 21:00,0.871666667
03-07-2009 22:00,0.450333333
03-07-2009 23:00,0.473866667
03-08-2009 00:00,0.4268
03-08-2009 01:00,0.565
03-08-2009 02:00,0.364333333
03-08-2009 03:00,0.2806
03-08-2009 04:00,0.8967
03-08-2009 05:00,0.572266667
03-08-2009 06:00,0.306733333
03-08-2009 07:00,0.4255
03-08-2009 08:00,0.441466667
03-08-2009 09:00,2.079466667
03-08-2009 10:00,2.8723
03-08-2009 11:00,4.053433333
03-08-2009 12:00,3.393166667
03-08-2009 13:00,1.6431
03-08-2009 14:00,2.283266667
03-08-2009 15:00,1.9161
03-08-2009 16:00,2.159366667
03-08-2009 17:00,2.4196
03-08-2009 18:00,3.414766667
03-08-2009 19:00,1.6009
03-08-2009 20:00,1.095066667
03-08-2009 21:00,3.850466667
03-08-2009 22:00,1.862933333
03-08-2009 23:00,0.362766667
03-09-2009 00:00,0.3443
03-09-2009 01:00,0.310633333
03-09-2009 02:00,0.312166667
03-09-2009 03:00,0.301733333
03-09-2009 04:00,0.291733333
03-09-2009 05:00,0.707266667
03-09-2009 06:00,0.991633333
03-09-2009 07:00,2.173833333
03-09-2009 08:00,1.3641
03-09-2009 09:00,1.3426
03-09-2009 10:00,1.412466667
03-09-2009 11:00,1.6074
03-09-2009 12:00,1.7532
03-09-2009 13:00,1.751133333
03-09-2009 14:00,2.494666667
03-09-2009 15:00,0.5736
03-09-2009 16:00,0.389966667
03-09-2009 17:00,0.625866667
03-09-2009 18:00,0.5822
03-09-2009 19:00,1.804533333
03-09-2009 20:00,2.5635
03-09-2009 21:00,2.418933333
03-09-2009 22:00,0.890966667
03-09-2009 23:00,1.084166667
03-10-2009 00:00,0.329533333
03-10-2009 01:00,0.359933333
03-10-2009 02:00,0.3293
03-10-2009 03:00,1.0853
03-10-2009 04:00,0.3511
03-10-2009 05:00,0.330033333
03-10-2009 06:00,1.138
03-10-2009 07:00,2.953733333
03-10-2009 08:00,1.804066667
03-10-2009 09:00,1.6681
03-10-2009 10:00,1.8621
03-10-2009 11:00,1.4443
03-10-2009 12:00,1.5676
03-10-2009 13:00,1.529333333
03-10-2009 14:00,1.534566667
03-10-2009 15:00,1.5053
03-10-2009 16:00,0.5203
03-10-2009 17:00,0.569833333
03-10-2009 18:00,1.0417
03-10-2009 19:00,1.6924
03-10-2009 20:00,1.4278
03-10-2009 21:00,1.860266667
03-10-2009 22:00,1.7977
03-10-2009 23:00,1.9012
03-11-2009 00:00,1.085666667
03-11-2009 01:00,0.9606
03-11-2009 02:00,1.028266667
03-11-2009 03:00,1.0139
03-11-2009 04:00,0.8597
03-11-2009 05:00,1.0074
03-11-2009 06:00,1.7675
03-11-2009 07:00,2.907333333
03-11-2009 08:00,2.147033333
03-11-2009 09:00,2.094433333
03-11-2009 10:00,1.6746
03-11-2009 11:00,3.2493
03-11-2009 12:00,1.704133333
03-11-2009 13:00,1.394633333
03-11-2009 14:00,3.326933333
03-11-2009 15:00,2.005233333
03-11-2009 16:00,0.7413
03-11-2009 17:00,1.960266667
03-11-2009 18:00,1.754133333
03-11-2009 19:00,0.948766667
03-11-2009 20:00,1.486766667
03-11-2009 21:00,3.550533333
03-11-2009 22:00,1.070966667
03-11-2009 23:00,0.359
03-12-2009 00:00,0.292433333
03-12-2009 01:00,0.3047
03-12-2009 02:00,0.2955
03-12-2009 03:00,0.3119
03-12-2009 04:00,0.272533333
03-12-2009 05:00,0.9213
03-12-2009 06:00,1.5734
03-12-2009 07:00,3.175133333
03-12-2009 08:00,1.9252
03-12-2009 09:00,1.831533333
03-12-2009 10:00,1.8476
03-12-2009 11:00,1.955
03-12-2009 12:00,1.504533333
03-12-2009 13:00,1.716533333
03-12-2009 14:00,1.902133333
03-12-2009 15:00,1.843266667
03-12-2009 16:00,1.747966667
03-12-2009 17:00,1.181766667
03-12-2009 18:00,0.662966667
03-12-2009 19:00,1.761033333
03-12-2009 20:00,1.932133333
03-12-2009 21:00,1.684733333
03-12-2009 22:00,0.5319
03-12-2009 23:00,0.279133333
3/13/2009 0:00,0.281466667
3/13/2009 1:00,0.313466667
3/13/2009 2:00,0.2774
3/13/2009 3:00,0.660866667
3/13/2009 4:00,0.6715
3/13/2009 5:00,0.2839
3/13/2009 6:00,1.375333333
3/13/2009 7:00,2.242366667
3/13/2009 8:00,1.4423
3/13/2009 9:00,1.326733333
3/13/2009 10:00,1.339133333
3/13/2009 11:00,1.2999
3/13/2009 12:00,0.294866667
3/13/2009 13:00,0.6316
3/13/2009 14:00,0.8527
3/13/2009 15:00,0.421433333
3/13/2009 16:00,0.970766667
3/13/2009 17:00,1.4001
3/13/2009 18:00,1.493566667
3/13/2009 19:00,1.281233333
3/13/2009 20:00,1.780133333
3/13/2009 21:00,1.589233333
3/13/2009 22:00,1.549833333
3/13/2009 23:00,0.312166667
3/14/2009 0:00,0.284
3/14/2009 1:00,0.296033333
3/14/2009 2:00,0.267366667
3/14/2009 3:00,0.277233333
3/14/2009 4:00,0.305
3/14/2009 5:00,0.821566667
3/14/2009 6:00,0.391733333
3/14/2009 7:00,1.928033333
3/14/2009 8:00,1.9052
3/14/2009 9:00,1.5211
3/14/2009 10:00,2.071833333
3/14/2009 11:00,1.781733333
3/14/2009 12:00,1.525533333
3/14/2009 13:00,1.4439
3/14/2009 14:00,1.438566667
3/14/2009 15:00,1.410033333
3/14/2009 16:00,1.117233333
3/14/2009 17:00,1.0828
3/14/2009 18:00,2.489966667
3/14/2009 19:00,2.54
3/14/2009 20:00,2.489866667
3/14/2009 21:00,2.5671
3/14/2009 22:00,2.9716
3/14/2009 23:00,2.8897
3/15/2009 0:00,1.688933333
3/15/2009 1:00,1.538433333
3/15/2009 2:00,1.4987
3/15/2009 3:00,0.357366667
3/15/2009 4:00,0.280033333
3/15/2009 5:00,0.294933333
3/15/2009 6:00,0.2679
3/15/2009 7:00,0.373133333
3/15/2009 8:00,1.661133333
3/15/2009 9:00,3.3291
3/15/2009 10:00,1.5265
3/15/2009 11:00,1.2747
3/15/2009 12:00,1.618266667
3/15/2009 13:00,0.811233333
3/15/2009 14:00,2.634566667
3/15/2009 15:00,1.371166667
3/15/2009 16:00,0.482733333
3/15/2009 17:00,1.428966667
3/15/2009 18:00,0.594033333
3/15/2009 19:00,2.2332
3/15/2009 20:00,1.563566667
3/15/2009 21:00,1.521
3/15/2009 22:00,2.7487
3/15/2009 23:00,1.2694
3/16/2009 0:00,0.369433333
3/16/2009 1:00,0.312166667
3/16/2009 2:00,0.290833333
3/16/2009 3:00,0.299233333
3/16/2009 4:00,0.276866667
3/16/2009 5:00,0.264
3/16/2009 6:00,1.637466667
3/16/2009 7:00,1.950333333
3/16/2009 8:00,1.362966667
3/16/2009 9:00,1.351366667
3/16/2009 10:00,1.3597
3/16/2009 11:00,1.3736
3/16/2009 12:00,1.351733333
3/16/2009 13:00,1.019466667
3/16/2009 14:00,0.2663
3/16/2009 15:00,0.277666667
3/16/2009 16:00,0.315533333
3/16/2009 17:00,0.297866667
3/16/2009 18:00,0.318733333
3/16/2009 19:00,0.9918
3/16/2009 20:00,1.7002
3/16/2009 21:00,2.843266667
3/16/2009 22:00,1.656866667
3/16/2009 23:00,0.379833333
3/17/2009 0:00,0.3024
3/17/2009 1:00,0.3151
3/17/2009 2:00,0.984333333
3/17/2009 3:00,0.263766667
3/17/2009 4:00,0.304866667
3/17/2009 5:00,0.2747
3/17/2009 6:00,0.687266667
3/17/2009 7:00,1.785733333
3/17/2009 8:00,2.1597
3/17/2009 9:00,1.612033333
3/17/2009 10:00,1.962733333
3/17/2009 11:00,1.7051
3/17/2009 12:00,1.4688
3/17/2009 13:00,1.479866667
3/17/2009 14:00,1.533333333
3/17/2009 15:00,1.4693
3/17/2009 16:00,1.274633333
3/17/2009 17:00,0.394766667
3/17/2009 18:00,0.4103
3/17/2009 19:00,2.325633333
3/17/2009 20:00,3.874666667
3/17/2009 21:00,2.736433333
3/17/2009 22:00,2.228033333
3/17/2009 23:00,0.645
3/18/2009 0:00,0.322133333
3/18/2009 1:00,0.560133333
3/18/2009 2:00,0.717733333
3/18/2009 3:00,0.315433333
3/18/2009 4:00,0.269766667
3/18/2009 5:00,0.303233333
3/18/2009 6:00,1.125566667
3/18/2009 7:00,1.855066667
3/18/2009 8:00,1.3858
3/18/2009 9:00,1.3394
3/18/2009 10:00,1.426533333
3/18/2009 11:00,1.5093
3/18/2009 12:00,1.5359
3/18/2009 13:00,1.420866667
3/18/2009 14:00,1.410866667
3/18/2009 15:00,0.7281
3/18/2009 16:00,0.3809
3/18/2009 17:00,0.398866667
3/18/2009 18:00,0.338466667
3/18/2009 19:00,1.004533333
3/18/2009 20:00,1.027633333
3/18/2009 21:00,2.547233333
3/18/2009 22:00,1.9756
3/18/2009 23:00,0.278933333
3/19/2009 0:00,0.310733333
3/19/2009 1:00,0.267366667
3/19/2009 2:00,0.3107
3/19/2009 3:00,0.290366667
3/19/2009 4:00,0.2712
3/19/2009 5:00,0.484733333
3/19/2009 6:00,1.283633333
3/19/2009 7:00,1.877866667
3/19/2009 8:00,1.360166667
3/19/2009 9:00,1.3388
3/19/2009 10:00,1.3481
3/19/2009 11:00,1.318166667
3/19/2009 12:00,1.3547
3/19/2009 13:00,1.347066667
3/19/2009 14:00,1.3564
3/19/2009 15:00,0.3387
3/19/2009 16:00,0.2688
3/19/2009 17:00,0.296666667
3/19/2009 18:00,0.380366667
3/19/2009 19:00,1.097366667
3/19/2009 20:00,0.663133333
3/19/2009 21:00,0.631533333
3/19/2009 22:00,0.7225
3/19/2009 23:00,0.9398
3/20/2009 0:00,1.065933333
3/20/2009 1:00,0.302
3/20/2009 2:00,0.272233333
3/20/2009 3:00,0.297933333
3/20/2009 4:00,0.2767
3/20/2009 5:00,0.294733333
3/20/2009 6:00,0.695266667
3/20/2009 7:00,1.8853
3/20/2009 8:00,1.402666667
3/20/2009 9:00,1.3369
3/20/2009 10:00,1.380666667
3/20/2009 11:00,1.348033333
3/20/2009 12:00,1.360866667
3/20/2009 13:00,1.1711
3/20/2009 14:00,0.400166667
3/20/2009 15:00,0.303133333
3/20/2009 16:00,0.347933333
3/20/2009 17:00,1.469766667
3/20/2009 18:00,0.3215
3/20/2009 19:00,3.127633333
3/20/2009 20:00,2.241133333
3/20/2009 21:00,1.520133333
3/20/2009 22:00,0.653133333
3/20/2009 23:00,0.923566667
3/21/2009 0:00,0.280433333
3/21/2009 1:00,0.295133333
3/21/2009 2:00,0.266066667
3/21/2009 3:00,0.300633333
3/21/2009 4:00,0.2819
3/21/2009 5:00,0.2709
3/21/2009 6:00,0.306333333
3/21/2009 7:00,1.320433333
3/21/2009 8:00,2.746733333
3/21/2009 9:00,1.5446
3/21/2009 10:00,1.8894
3/21/2009 11:00,0.733466667
3/21/2009 12:00,0.9841
3/21/2009 13:00,1.121733333
3/21/2009 14:00,0.501866667
3/21/2009 15:00,0.466933333
3/21/2009 16:00,1.686533333
3/21/2009 17:00,2.926233333
3/21/2009 18:00,2.712966667
3/21/2009 19:00,3.594
3/21/2009 20:00,2.976466667
3/21/2009 21:00,2.6153
3/21/2009 22:00,1.4191
3/21/2009 23:00,0.925766667
3/22/2009 0:00,0.399133333
3/22/2009 1:00,0.2928
3/22/2009 2:00,0.276366667
3/22/2009 3:00,0.315766667
3/22/2009 4:00,0.4565
3/22/2009 5:00,0.634766667
3/22/2009 6:00,0.278333333
3/22/2009 7:00,0.730066667
3/22/2009 8:00,0.3629
3/22/2009 9:00,0.5275
3/22/2009 10:00,0.5509
3/22/2009 11:00,0.353633333
3/22/2009 12:00,2.900266667
3/22/2009 13:00,2.149666667
3/22/2009 14:00,2.061366667
3/22/2009 15:00,2.362366667
3/22/2009 16:00,3.028533333
3/22/2009 17:00,2.483633333
3/22/2009 18:00,1.578233333
3/22/2009 19:00,1.612866667
3/22/2009 20:00,1.597733333
3/22/2009 21:00,1.720033333
3/22/2009 22:00,1.020566667
3/22/2009 23:00,0.4589
3/23/2009 0:00,0.463366667
3/23/2009 1:00,0.447433333
3/23/2009 2:00,0.475566667
3/23/2009 3:00,0.431366667
3/23/2009 4:00,0.4372
3/23/2009 5:00,0.470466667
3/23/2009 6:00,1.5587
3/23/2009 7:00,2.627866667
3/23/2009 8:00,1.5143
3/23/2009 9:00,1.5055
3/23/2009 10:00,0.919066667
3/23/2009 11:00,0.588966667
3/23/2009 12:00,0.417966667
3/23/2009 13:00,0.3558
3/23/2009 14:00,0.369533333
3/23/2009 15:00,0.383733333
3/23/2009 16:00,0.317
3/23/2009 17:00,0.456333333
3/23/2009 18:00,1.3452
3/23/2009 19:00,1.775333333
3/23/2009 20:00,2.294233333
3/23/2009 21:00,1.2457
3/23/2009 22:00,0.859233333
3/23/2009 23:00,0.347633333
3/24/2009 0:00,0.353266667
3/24/2009 1:00,0.3767
3/24/2009 2:00,0.347466667
3/24/2009 3:00,0.358066667
3/24/2009 4:00,0.5906
3/24/2009 5:00,0.729533333
3/24/2009 6:00,1.293366667
3/24/2009 7:00,2.489966667
3/24/2009 8:00,1.6719
3/24/2009 9:00,1.403133333
3/24/2009 10:00,1.7891
3/24/2009 11:00,1.6305
3/24/2009 12:00,1.388033333
3/24/2009 13:00,1.281533333
3/24/2009 14:00,0.3383
3/24/2009 15:00,0.320466667
3/24/2009 16:00,0.3609
3/24/2009 17:00,0.385666667
3/24/2009 18:00,0.491633333
3/24/2009 19:00,3.7412
3/24/2009 20:00,2.300933333
3/24/2009 21:00,1.912533333
3/24/2009 22:00,1.797566667
3/24/2009 23:00,0.342833333
3/25/2009 0:00,0.335366667
3/25/2009 1:00,0.271433333
3/25/2009 2:00,0.3227
3/25/2009 3:00,0.2843
3/25/2009 4:00,0.317366667
3/25/2009 5:00,0.360833333
3/25/2009 6:00,1.7405
3/25/2009 7:00,2.129933333
3/25/2009 8:00,1.987666667
3/25/2009 9:00,1.887366667
3/25/2009 10:00,1.423433333
3/25/2009 11:00,2.033966667
3/25/2009 12:00,1.270866667
3/25/2009 13:00,1.5262
3/25/2009 14:00,1.5241
3/25/2009 15:00,0.908433333
3/25/2009 16:00,0.420233333
3/25/2009 17:00,0.315566667
3/25/2009 18:00,0.6858
3/25/2009 19:00,2.411366667
3/25/2009 20:00,2.916566667
3/25/2009 21:00,1.736633333
3/25/2009 22:00,2.155333333
3/25/2009 23:00,1.680266667
3/26/2009 0:00,0.276266667
3/26/2009 1:00,0.2936
3/26/2009 2:00,0.295766667
3/26/2009 3:00,0.2765
3/26/2009 4:00,0.310966667
3/26/2009 5:00,0.268833333
3/26/2009 6:00,1.317666667
3/26/2009 7:00,1.984266667
3/26/2009 8:00,1.369933333
3/26/2009 9:00,1.3738
3/26/2009 10:00,1.3356
3/26/2009 11:00,1.3341
3/26/2009 12:00,1.0803
3/26/2009 13:00,0.271433333
3/26/2009 14:00,0.301966667
3/26/2009 15:00,0.286133333
3/26/2009 16:00,0.280133333
3/26/2009 17:00,0.438066667
3/26/2009 18:00,0.419133333
3/26/2009 19:00,1.059566667
3/26/2009 20:00,2.6075
3/26/2009 21:00,1.3909
3/26/2009 22:00,0.571366667
3/26/2009 23:00,1.0396
3/27/2009 0:00,0.393666667
3/27/2009 1:00,0.378266667
3/27/2009 2:00,0.377233333
3/27/2009 3:00,0.3826
3/27/2009 4:00,0.377366667
3/27/2009 5:00,0.3705
3/27/2009 6:00,1.251266667
3/27/2009 7:00,2.478533333
3/27/2009 8:00,1.7396
3/27/2009 9:00,1.966366667
3/27/2009 10:00,1.421266667
3/27/2009 11:00,1.423466667
3/27/2009 12:00,1.4438
3/27/2009 13:00,1.138733333
3/27/2009 14:00,0.536366667
3/27/2009 15:00,0.3642
3/27/2009 16:00,0.594566667
3/27/2009 17:00,1.687266667
3/27/2009 18:00,1.732366667
3/27/2009 19:00,1.870066667
3/27/2009 20:00,2.901433333
3/27/2009 21:00,2.338866667
3/27/2009 22:00,1.051966667
3/27/2009 23:00,0.345666667
3/28/2009 0:00,0.3399
3/28/2009 1:00,0.935933333
3/28/2009 2:00,0.3347
3/28/2009 3:00,0.3521
3/28/2009 4:00,0.3167
3/28/2009 5:00,0.327233333
3/28/2009 6:00,0.72
3/28/2009 7:00,1.905333333
3/28/2009 8:00,1.927933333
3/28/2009 9:00,1.464366667
3/28/2009 10:00,1.996866667
3/28/2009 11:00,1.295566667
3/28/2009 12:00,2.564
3/28/2009 13:00,1.620266667
3/28/2009 14:00,0.808933333
3/28/2009 15:00,1.029333333
3/28/2009 16:00,1.201366667
3/28/2009 17:00,2.2076
3/28/2009 18:00,4.375033333
3/28/2009 19:00,2.858533333
3/28/2009 20:00,2.227466667
3/28/2009 21:00,1.502233333
3/28/2009 22:00,2.385666667
3/28/2009 23:00,2.985866667
3/29/2009 0:00,1.579366667
3/29/2009 1:00,1.314233333
3/29/2009 2:00,1.125266667
3/29/2009 3:00,1.120366667
3/29/2009 4:00,1.157533333
3/29/2009 5:00,1.103233333
3/29/2009 6:00,1.120666667
3/29/2009 7:00,1.150166667
3/29/2009 8:00,1.867733333
3/29/2009 9:00,1.448
3/29/2009 10:00,1.8777
3/29/2009 11:00,0.5844
3/29/2009 12:00,1.309933333
3/29/2009 13:00,1.6003
3/29/2009 14:00,2.819733333
3/29/2009 15:00,2.569166667
3/29/2009 16:00,1.912066667
3/29/2009 17:00,1.490533333
3/29/2009 18:00,1.5891
3/29/2009 19:00,1.7694
3/29/2009 20:00,2.098366667
3/29/2009 21:00,3.2785
3/29/2009 22:00,0.623233333
3/29/2009 23:00,0.435166667
3/30/2009 0:00,0.3516
3/30/2009 1:00,0.3273
3/30/2009 2:00,0.369433333
3/30/2009 3:00,0.328766667
3/30/2009 4:00,0.958466667
3/30/2009 5:00,0.334366667
3/30/2009 6:00,0.718766667
3/30/2009 7:00,2.373833333
3/30/2009 8:00,1.5044
3/30/2009 9:00,1.402966667
3/30/2009 10:00,1.408633333
3/30/2009 11:00,1.374566667
3/30/2009 12:00,1.420166667
3/30/2009 13:00,1.4157
3/30/2009 14:00,0.720633333
3/30/2009 15:00,0.355533333
3/30/2009 16:00,0.337833333
3/30/2009 17:00,0.404766667
3/30/2009 18:00,0.662133333
3/30/2009 19:00,1.2072
3/30/2009 20:00,2.1454
3/30/2009 21:00,2.803933333
3/30/2009 22:00,1.3173
3/30/2009 23:00,0.3805
3/31/2009 0:00,0.346533333
3/31/2009 1:00,0.369366667
3/31/2009 2:00,0.3481
3/31/2009 3:00,0.343366667
3/31/2009 4:00,0.3613
3/31/2009 5:00,0.437766667
3/31/2009 6:00,1.648733333
3/31/2009 7:00,2.0426
3/31/2009 8:00,1.481766667
3/31/2009 9:00,1.731866667
3/31/2009 10:00,1.560133333
3/31/2009 11:00,1.5061
3/31/2009 12:00,1.4093
3/31/2009 13:00,2.393533333
3/31/2009 14:00,2.264233333
3/31/2009 15:00,1.985233333
3/31/2009 16:00,1.442233333
3/31/2009 17:00,0.8092
3/31/2009 18:00,0.2971
3/31/2009 19:00,1.032566667
3/31/2009 20:00,3.5067
3/31/2009 21:00,2.0393
3/31/2009 22:00,0.635433333
3/31/2009 23:00,0.3989
04-01-2009 00:00,0.985033333
04-01-2009 01:00,0.743
04-01-2009 02:00,0.733733333
04-01-2009 03:00,0.702466667
04-01-2009 04:00,1.3834
04-01-2009 05:00,0.695666667
04-01-2009 06:00,0.9617
04-01-2009 07:00,2.370066667
04-01-2009 08:00,2.934066667
04-01-2009 09:00,1.375466667
04-01-2009 10:00,1.4278
04-01-2009 11:00,1.453733333
04-01-2009 12:00,0.3291
04-01-2009 13:00,0.934066667
04-01-2009 14:00,0.5283
04-01-2009 15:00,0.340633333
04-01-2009 16:00,0.368066667
04-01-2009 17:00,0.394733333
04-01-2009 18:00,0.3785
04-01-2009 19:00,2.426766667
04-01-2009 20:00,2.150466667
04-01-2009 21:00,2.2806
04-01-2009 22:00,1.102166667
04-01-2009 23:00,0.3528
04-02-2009 00:00,0.350333333
04-02-2009 01:00,0.369366667
04-02-2009 02:00,0.337266667
04-02-2009 03:00,0.374466667
04-02-2009 04:00,0.3394
04-02-2009 05:00,0.785666667
04-02-2009 06:00,0.8084
04-02-2009 07:00,2.6133
04-02-2009 08:00,1.596333333
04-02-2009 09:00,1.399033333
04-02-2009 10:00,1.435466667
04-02-2009 11:00,1.387033333
04-02-2009 12:00,1.4101
04-02-2009 13:00,1.4584
04-02-2009 14:00,1.434033333
04-02-2009 15:00,1.473166667
04-02-2009 16:00,1.3425
04-02-2009 17:00,0.336333333
04-02-2009 18:00,0.493933333
04-02-2009 19:00,1.440266667
04-02-2009 20:00,2.859166667
04-02-2009 21:00,1.8531
04-02-2009 22:00,1.137633333
04-02-2009 23:00,0.370866667
04-03-2009 00:00,0.354566667
04-03-2009 01:00,0.339133333
04-03-2009 02:00,0.498733333
04-03-2009 03:00,0.791966667
04-03-2009 04:00,0.3277
04-03-2009 05:00,0.351733333
04-03-2009 06:00,0.924833333
04-03-2009 07:00,2.282633333
04-03-2009 08:00,1.4793
04-03-2009 09:00,1.3923
04-03-2009 10:00,1.403433333
04-03-2009 11:00,0.348833333
04-03-2009 12:00,0.3794
04-03-2009 13:00,1.194466667
04-03-2009 14:00,1.7259
04-03-2009 15:00,0.872333333
04-03-2009 16:00,0.364633333
04-03-2009 17:00,1.5097
04-03-2009 18:00,0.747866667
04-03-2009 19:00,0.3576
04-03-2009 20:00,1.3089
04-03-2009 21:00,1.647166667
04-03-2009 22:00,1.745333333
04-03-2009 23:00,0.372533333
04-04-2009 00:00,0.387633333
04-04-2009 01:00,0.3546
04-04-2009 02:00,0.401866667
04-04-2009 03:00,0.359
04-04-2009 04:00,0.359566667
04-04-2009 05:00,0.3837
04-04-2009 06:00,0.945533333
04-04-2009 07:00,1.146766667
04-04-2009 08:00,1.754833333
04-04-2009 09:00,1.498833333
04-04-2009 10:00,1.4814
04-04-2009 11:00,2.097333333
04-04-2009 12:00,2.587766667
04-04-2009 13:00,1.357666667
04-04-2009 14:00,1.5613
04-04-2009 15:00,3.234366667
04-04-2009 16:00,2.412166667
04-04-2009 17:00,1.975933333
04-04-2009 18:00,1.840266667
04-04-2009 19:00,2.281366667
04-04-2009 20:00,3.115266667
04-04-2009 21:00,1.6919
04-04-2009 22:00,1.805233333
04-04-2009 23:00,1.486233333
04-05-2009 00:00,1.446566667
04-05-2009 01:00,0.3765
04-05-2009 02:00,0.367433333
04-05-2009 03:00,0.391333333
04-05-2009 04:00,0.351333333
04-05-2009 05:00,0.3929
04-05-2009 06:00,0.350166667
04-05-2009 07:00,1.490966667
04-05-2009 08:00,1.2742
04-05-2009 09:00,0.9276
04-05-2009 10:00,1.3846
04-05-2009 11:00,2.385966667
04-05-2009 12:00,2.784166667
04-05-2009 13:00,1.1237
04-05-2009 14:00,0.426166667
04-05-2009 15:00,0.3329
04-05-2009 16:00,0.383433333
04-05-2009 17:00,0.869033333
04-05-2009 18:00,0.752566667
04-05-2009 19:00,0.846466667
04-05-2009 20:00,2.183466667
04-05-2009 21:00,1.2595
04-05-2009 22:00,0.436933333
04-05-2009 23:00,0.3907
04-06-2009 00:00,0.3751
04-06-2009 01:00,0.337433333
04-06-2009 02:00,0.375733333
04-06-2009 03:00,0.409966667
04-06-2009 04:00,0.827533333
04-06-2009 05:00,0.3409
04-06-2009 06:00,0.883566667
04-06-2009 07:00,1.985266667
04-06-2009 08:00,1.485266667
04-06-2009 09:00,1.406333333
04-06-2009 10:00,1.4016
04-06-2009 11:00,1.448166667
04-06-2009 12:00,1.406666667
04-06-2009 13:00,1.4436
04-06-2009 14:00,1.109066667
04-06-2009 15:00,0.349433333
04-06-2009 16:00,0.354466667
04-06-2009 17:00,0.359633333
04-06-2009 18:00,0.3812
04-06-2009 19:00,1.662233333
04-06-2009 20:00,2.1429
04-06-2009 21:00,2.117433333
04-06-2009 22:00,0.888366667
04-06-2009 23:00,0.7187
04-07-2009 00:00,0.741333333
04-07-2009 01:00,0.375266667
04-07-2009 02:00,0.348066667
04-07-2009 03:00,0.372566667
04-07-2009 04:00,0.350033333
04-07-2009 05:00,0.371
04-07-2009 06:00,1.324266667
04-07-2009 07:00,2.209333333
04-07-2009 08:00,1.506233333
04-07-2009 09:00,1.515466667
04-07-2009 10:00,1.5236
04-07-2009 11:00,1.5989
04-07-2009 12:00,1.420266667
04-07-2009 13:00,0.757233333
04-07-2009 14:00,0.3392
04-07-2009 15:00,0.344966667
04-07-2009 16:00,0.335133333
04-07-2009 17:00,0.369966667
04-07-2009 18:00,0.4602
04-07-2009 19:00,0.707233333
04-07-2009 20:00,2.116266667
04-07-2009 21:00,2.309433333
04-07-2009 22:00,1.956566667
04-07-2009 23:00,0.649
04-08-2009 00:00,1.163666667
04-08-2009 01:00,0.422866667
04-08-2009 02:00,0.448433333
04-08-2009 03:00,0.406433333
04-08-2009 04:00,0.399533333
04-08-2009 05:00,0.4098
04-08-2009 06:00,0.824533333
04-08-2009 07:00,2.212966667
04-08-2009 08:00,1.4776
04-08-2009 09:00,1.5108
04-08-2009 10:00,1.5343
04-08-2009 11:00,1.522766667
04-08-2009 12:00,0.5649
04-08-2009 13:00,0.5756
04-08-2009 14:00,2.254566667
04-08-2009 15:00,0.987
04-08-2009 16:00,0.878833333
04-08-2009 17:00,0.789266667
04-08-2009 18:00,0.432833333
04-08-2009 19:00,0.4591
04-08-2009 20:00,2.0883
04-08-2009 21:00,2.445066667
04-08-2009 22:00,1.3433
04-08-2009 23:00,0.4242
04-09-2009 00:00,0.4315
04-09-2009 01:00,0.5021
04-09-2009 02:00,0.3596
04-09-2009 03:00,0.363333333
04-09-2009 04:00,0.3767
04-09-2009 05:00,1.003166667
04-09-2009 06:00,1.5582
04-09-2009 07:00,3.001366667
04-09-2009 08:00,1.516166667
04-09-2009 09:00,1.406166667
04-09-2009 10:00,1.511833333
04-09-2009 11:00,1.5624
04-09-2009 12:00,1.543233333
04-09-2009 13:00,1.217766667
04-09-2009 14:00,0.4274
04-09-2009 15:00,0.3524
04-09-2009 16:00,0.390633333
04-09-2009 17:00,0.5079
04-09-2009 18:00,1.167866667
04-09-2009 19:00,3.396866667
04-09-2009 20:00,3.170733333
04-09-2009 21:00,3.416633333
04-09-2009 22:00,1.690333333
04-09-2009 23:00,0.633566667
04-10-2009 00:00,0.432133333
04-10-2009 01:00,0.331
04-10-2009 02:00,0.7374
04-10-2009 03:00,0.625
04-10-2009 04:00,0.394433333
04-10-2009 05:00,0.3401
04-10-2009 06:00,0.886366667
04-10-2009 07:00,2.6104
04-10-2009 08:00,2.1925
04-10-2009 09:00,2.041533333
04-10-2009 10:00,1.477066667
04-10-2009 11:00,1.453433333
04-10-2009 12:00,1.663533333
04-10-2009 13:00,1.518833333
04-10-2009 14:00,1.5885
04-10-2009 15:00,0.560466667
04-10-2009 16:00,0.404566667
04-10-2009 17:00,0.689233333
04-10-2009 18:00,1.364633333
04-10-2009 19:00,2.5269
04-10-2009 20:00,2.594666667
04-10-2009 21:00,1.900333333
04-10-2009 22:00,1.799566667
04-10-2009 23:00,0.5693
04-11-2009 00:00,0.4202
04-11-2009 01:00,0.3612
04-11-2009 02:00,0.438633333
04-11-2009 03:00,0.322433333
04-11-2009 04:00,0.397133333
04-11-2009 05:00,0.316466667
04-11-2009 06:00,0.619966667
04-11-2009 07:00,2.147066667
04-11-2009 08:00,1.556066667
04-11-2009 09:00,1.478066667
04-11-2009 10:00,1.638666667
04-11-2009 11:00,3.452166667
04-11-2009 12:00,1.615266667
04-11-2009 13:00,1.711033333
04-11-2009 14:00,1.591366667
04-11-2009 15:00,1.5229
04-11-2009 16:00,1.982133333
04-11-2009 17:00,1.605366667
04-11-2009 18:00,2.010233333
04-11-2009 19:00,4.304733333
04-11-2009 20:00,4.145133333
04-11-2009 21:00,2.738933333
04-11-2009 22:00,3.0515
04-11-2009 23:00,1.6141
04-12-2009 00:00,1.486466667
04-12-2009 01:00,1.468233333
04-12-2009 02:00,1.462666667
04-12-2009 03:00,1.089133333
04-12-2009 04:00,0.358366667
04-12-2009 05:00,0.4491
04-12-2009 06:00,0.308933333
04-12-2009 07:00,1.776
04-12-2009 08:00,1.973933333
04-12-2009 09:00,1.535333333
04-12-2009 10:00,1.461433333
04-12-2009 11:00,0.9088
04-12-2009 12:00,0.5246
04-12-2009 13:00,0.716266667
04-12-2009 14:00,1.5608
04-12-2009 15:00,0.492666667
04-12-2009 16:00,0.5899
04-12-2009 17:00,0.6932
04-12-2009 18:00,1.7679
04-12-2009 19:00,2.653166667
04-12-2009 20:00,5.0983
04-12-2009 21:00,5.133966667
04-12-2009 22:00,1.483966667
04-12-2009 23:00,0.6904
4/13/2009 0:00,0.418466667
4/13/2009 1:00,0.457
4/13/2009 2:00,0.4133
4/13/2009 3:00,0.791433333
4/13/2009 4:00,0.596066667
4/13/2009 5:00,0.4284
4/13/2009 6:00,0.9427
4/13/2009 7:00,0.930366667
4/13/2009 8:00,2.986133333
4/13/2009 9:00,1.732566667
4/13/2009 10:00,0.796033333
4/13/2009 11:00,0.576533333
4/13/2009 12:00,0.570533333
4/13/2009 13:00,0.804333333
4/13/2009 14:00,0.568933333
4/13/2009 15:00,0.457233333
4/13/2009 16:00,1.212166667
4/13/2009 17:00,0.463333333
4/13/2009 18:00,1.236833333
4/13/2009 19:00,0.8418
4/13/2009 20:00,3.458166667
4/13/2009 21:00,2.615766667
4/13/2009 22:00,2.056733333
4/13/2009 23:00,1.357133333
4/14/2009 0:00,0.4273
4/14/2009 1:00,0.4592
4/14/2009 2:00,0.448
4/14/2009 3:00,0.403766667
4/14/2009 4:00,0.4554
4/14/2009 5:00,0.393766667
4/14/2009 6:00,0.962666667
4/14/2009 7:00,2.0542
4/14/2009 8:00,1.667866667
4/14/2009 9:00,1.426533333
4/14/2009 10:00,1.753366667
4/14/2009 11:00,1.290533333
4/14/2009 12:00,1.3833
4/14/2009 13:00,0.432766667
4/14/2009 14:00,0.422833333
4/14/2009 15:00,0.423133333
4/14/2009 16:00,0.455033333
4/14/2009 17:00,0.4277
4/14/2009 18:00,0.4631
4/14/2009 19:00,2.675633333
4/14/2009 20:00,2.2335
4/14/2009 21:00,1.8708
4/14/2009 22:00,1.802333333
4/14/2009 23:00,0.6929
4/15/2009 0:00,0.500566667
4/15/2009 1:00,0.578933333
4/15/2009 2:00,0.6049
4/15/2009 3:00,0.5354
4/15/2009 4:00,0.5331
4/15/2009 5:00,0.5196
4/15/2009 6:00,0.903633333
4/15/2009 7:00,1.648466667
4/15/2009 8:00,1.2019
4/15/2009 9:00,0.463833333
4/15/2009 10:00,0.371233333
4/15/2009 11:00,0.462833333
4/15/2009 12:00,0.392466667
4/15/2009 13:00,0.439066667
4/15/2009 14:00,0.411366667
4/15/2009 15:00,0.4313
4/15/2009 16:00,0.667
4/15/2009 17:00,0.798233333
4/15/2009 18:00,0.7114
4/15/2009 19:00,1.840966667
4/15/2009 20:00,2.087366667
4/15/2009 21:00,2.434466667
4/15/2009 22:00,1.299
4/15/2009 23:00,0.430666667
4/16/2009 0:00,0.4703
4/16/2009 1:00,0.435766667
4/16/2009 2:00,0.406533333
4/16/2009 3:00,0.4497
4/16/2009 4:00,1.0084
4/16/2009 5:00,0.4641
4/16/2009 6:00,0.391666667
4/16/2009 7:00,1.8636
4/16/2009 8:00,1.545733333
4/16/2009 9:00,1.497466667
4/16/2009 10:00,1.412166667
4/16/2009 11:00,1.539733333
4/16/2009 12:00,0.5854
4/16/2009 13:00,0.457333333
4/16/2009 14:00,0.369433333
4/16/2009 15:00,0.469633333
4/16/2009 16:00,0.367666667
4/16/2009 17:00,0.482
4/16/2009 18:00,0.808333333
4/16/2009 19:00,2.838833333
4/16/2009 20:00,1.506733333
4/16/2009 21:00,2.570033333
4/16/2009 22:00,2.160433333
4/16/2009 23:00,1.9744
4/17/2009 0:00,1.452433333
4/17/2009 1:00,1.447833333
4/17/2009 2:00,1.4468
4/17/2009 3:00,1.405966667
4/17/2009 4:00,1.485366667
4/17/2009 5:00,1.566866667
4/17/2009 6:00,2.7146
4/17/2009 7:00,2.5113
4/17/2009 8:00,1.4969
4/17/2009 9:00,0.914166667
4/17/2009 10:00,0.384133333
4/17/2009 11:00,0.396333333
4/17/2009 12:00,0.4283
4/17/2009 13:00,0.4108
4/17/2009 14:00,0.765533333
4/17/2009 15:00,0.8125
4/17/2009 16:00,0.655766667
4/17/2009 17:00,1.549
4/17/2009 18:00,0.871566667
4/17/2009 19:00,1.132866667
4/17/2009 20:00,2.811433333
4/17/2009 21:00,2.7611
4/17/2009 22:00,1.5393
4/17/2009 23:00,3.085966667
4/18/2009 0:00,0.785666667
4/18/2009 1:00,0.472
4/18/2009 2:00,0.467966667
4/18/2009 3:00,0.433633333
4/18/2009 4:00,0.9759
4/18/2009 5:00,0.4409
4/18/2009 6:00,0.406766667
4/18/2009 7:00,1.520333333
4/18/2009 8:00,1.594733333
4/18/2009 9:00,1.824666667
4/18/2009 10:00,1.697466667
4/18/2009 11:00,2.262166667
4/18/2009 12:00,1.950966667
4/18/2009 13:00,1.536733333
4/18/2009 14:00,1.462333333
4/18/2009 15:00,1.5288
4/18/2009 16:00,0.723866667
4/18/2009 17:00,0.434733333
4/18/2009 18:00,0.655133333
4/18/2009 19:00,2.0712
4/18/2009 20:00,0.496
4/18/2009 21:00,0.4919
4/18/2009 22:00,0.5017
4/18/2009 23:00,0.468866667
4/19/2009 0:00,0.377833333
4/19/2009 1:00,0.408733333
4/19/2009 2:00,0.374233333
4/19/2009 3:00,0.358033333
4/19/2009 4:00,0.902366667
4/19/2009 5:00,0.691433333
4/19/2009 6:00,0.398133333
4/19/2009 7:00,0.397366667
4/19/2009 8:00,0.4701
4/19/2009 9:00,0.4485
4/19/2009 10:00,1.481033333
4/19/2009 11:00,1.4126
4/19/2009 12:00,1.397366667
4/19/2009 13:00,1.400266667
4/19/2009 14:00,1.3006
4/19/2009 15:00,0.346633333
4/19/2009 16:00,0.367966667
4/19/2009 17:00,0.3342
4/19/2009 18:00,0.3699
4/19/2009 19:00,0.487166667
4/19/2009 20:00,2.038533333
4/19/2009 21:00,3.186933333
4/19/2009 22:00,1.814766667
4/19/2009 23:00,0.676433333
4/20/2009 0:00,0.4199
4/20/2009 1:00,0.347366667
4/20/2009 2:00,0.400733333
4/20/2009 3:00,0.307133333
4/20/2009 4:00,0.351533333
4/20/2009 5:00,0.4949
4/20/2009 6:00,1.5691
4/20/2009 7:00,1.726233333
4/20/2009 8:00,1.4436
4/20/2009 9:00,2.273033333
4/20/2009 10:00,1.941766667
4/20/2009 11:00,1.382433333
4/20/2009 12:00,1.454466667
4/20/2009 13:00,1.0993
4/20/2009 14:00,0.3331
4/20/2009 15:00,0.407466667
4/20/2009 16:00,0.434166667
4/20/2009 17:00,1.8701
4/20/2009 18:00,0.710733333
4/20/2009 19:00,1.3571
4/20/2009 20:00,1.273533333
4/20/2009 21:00,1.2166
4/20/2009 22:00,1.065833333
4/20/2009 23:00,0.895033333
4/21/2009 0:00,1.669266667
4/21/2009 1:00,1.578733333
4/21/2009 2:00,1.360066667
4/21/2009 3:00,1.461466667
4/21/2009 4:00,1.349333333
4/21/2009 5:00,1.4141
4/21/2009 6:00,2.3529
4/21/2009 7:00,2.649166667
4/21/2009 8:00,1.312866667
4/21/2009 9:00,0.389933333
4/21/2009 10:00,0.8093
4/21/2009 11:00,1.6359
4/21/2009 12:00,1.0095
4/21/2009 13:00,0.7187
4/21/2009 14:00,0.708533333
4/21/2009 15:00,0.353766667
4/21/2009 16:00,0.449033333
4/21/2009 17:00,0.400066667
4/21/2009 18:00,0.935133333
4/21/2009 19:00,1.9892
4/21/2009 20:00,2.7931
4/21/2009 21:00,1.8101
4/21/2009 22:00,1.759633333
4/21/2009 23:00,0.666833333
4/22/2009 0:00,0.4622
4/22/2009 1:00,0.334366667
4/22/2009 2:00,0.378466667
4/22/2009 3:00,0.351033333
4/22/2009 4:00,0.9418
4/22/2009 5:00,0.355033333
4/22/2009 6:00,0.5965
4/22/2009 7:00,1.678066667
4/22/2009 8:00,1.463933333
4/22/2009 9:00,1.585566667
4/22/2009 10:00,1.5841
4/22/2009 11:00,2.167433333
4/22/2009 12:00,2.304066667
4/22/2009 13:00,1.548
4/22/2009 14:00,2.028933333
4/22/2009 15:00,1.993533333
4/22/2009 16:00,1.487533333
4/22/2009 17:00,0.786933333
4/22/2009 18:00,0.5041
4/22/2009 19:00,0.4009
4/22/2009 20:00,0.447533333
4/22/2009 21:00,0.379733333
4/22/2009 22:00,0.6466
4/22/2009 23:00,0.510266667
4/23/2009 0:00,0.9312
4/23/2009 1:00,0.925833333
4/23/2009 2:00,0.417766667
4/23/2009 3:00,0.425733333
4/23/2009 4:00,0.4014
4/23/2009 5:00,0.424533333
4/23/2009 6:00,0.773
4/23/2009 7:00,1.119233333
4/23/2009 8:00,1.209266667
4/23/2009 9:00,0.431833333
4/23/2009 10:00,0.370333333
4/23/2009 11:00,0.388333333
4/23/2009 12:00,0.4275
4/23/2009 13:00,0.401733333
4/23/2009 14:00,0.418666667
4/23/2009 15:00,0.4159
4/23/2009 16:00,0.403033333
4/23/2009 17:00,1.2603
4/23/2009 18:00,0.379633333
4/23/2009 19:00,0.7076
4/23/2009 20:00,1.1707
4/23/2009 21:00,3.059666667
4/23/2009 22:00,2.039666667
4/23/2009 23:00,0.521466667
4/24/2009 0:00,0.4399
4/24/2009 1:00,0.387966667
4/24/2009 2:00,0.447133333
4/24/2009 3:00,0.374633333
4/24/2009 4:00,1.0975
4/24/2009 5:00,0.422533333
4/24/2009 6:00,0.419966667
4/24/2009 7:00,1.4694
4/24/2009 8:00,1.468266667
4/24/2009 9:00,1.640533333
4/24/2009 10:00,1.524366667
4/24/2009 11:00,1.427433333
4/24/2009 12:00,0.666333333
4/24/2009 13:00,0.445466667
4/24/2009 14:00,0.492133333
4/24/2009 15:00,0.727766667
4/24/2009 16:00,1.030733333
4/24/2009 17:00,1.304733333
4/24/2009 18:00,1.271933333
4/24/2009 19:00,0.548733333
4/24/2009 20:00,0.503666667
4/24/2009 21:00,0.497933333
4/24/2009 22:00,0.646933333
4/24/2009 23:00,0.6448
4/25/2009 0:00,0.406466667
4/25/2009 1:00,0.944666667
4/25/2009 2:00,0.396166667
4/25/2009 3:00,0.367866667
4/25/2009 4:00,0.374166667
4/25/2009 5:00,0.351433333
4/25/2009 6:00,0.3918
4/25/2009 7:00,0.7175
4/25/2009 8:00,0.872
4/25/2009 9:00,1.786566667
4/25/2009 10:00,3.222833333
4/25/2009 11:00,2.9252
4/25/2009 12:00,1.778666667
4/25/2009 13:00,2.154133333
4/25/2009 14:00,2.220266667
4/25/2009 15:00,1.608666667
4/25/2009 16:00,1.773033333
4/25/2009 17:00,1.7562
4/25/2009 18:00,1.1641
4/25/2009 19:00,0.9529
4/25/2009 20:00,1.152966667
4/25/2009 21:00,1.648633333
4/25/2009 22:00,3.003466667
4/25/2009 23:00,1.735033333
4/26/2009 0:00,0.8738
4/26/2009 1:00,0.618533333
4/26/2009 2:00,0.528066667
4/26/2009 3:00,0.364733333
4/26/2009 4:00,0.372733333
4/26/2009 5:00,0.4012
4/26/2009 6:00,1.1038
4/26/2009 7:00,0.685
4/26/2009 8:00,0.558366667
4/26/2009 9:00,1.687233333
4/26/2009 10:00,2.200566667
4/26/2009 11:00,1.692966667
4/26/2009 12:00,3.217266667
4/26/2009 13:00,2.211833333
4/26/2009 14:00,1.678066667
4/26/2009 15:00,2.011866667
4/26/2009 16:00,2.1656
4/26/2009 17:00,2.207366667
4/26/2009 18:00,0.572833333
4/26/2009 19:00,0.675166667
4/26/2009 20:00,1.792866667
4/26/2009 21:00,1.024733333
4/26/2009 22:00,0.5758
4/26/2009 23:00,0.473366667
4/27/2009 0:00,0.412033333
4/27/2009 1:00,0.4067
4/27/2009 2:00,0.4278
4/27/2009 3:00,0.889233333
4/27/2009 4:00,0.420833333
4/27/2009 5:00,0.3969
4/27/2009 6:00,1.114166667
4/27/2009 7:00,2.149066667
4/27/2009 8:00,2.060266667
4/27/2009 9:00,1.666733333
4/27/2009 10:00,0.439933333
4/27/2009 11:00,0.363433333
4/27/2009 12:00,0.406533333
4/27/2009 13:00,0.4121
4/27/2009 14:00,0.398233333
4/27/2009 15:00,0.421033333
4/27/2009 16:00,0.4077
4/27/2009 17:00,1.186066667
4/27/2009 18:00,0.7418
4/27/2009 19:00,1.103733333
4/27/2009 20:00,2.227933333
4/27/2009 21:00,2.886266667
4/27/2009 22:00,1.121433333
4/27/2009 23:00,0.4672
4/28/2009 0:00,1.082366667
4/28/2009 1:00,0.420966667
4/28/2009 2:00,0.438033333
4/28/2009 3:00,0.8798
4/28/2009 4:00,0.5302
4/28/2009 5:00,0.444866667
4/28/2009 6:00,0.758633333
4/28/2009 7:00,2.253333333
4/28/2009 8:00,2.238966667
4/28/2009 9:00,2.093433333
4/28/2009 10:00,1.6592
4/28/2009 11:00,1.489633333
4/28/2009 12:00,1.773933333
4/28/2009 13:00,1.9465
4/28/2009 14:00,1.7526
4/28/2009 15:00,0.452566667
4/28/2009 16:00,0.433766667
4/28/2009 17:00,0.4543
4/28/2009 18:00,0.7214
4/28/2009 19:00,1.417366667
4/28/2009 20:00,1.6629
4/28/2009 21:00,1.502133333
4/28/2009 22:00,1.354066667
4/28/2009 23:00,0.6788
4/29/2009 0:00,0.452466667
4/29/2009 1:00,0.3981
4/29/2009 2:00,0.379466667
4/29/2009 3:00,0.434766667
4/29/2009 4:00,0.363166667
4/29/2009 5:00,0.413233333
4/29/2009 6:00,1.512566667
4/29/2009 7:00,2.1048
4/29/2009 8:00,1.495533333
4/29/2009 9:00,1.332366667
4/29/2009 10:00,0.810333333
4/29/2009 11:00,1.990566667
4/29/2009 12:00,2.024566667
4/29/2009 13:00,1.5835
4/29/2009 14:00,0.9816
4/29/2009 15:00,0.5388
4/29/2009 16:00,0.423933333
4/29/2009 17:00,0.937733333
4/29/2009 18:00,0.764166667
4/29/2009 19:00,1.535066667
4/29/2009 20:00,1.105266667
4/29/2009 21:00,2.351766667
4/29/2009 22:00,2.8628
4/29/2009 23:00,0.9481
4/30/2009 0:00,0.571166667
4/30/2009 1:00,0.5411
4/30/2009 2:00,0.928933333
4/30/2009 3:00,0.413533333
4/30/2009 4:00,0.353733333
4/30/2009 5:00,0.4271
4/30/2009 6:00,0.638633333
4/30/2009 7:00,2.0443
4/30/2009 8:00,1.9639
4/30/2009 9:00,1.977233333
4/30/2009 10:00,1.488033333
4/30/2009 11:00,1.429133333
4/30/2009 12:00,1.4434
4/30/2009 13:00,1.480166667
4/30/2009 14:00,1.4585
4/30/2009 15:00,0.614866667
4/30/2009 16:00,0.5218
4/30/2009 17:00,0.958033333
4/30/2009 18:00,1.792433333
4/30/2009 19:00,1.766266667
4/30/2009 20:00,1.092133333
4/30/2009 21:00,1.477266667
4/30/2009 22:00,3.0745
4/30/2009 23:00,2.1232
05-01-2009 00:00,1.404733333
05-01-2009 01:00,1.4004
05-01-2009 02:00,1.464966667
05-01-2009 03:00,1.354
05-01-2009 04:00,0.331233333
05-01-2009 05:00,1.5524
05-01-2009 06:00,1.170733333
05-01-2009 07:00,0.757766667
05-01-2009 08:00,0.859
05-01-2009 09:00,1.489133333
05-01-2009 10:00,0.888766667
05-01-2009 11:00,0.631866667
05-01-2009 12:00,1.1035
05-01-2009 13:00,0.684
05-01-2009 14:00,0.4791
05-01-2009 15:00,1.032966667
05-01-2009 16:00,1.8699
05-01-2009 17:00,1.1232
05-01-2009 18:00,0.717533333
05-01-2009 19:00,0.502266667
05-01-2009 20:00,1.147866667
05-01-2009 21:00,1.912266667
05-01-2009 22:00,1.0233
05-01-2009 23:00,0.312466667
05-02-2009 00:00,0.369966667
05-02-2009 01:00,0.360833333
05-02-2009 02:00,0.342133333
05-02-2009 03:00,0.390866667
05-02-2009 04:00,0.325266667
05-02-2009 05:00,0.6018
05-02-2009 06:00,0.812633333
05-02-2009 07:00,1.224333333
05-02-2009 08:00,1.7249
05-02-2009 09:00,1.5988
05-02-2009 10:00,1.526033333
05-02-2009 11:00,1.5207
05-02-2009 12:00,1.510466667
05-02-2009 13:00,1.494333333
05-02-2009 14:00,0.9025
05-02-2009 15:00,0.833666667
05-02-2009 16:00,1.045666667
05-02-2009 17:00,1.1483
05-02-2009 18:00,0.446266667
05-02-2009 19:00,0.394633333
05-02-2009 20:00,0.613766667
05-02-2009 21:00,1.186533333
05-02-2009 22:00,2.205166667
05-02-2009 23:00,0.652266667
05-03-2009 00:00,0.371233333
05-03-2009 01:00,0.3102
05-03-2009 02:00,0.403066667
05-03-2009 03:00,0.2901
05-03-2009 04:00,0.3695
05-03-2009 05:00,0.3383
05-03-2009 06:00,0.3417
05-03-2009 07:00,1.089366667
05-03-2009 08:00,1.076666667
05-03-2009 09:00,1.245766667
05-03-2009 10:00,1.617866667
05-03-2009 11:00,2.6576
05-03-2009 12:00,1.481666667
05-03-2009 13:00,0.552066667
05-03-2009 14:00,0.609333333
05-03-2009 15:00,0.601233333
05-03-2009 16:00,1.028966667
05-03-2009 17:00,0.514533333
05-03-2009 18:00,1.363033333
05-03-2009 19:00,0.753966667
05-03-2009 20:00,4.2653
05-03-2009 21:00,3.106166667
05-03-2009 22:00,1.6029
05-03-2009 23:00,0.8241
05-04-2009 00:00,0.964233333
05-04-2009 01:00,0.913766667
05-04-2009 02:00,0.937366667
05-04-2009 03:00,0.885266667
05-04-2009 04:00,0.927766667
05-04-2009 05:00,0.814866667
05-04-2009 06:00,1.260266667
05-04-2009 07:00,2.357933333
05-04-2009 08:00,1.5611
05-04-2009 09:00,1.459766667
05-04-2009 10:00,1.433333333
05-04-2009 11:00,1.429633333
05-04-2009 12:00,1.3778
05-04-2009 13:00,1.351733333
05-04-2009 14:00,0.311266667
05-04-2009 15:00,0.3409
05-04-2009 16:00,0.383433333
05-04-2009 17:00,0.449833333
05-04-2009 18:00,0.8375
05-04-2009 19:00,0.652466667
05-04-2009 20:00,1.976333333
05-04-2009 21:00,2.7685
05-04-2009 22:00,1.958933333
05-04-2009 23:00,0.444033333
05-05-2009 00:00,0.359966667
05-05-2009 01:00,0.380266667
05-05-2009 02:00,0.3398
05-05-2009 03:00,0.313633333
05-05-2009 04:00,0.3798
05-05-2009 05:00,0.320066667
05-05-2009 06:00,0.915433333
05-05-2009 07:00,2.1467
05-05-2009 08:00,1.7337
05-05-2009 09:00,1.877466667
05-05-2009 10:00,1.501366667
05-05-2009 11:00,1.506933333
05-05-2009 12:00,1.5439
05-05-2009 13:00,2.868033333
05-05-2009 14:00,2.057333333
05-05-2009 15:00,0.5573
05-05-2009 16:00,0.474333333
05-05-2009 17:00,0.419266667
05-05-2009 18:00,0.797266667
05-05-2009 19:00,1.974333333
05-05-2009 20:00,1.1945
05-05-2009 21:00,2.7112
05-05-2009 22:00,1.934933333
05-05-2009 23:00,0.550366667
05-06-2009 00:00,0.462
05-06-2009 01:00,0.3419
05-06-2009 02:00,0.4426
05-06-2009 03:00,0.3538
05-06-2009 04:00,0.417266667
05-06-2009 05:00,0.362066667
05-06-2009 06:00,0.934666667
05-06-2009 07:00,1.916433333
05-06-2009 08:00,1.466066667
05-06-2009 09:00,1.4511
05-06-2009 10:00,1.4559
05-06-2009 11:00,1.484833333
05-06-2009 12:00,1.184633333
05-06-2009 13:00,0.6272
05-06-2009 14:00,0.724866667
05-06-2009 15:00,0.637833333
05-06-2009 16:00,0.432733333
05-06-2009 17:00,0.545
05-06-2009 18:00,1.338433333
05-06-2009 19:00,1.277366667
05-06-2009 20:00,0.6197
05-06-2009 21:00,2.332866667
05-06-2009 22:00,1.313033333
05-06-2009 23:00,0.376066667
05-07-2009 00:00,0.392933333
05-07-2009 01:00,0.338333333
05-07-2009 02:00,0.349033333
05-07-2009 03:00,0.356766667
05-07-2009 04:00,0.347633333
05-07-2009 05:00,0.3484
05-07-2009 06:00,0.763066667
05-07-2009 07:00,1.693
05-07-2009 08:00,1.4599
05-07-2009 09:00,1.422333333
05-07-2009 10:00,1.1442
05-07-2009 11:00,0.3734
05-07-2009 12:00,0.369466667
05-07-2009 13:00,0.3607
05-07-2009 14:00,0.332966667
05-07-2009 15:00,0.389566667
05-07-2009 16:00,0.369633333
05-07-2009 17:00,0.4561
05-07-2009 18:00,1.1188
05-07-2009 19:00,1.186933333
05-07-2009 20:00,0.537466667
05-07-2009 21:00,0.5463
05-07-2009 22:00,0.751
05-07-2009 23:00,1.469533333
05-08-2009 00:00,0.3434
05-08-2009 01:00,0.367266667
05-08-2009 02:00,0.359
05-08-2009 03:00,0.471233333
05-08-2009 04:00,0.3704
05-08-2009 05:00,0.378066667
05-08-2009 06:00,0.352033333
05-08-2009 07:00,0.846566667
05-08-2009 08:00,1.314666667
05-08-2009 09:00,1.773533333
05-08-2009 10:00,1.572733333
05-08-2009 11:00,1.0975
05-08-2009 12:00,1.838566667
05-08-2009 13:00,1.479933333
05-08-2009 14:00,2.323
05-08-2009 15:00,2.3411
05-08-2009 16:00,1.6147
05-08-2009 17:00,1.607966667
05-08-2009 18:00,2.973133333
05-08-2009 19:00,1.6407
05-08-2009 20:00,1.682466667
05-08-2009 21:00,1.961633333
05-08-2009 22:00,1.6284
05-08-2009 23:00,0.6146
05-09-2009 00:00,0.427633333
05-09-2009 01:00,0.399666667
05-09-2009 02:00,0.424266667
05-09-2009 03:00,0.404166667
05-09-2009 04:00,0.427966667
05-09-2009 05:00,0.3922
05-09-2009 06:00,0.431666667
05-09-2009 07:00,1.8678
05-09-2009 08:00,1.632833333
05-09-2009 09:00,1.6765
05-09-2009 10:00,0.998533333
05-09-2009 11:00,1.456233333
05-09-2009 12:00,1.279066667
05-09-2009 13:00,1.336
05-09-2009 14:00,1.009966667
05-09-2009 15:00,0.5671
05-09-2009 16:00,0.9612
05-09-2009 17:00,0.937766667
05-09-2009 18:00,0.486933333
05-09-2009 19:00,0.661933333
05-09-2009 20:00,0.986766667
05-09-2009 21:00,1.169066667
05-09-2009 22:00,0.648033333
05-09-2009 23:00,0.439233333
05-10-2009 00:00,1.062766667
05-10-2009 01:00,0.425833333
05-10-2009 02:00,0.410533333
05-10-2009 03:00,0.355833333
05-10-2009 04:00,0.4539
05-10-2009 05:00,0.363766667
05-10-2009 06:00,0.455566667
05-10-2009 07:00,0.527733333
05-10-2009 08:00,0.925133333
05-10-2009 09:00,1.712566667
05-10-2009 10:00,0.8294
05-10-2009 11:00,0.5404
05-10-2009 12:00,1.7259
05-10-2009 13:00,1.378566667
05-10-2009 14:00,1.449966667
05-10-2009 15:00,1.8807
05-10-2009 16:00,3.720566667
05-10-2009 17:00,1.734133333
05-10-2009 18:00,2.263566667
05-10-2009 19:00,3.636333333
05-10-2009 20:00,1.645633333
05-10-2009 21:00,3.353533333
05-10-2009 22:00,1.514
05-10-2009 23:00,0.421133333
05-11-2009 00:00,0.396633333
05-11-2009 01:00,0.386466667
05-11-2009 02:00,0.385566667
05-11-2009 03:00,0.354433333
05-11-2009 04:00,0.4006
05-11-2009 05:00,0.5687
05-11-2009 06:00,1.385966667
05-11-2009 07:00,1.9092
05-11-2009 08:00,1.510933333
05-11-2009 09:00,1.434733333
05-11-2009 10:00,1.4305
05-11-2009 11:00,1.019533333
05-11-2009 12:00,0.384033333
05-11-2009 13:00,0.335033333
05-11-2009 14:00,0.397966667
05-11-2009 15:00,0.324633333
05-11-2009 16:00,0.4001
05-11-2009 17:00,0.381633333
05-11-2009 18:00,0.664966667
05-11-2009 19:00,1.726633333
05-11-2009 20:00,2.397033333
05-11-2009 21:00,3.1672
05-11-2009 22:00,2.682866667
05-11-2009 23:00,1.2409
05-12-2009 00:00,0.4676
05-12-2009 01:00,0.375966667
05-12-2009 02:00,0.477566667
05-12-2009 03:00,0.374166667
05-12-2009 04:00,0.4646
05-12-2009 05:00,0.7783
05-12-2009 06:00,2.453333333
05-12-2009 07:00,2.3328
05-12-2009 08:00,1.599733333
05-12-2009 09:00,1.415233333
05-12-2009 10:00,1.5336
05-12-2009 11:00,1.4114
05-12-2009 12:00,1.524866667
05-12-2009 13:00,0.619666667
05-12-2009 14:00,0.4552
05-12-2009 15:00,0.3771
05-12-2009 16:00,0.4705
05-12-2009 17:00,0.420866667
05-12-2009 18:00,0.511933333
05-12-2009 19:00,0.8451
05-12-2009 20:00,2.2192
05-12-2009 21:00,1.438266667
05-12-2009 22:00,1.873666667
05-12-2009 23:00,2.6586
5/13/2009 0:00,0.511066667
5/13/2009 1:00,0.438233333
5/13/2009 2:00,0.415966667
5/13/2009 3:00,0.4277
5/13/2009 4:00,0.427166667
5/13/2009 5:00,0.423166667
5/13/2009 6:00,0.4031
5/13/2009 7:00,1.0148
5/13/2009 8:00,1.834966667
5/13/2009 9:00,1.665633333
5/13/2009 10:00,1.725433333
5/13/2009 11:00,1.503133333
5/13/2009 12:00,0.664433333
5/13/2009 13:00,0.419633333
5/13/2009 14:00,0.417133333
5/13/2009 15:00,0.405833333
5/13/2009 16:00,0.440833333
5/13/2009 17:00,0.380033333
5/13/2009 18:00,0.459833333
5/13/2009 19:00,0.728866667
5/13/2009 20:00,1.017333333
5/13/2009 21:00,2.3869
5/13/2009 22:00,1.856633333
5/13/2009 23:00,0.805466667
5/14/2009 0:00,0.880266667
5/14/2009 1:00,0.444766667
5/14/2009 2:00,0.382633333
5/14/2009 3:00,0.313333333
5/14/2009 4:00,0.367533333
5/14/2009 5:00,0.3112
5/14/2009 6:00,1.137733333
5/14/2009 7:00,1.460666667
5/14/2009 8:00,1.586866667
5/14/2009 9:00,1.394366667
5/14/2009 10:00,1.8354
5/14/2009 11:00,0.919
5/14/2009 12:00,0.5495
5/14/2009 13:00,0.283666667
5/14/2009 14:00,0.380733333
5/14/2009 15:00,0.301433333
5/14/2009 16:00,0.3659
5/14/2009 17:00,0.293333333
5/14/2009 18:00,1.211566667
5/14/2009 19:00,2.477333333
5/14/2009 20:00,3.183666667
5/14/2009 21:00,3.503866667
5/14/2009 22:00,2.8
5/14/2009 23:00,0.3983
5/15/2009 0:00,0.409333333
5/15/2009 1:00,0.3851
5/15/2009 2:00,0.357533333
5/15/2009 3:00,0.365566667
5/15/2009 4:00,0.373333333
5/15/2009 5:00,0.3569
5/15/2009 6:00,1.316866667
5/15/2009 7:00,2.080466667
5/15/2009 8:00,2.322133333
5/15/2009 9:00,1.726633333
5/15/2009 10:00,1.431033333
5/15/2009 11:00,1.331233333
5/15/2009 12:00,0.912666667
5/15/2009 13:00,0.3054
5/15/2009 14:00,0.4005
5/15/2009 15:00,0.535866667
5/15/2009 16:00,0.812833333
5/15/2009 17:00,1.249233333
5/15/2009 18:00,1.5736
5/15/2009 19:00,1.5079
5/15/2009 20:00,1.468633333
5/15/2009 21:00,1.282533333
5/15/2009 22:00,0.776566667
5/15/2009 23:00,0.4219
5/16/2009 0:00,0.3246
5/16/2009 1:00,0.399766667
5/16/2009 2:00,0.8938
5/16/2009 3:00,0.219333333
5/16/2009 4:00,0.2274
5/16/2009 5:00,0.251166667
5/16/2009 6:00,0.238133333
5/16/2009 7:00,0.349366667
5/16/2009 8:00,1.8082
5/16/2009 9:00,2.0031
5/16/2009 10:00,1.482733333
5/16/2009 11:00,2.570966667
5/16/2009 12:00,2.359133333
5/16/2009 13:00,1.940966667
5/16/2009 14:00,3.7777
5/16/2009 15:00,1.137266667
5/16/2009 16:00,1.139966667
5/16/2009 17:00,1.4728
5/16/2009 18:00,1.633266667
5/16/2009 19:00,1.7131
5/16/2009 20:00,1.9166
5/16/2009 21:00,1.820466667
5/16/2009 22:00,2.032666667
5/16/2009 23:00,1.7438
5/17/2009 0:00,1.221866667
5/17/2009 1:00,0.373866667
5/17/2009 2:00,0.435866667
5/17/2009 3:00,0.796666667
5/17/2009 4:00,0.3512
5/17/2009 5:00,0.390966667
5/17/2009 6:00,0.3284
5/17/2009 7:00,0.3874
5/17/2009 8:00,0.874666667
5/17/2009 9:00,0.7244
5/17/2009 10:00,3.7628
5/17/2009 11:00,2.87
5/17/2009 12:00,1.544433333
5/17/2009 13:00,1.0704
5/17/2009 14:00,1.446966667
5/17/2009 15:00,0.586833333
5/17/2009 16:00,0.497066667
5/17/2009 17:00,0.579833333
5/17/2009 18:00,0.578633333
5/17/2009 19:00,1.7633
5/17/2009 20:00,1.8552
5/17/2009 21:00,1.5653
5/17/2009 22:00,1.220766667
5/17/2009 23:00,0.502566667
5/18/2009 0:00,0.350033333
5/18/2009 1:00,0.344633333
5/18/2009 2:00,0.5854
5/18/2009 3:00,0.6144
5/18/2009 4:00,0.310933333
5/18/2009 5:00,0.328366667
5/18/2009 6:00,0.9644
5/18/2009 7:00,1.860933333
5/18/2009 8:00,1.4665
5/18/2009 9:00,1.4581
5/18/2009 10:00,1.362566667
5/18/2009 11:00,1.216166667
5/18/2009 12:00,0.339833333
5/18/2009 13:00,0.327233333
5/18/2009 14:00,0.3061
5/18/2009 15:00,0.350933333
5/18/2009 16:00,0.373366667
5/18/2009 17:00,0.4171
5/18/2009 18:00,0.4378
5/18/2009 19:00,0.5727
5/18/2009 20:00,2.4866
5/18/2009 21:00,2.107733333
5/18/2009 22:00,1.158433333
5/18/2009 23:00,0.424833333
5/19/2009 0:00,0.594866667
5/19/2009 1:00,0.793333333
5/19/2009 2:00,0.360933333
5/19/2009 3:00,0.3024
5/19/2009 4:00,0.398333333
5/19/2009 5:00,0.299566667
5/19/2009 6:00,0.818666667
5/19/2009 7:00,1.762366667
5/19/2009 8:00,1.579033333
5/19/2009 9:00,1.518266667
5/19/2009 10:00,1.415166667
5/19/2009 11:00,1.392933333
5/19/2009 12:00,1.264666667
5/19/2009 13:00,0.353833333
5/19/2009 14:00,0.353833333
5/19/2009 15:00,0.3382
5/19/2009 16:00,0.3494
5/19/2009 17:00,0.426166667
5/19/2009 18:00,2.0618
5/19/2009 19:00,2.6701
5/19/2009 20:00,2.1627
5/19/2009 21:00,1.743133333
5/19/2009 22:00,2.289733333
5/19/2009 23:00,1.7063
5/20/2009 0:00,0.6263
5/20/2009 1:00,1.0099
5/20/2009 2:00,0.386633333
5/20/2009 3:00,0.427933333
5/20/2009 4:00,0.334233333
5/20/2009 5:00,0.380833333
5/20/2009 6:00,0.817166667
5/20/2009 7:00,2.0278
5/20/2009 8:00,1.471833333
5/20/2009 9:00,1.926633333
5/20/2009 10:00,1.5362
5/20/2009 11:00,1.440333333
5/20/2009 12:00,0.974466667
5/20/2009 13:00,0.361933333
5/20/2009 14:00,0.456566667
5/20/2009 15:00,0.6088
5/20/2009 16:00,0.487966667
5/20/2009 17:00,0.799866667
5/20/2009 18:00,0.8388
5/20/2009 19:00,0.539666667
5/20/2009 20:00,0.7125
5/20/2009 21:00,2.2063
5/20/2009 22:00,0.946433333
5/20/2009 23:00,0.466933333
5/21/2009 0:00,0.3996
5/21/2009 1:00,0.371766667
5/21/2009 2:00,0.549933333
5/21/2009 3:00,0.3065
5/21/2009 4:00,0.388333333
5/21/2009 5:00,0.471266667
5/21/2009 6:00,0.946333333
5/21/2009 7:00,0.416866667
5/21/2009 8:00,0.4119
5/21/2009 9:00,1.378066667
5/21/2009 10:00,1.253666667
5/21/2009 11:00,1.849333333
5/21/2009 12:00,2.859833333
5/21/2009 13:00,1.555833333
5/21/2009 14:00,1.536833333
5/21/2009 15:00,1.725566667
5/21/2009 16:00,1.624933333
5/21/2009 17:00,1.637066667
5/21/2009 18:00,1.458433333
5/21/2009 19:00,1.4638
5/21/2009 20:00,1.180233333
5/21/2009 21:00,1.006566667
5/21/2009 22:00,0.995133333
5/21/2009 23:00,0.4647
5/22/2009 0:00,0.924866667
5/22/2009 1:00,0.4366
5/22/2009 2:00,0.347966667
5/22/2009 3:00,0.4393
5/22/2009 4:00,0.376633333
5/22/2009 5:00,0.432233333
5/22/2009 6:00,0.8088
5/22/2009 7:00,1.653
5/22/2009 8:00,1.566133333
5/22/2009 9:00,1.398366667
5/22/2009 10:00,0.383066667
5/22/2009 11:00,0.435366667
5/22/2009 12:00,1.224133333
5/22/2009 13:00,0.537766667
5/22/2009 14:00,0.506266667
5/22/2009 15:00,0.715733333
5/22/2009 16:00,1.447766667
5/22/2009 17:00,0.9954
5/22/2009 18:00,0.361766667
5/22/2009 19:00,0.416433333
5/22/2009 20:00,0.351166667
5/22/2009 21:00,1.385833333
5/22/2009 22:00,0.457533333
5/22/2009 23:00,0.3113
5/23/2009 0:00,0.3812
5/23/2009 1:00,0.366433333
5/23/2009 2:00,0.309366667
5/23/2009 3:00,0.366933333
5/23/2009 4:00,0.3115
5/23/2009 5:00,0.365966667
5/23/2009 6:00,1.3176
5/23/2009 7:00,1.650666667
5/23/2009 8:00,1.586366667
5/23/2009 9:00,1.712866667
5/23/2009 10:00,1.499133333
5/23/2009 11:00,1.638566667
5/23/2009 12:00,1.6452
5/23/2009 13:00,2.054
5/23/2009 14:00,0.899166667
5/23/2009 15:00,0.875933333
5/23/2009 16:00,0.457166667
5/23/2009 17:00,0.489866667
5/23/2009 18:00,1.616866667
5/23/2009 19:00,1.9931
5/23/2009 20:00,1.602433333
5/23/2009 21:00,1.0296
5/23/2009 22:00,0.525466667
5/23/2009 23:00,0.814566667
5/24/2009 0:00,1.311966667
5/24/2009 1:00,0.4021
5/24/2009 2:00,0.347233333
5/24/2009 3:00,0.3618
5/24/2009 4:00,0.3689
5/24/2009 5:00,0.318
5/24/2009 6:00,0.3653
5/24/2009 7:00,0.452633333
5/24/2009 8:00,0.511166667
5/24/2009 9:00,1.5885
5/24/2009 10:00,0.886166667
5/24/2009 11:00,0.939566667
5/24/2009 12:00,1.3185
5/24/2009 13:00,0.359566667
5/24/2009 14:00,0.541166667
5/24/2009 15:00,0.387433333
5/24/2009 16:00,1.124333333
5/24/2009 17:00,1.5876
5/24/2009 18:00,2.557966667
5/24/2009 19:00,2.3228
5/24/2009 20:00,1.5863
5/24/2009 21:00,0.824633333
5/24/2009 22:00,0.559333333
5/24/2009 23:00,0.440133333
5/25/2009 0:00,0.386
5/25/2009 1:00,0.3209
5/25/2009 2:00,0.376
5/25/2009 3:00,0.9643
5/25/2009 4:00,0.370633333
5/25/2009 5:00,0.321866667
5/25/2009 6:00,0.388833333
5/25/2009 7:00,1.806266667
5/25/2009 8:00,1.4594
5/25/2009 9:00,1.488366667
5/25/2009 10:00,1.394266667
5/25/2009 11:00,0.7307
5/25/2009 12:00,0.852333333
5/25/2009 13:00,0.8868
5/25/2009 14:00,0.436266667
5/25/2009 15:00,0.5623
5/25/2009 16:00,1.148566667
5/25/2009 17:00,1.833033333
5/25/2009 18:00,1.5691
5/25/2009 19:00,1.074533333
5/25/2009 20:00,0.7552
5/25/2009 21:00,2.357066667
5/25/2009 22:00,0.664133333
5/25/2009 23:00,0.4214
5/26/2009 0:00,0.331233333
5/26/2009 1:00,0.389166667
5/26/2009 2:00,0.3921
5/26/2009 3:00,0.370466667
5/26/2009 4:00,0.3632
5/26/2009 5:00,0.334433333
5/26/2009 6:00,0.764866667
5/26/2009 7:00,1.9688
5/26/2009 8:00,1.6281
5/26/2009 9:00,1.337833333
5/26/2009 10:00,1.3357
5/26/2009 11:00,1.361233333
5/26/2009 12:00,1.3192
5/26/2009 13:00,1.333133333
5/26/2009 14:00,0.9561
5/26/2009 15:00,0.323233333
5/26/2009 16:00,0.3445
5/26/2009 17:00,0.359333333
5/26/2009 18:00,0.4009
5/26/2009 19:00,0.510266667
5/26/2009 20:00,0.568433333
5/26/2009 21:00,1.652066667
5/26/2009 22:00,1.920366667
5/26/2009 23:00,2.046066667
5/27/2009 0:00,0.992266667
5/27/2009 1:00,0.433833333
5/27/2009 2:00,0.350933333
5/27/2009 3:00,0.338866667
5/27/2009 4:00,0.347766667
5/27/2009 5:00,0.315533333
5/27/2009 6:00,0.920833333
5/27/2009 7:00,1.5746
5/27/2009 8:00,1.404733333
5/27/2009 9:00,1.246933333
5/27/2009 10:00,1.781533333
5/27/2009 11:00,1.491766667
5/27/2009 12:00,1.540166667
5/27/2009 13:00,1.542966667
5/27/2009 14:00,1.084766667
5/27/2009 15:00,0.517633333
5/27/2009 16:00,1.623866667
5/27/2009 17:00,0.6036
5/27/2009 18:00,0.5052
5/27/2009 19:00,0.709233333
5/27/2009 20:00,1.087033333
5/27/2009 21:00,2.9227
5/27/2009 22:00,1.856066667
5/27/2009 23:00,0.545366667
5/28/2009 0:00,0.436033333
5/28/2009 1:00,0.305633333
5/28/2009 2:00,0.425066667
5/28/2009 3:00,0.3006
5/28/2009 4:00,0.345433333
5/28/2009 5:00,0.359133333
5/28/2009 6:00,1.166
5/28/2009 7:00,1.724166667
5/28/2009 8:00,1.399466667
5/28/2009 9:00,1.261533333
5/28/2009 10:00,1.3157
5/28/2009 11:00,1.2408
5/28/2009 12:00,0.329466667
5/28/2009 13:00,0.340266667
5/28/2009 14:00,0.3009
5/28/2009 15:00,0.270433333
5/28/2009 16:00,0.368566667
5/28/2009 17:00,0.2937
5/28/2009 18:00,0.390466667
5/28/2009 19:00,2.658566667
5/28/2009 20:00,1.152066667
5/28/2009 21:00,1.8589
5/28/2009 22:00,1.108633333
5/28/2009 23:00,0.310733333
5/29/2009 0:00,0.377066667
5/29/2009 1:00,0.365866667
5/29/2009 2:00,0.370766667
5/29/2009 3:00,0.303033333
5/29/2009 4:00,0.376833333
5/29/2009 5:00,0.308766667
5/29/2009 6:00,1.427933333
5/29/2009 7:00,1.651266667
5/29/2009 8:00,1.475633333
5/29/2009 9:00,1.3949
5/29/2009 10:00,1.460133333
5/29/2009 11:00,1.356466667
5/29/2009 12:00,0.856866667
5/29/2009 13:00,0.305833333
5/29/2009 14:00,0.494166667
5/29/2009 15:00,0.3334
5/29/2009 16:00,0.474066667
5/29/2009 17:00,1.310933333
5/29/2009 18:00,0.660333333
5/29/2009 19:00,0.355333333
5/29/2009 20:00,0.672066667
5/29/2009 21:00,1.950433333
5/29/2009 22:00,1.8135
5/29/2009 23:00,0.6185
5/30/2009 0:00,0.397
5/30/2009 1:00,0.419
5/30/2009 2:00,0.536633333
5/30/2009 3:00,0.433666667
5/30/2009 4:00,0.460366667
5/30/2009 5:00,1.103233333
5/30/2009 6:00,0.401566667
5/30/2009 7:00,0.661866667
5/30/2009 8:00,1.821133333
5/30/2009 9:00,1.844
5/30/2009 10:00,0.851366667
5/30/2009 11:00,0.541466667
5/30/2009 12:00,1.222433333
5/30/2009 13:00,1.6922
5/30/2009 14:00,1.296766667
5/30/2009 15:00,0.9534
5/30/2009 16:00,1.709533333
5/30/2009 17:00,1.7878
5/30/2009 18:00,1.836966667
5/30/2009 19:00,1.463166667
5/30/2009 20:00,1.660633333
5/30/2009 21:00,0.6753
5/30/2009 22:00,1.950533333
5/30/2009 23:00,1.931733333
5/31/2009 0:00,1.052166667
5/31/2009 1:00,0.3572
5/31/2009 2:00,0.282166667
5/31/2009 3:00,0.243033333
5/31/2009 4:00,0.304466667
5/31/2009 5:00,0.843666667
5/31/2009 6:00,0.282433333
5/31/2009 7:00,0.537833333
5/31/2009 8:00,0.2944
5/31/2009 9:00,0.424666667
5/31/2009 10:00,1.271633333
5/31/2009 11:00,1.287066667
5/31/2009 12:00,0.406766667
5/31/2009 13:00,0.277233333
5/31/2009 14:00,0.246033333
5/31/2009 15:00,0.288833333
5/31/2009 16:00,0.228166667
5/31/2009 17:00,0.285733333
5/31/2009 18:00,0.304666667
5/31/2009 19:00,0.364866667
5/31/2009 20:00,1.1382
5/31/2009 21:00,1.8149
5/31/2009 22:00,2.070133333
5/31/2009 23:00,1.3419
06-01-2009 00:00,0.3271
06-01-2009 01:00,0.204333333
06-01-2009 02:00,0.3053
06-01-2009 03:00,0.274033333
06-01-2009 04:00,0.222466667
06-01-2009 05:00,0.281666667
06-01-2009 06:00,0.232466667
06-01-2009 07:00,0.273733333
06-01-2009 08:00,0.865733333
06-01-2009 09:00,0.883033333
06-01-2009 10:00,1.064166667
06-01-2009 11:00,2.2494
06-01-2009 12:00,2.511633333
06-01-2009 13:00,1.8273
06-01-2009 14:00,1.743866667
06-01-2009 15:00,1.9237
06-01-2009 16:00,1.5166
06-01-2009 17:00,0.4731
06-01-2009 18:00,0.473433333
06-01-2009 19:00,0.838033333
06-01-2009 20:00,1.8863
06-01-2009 21:00,2.139566667
06-01-2009 22:00,1.197966667
06-01-2009 23:00,0.3394
06-02-2009 00:00,0.380966667
06-02-2009 01:00,0.332733333
06-02-2009 02:00,0.337233333
06-02-2009 03:00,0.326966667
06-02-2009 04:00,0.385733333
06-02-2009 05:00,0.425933333
06-02-2009 06:00,0.991766667
06-02-2009 07:00,1.500966667
06-02-2009 08:00,1.664266667
06-02-2009 09:00,1.481966667
06-02-2009 10:00,1.042033333
06-02-2009 11:00,0.528133333
06-02-2009 12:00,0.367233333
06-02-2009 13:00,0.283933333
06-02-2009 14:00,0.379933333
06-02-2009 15:00,0.3274
06-02-2009 16:00,0.335733333
06-02-2009 17:00,0.3998
06-02-2009 18:00,0.844466667
06-02-2009 19:00,1.141533333
06-02-2009 20:00,1.140566667
06-02-2009 21:00,1.5222
06-02-2009 22:00,1.399533333
06-02-2009 23:00,0.636266667
06-03-2009 00:00,0.3024
06-03-2009 01:00,0.3943
06-03-2009 02:00,0.3423
06-03-2009 03:00,0.393466667
06-03-2009 04:00,0.644633333
06-03-2009 05:00,0.602533333
06-03-2009 06:00,0.729433333
06-03-2009 07:00,1.960466667
06-03-2009 08:00,2.058366667
06-03-2009 09:00,1.921666667
06-03-2009 10:00,1.327433333
06-03-2009 11:00,1.8051
06-03-2009 12:00,1.5524
06-03-2009 13:00,1.586866667
06-03-2009 14:00,0.9026
06-03-2009 15:00,0.427533333
06-03-2009 16:00,0.425333333
06-03-2009 17:00,0.589166667
06-03-2009 18:00,0.5495
06-03-2009 19:00,0.402866667
06-03-2009 20:00,0.693666667
06-03-2009 21:00,1.910133333
06-03-2009 22:00,0.6918
06-03-2009 23:00,0.395666667
06-04-2009 00:00,0.249733333
06-04-2009 01:00,0.2599
06-04-2009 02:00,0.322333333
06-04-2009 03:00,0.220833333
06-04-2009 04:00,0.293366667
06-04-2009 05:00,0.2621
06-04-2009 06:00,0.763033333
06-04-2009 07:00,1.4937
06-04-2009 08:00,1.8255
06-04-2009 09:00,1.8253
06-04-2009 10:00,1.158333333
06-04-2009 11:00,0.201233333
06-04-2009 12:00,0.3009
06-04-2009 13:00,0.1933
06-04-2009 14:00,0.306733333
06-04-2009 15:00,0.214866667
06-04-2009 16:00,0.292566667
06-04-2009 17:00,0.304866667
06-04-2009 18:00,0.391
06-04-2009 19:00,1.284866667
06-04-2009 20:00,0.9606
06-04-2009 21:00,1.489
06-04-2009 22:00,1.596
06-04-2009 23:00,1.050933333
06-05-2009 00:00,0.479
06-05-2009 01:00,1.061766667
06-05-2009 02:00,0.4203
06-05-2009 03:00,0.328166667
06-05-2009 04:00,0.2883
06-05-2009 05:00,0.327766667
06-05-2009 06:00,1.072166667
06-05-2009 07:00,1.596666667
06-05-2009 08:00,1.430433333
06-05-2009 09:00,1.2937
06-05-2009 10:00,1.382866667
06-05-2009 11:00,1.2889
06-05-2009 12:00,1.393933333
06-05-2009 13:00,1.316233333
06-05-2009 14:00,1.396066667
06-05-2009 15:00,0.585833333
06-05-2009 16:00,0.404533333
06-05-2009 17:00,0.377133333
06-05-2009 18:00,0.418466667
06-05-2009 19:00,1.5709
06-05-2009 20:00,0.5542
06-05-2009 21:00,0.7953
06-05-2009 22:00,0.403466667
06-05-2009 23:00,0.3199
06-06-2009 00:00,0.439966667
06-06-2009 01:00,0.277233333
06-06-2009 02:00,0.3829
06-06-2009 03:00,0.6955
06-06-2009 04:00,0.674733333
06-06-2009 05:00,0.335966667
06-06-2009 06:00,0.467866667
06-06-2009 07:00,1.9974
06-06-2009 08:00,1.4389
06-06-2009 09:00,1.442166667
06-06-2009 10:00,0.615833333
06-06-2009 11:00,0.386666667
06-06-2009 12:00,0.4807
06-06-2009 13:00,1.2976
06-06-2009 14:00,2.065366667
06-06-2009 15:00,0.891
06-06-2009 16:00,0.377566667
06-06-2009 17:00,0.451
06-06-2009 18:00,1.0038
06-06-2009 19:00,2.555766667
06-06-2009 20:00,2.37
06-06-2009 21:00,1.557
06-06-2009 22:00,1.396733333
06-06-2009 23:00,0.989166667
06-07-2009 00:00,0.843233333
06-07-2009 01:00,0.320233333
06-07-2009 02:00,0.306066667
06-07-2009 03:00,0.279233333
06-07-2009 04:00,0.295366667
06-07-2009 05:00,0.310833333
06-07-2009 06:00,0.503433333
06-07-2009 07:00,1.003733333
06-07-2009 08:00,0.278933333
06-07-2009 09:00,0.3747
06-07-2009 10:00,0.299233333
06-07-2009 11:00,0.559866667
06-07-2009 12:00,0.850366667
06-07-2009 13:00,3.455466667
06-07-2009 14:00,1.209766667
06-07-2009 15:00,2.411966667
06-07-2009 16:00,2.2788
06-07-2009 17:00,0.7798
06-07-2009 18:00,0.4376
06-07-2009 19:00,0.508566667
06-07-2009 20:00,0.3782
06-07-2009 21:00,0.490633333
06-07-2009 22:00,0.9971
06-07-2009 23:00,0.950066667
06-08-2009 00:00,0.317433333
06-08-2009 01:00,0.341033333
06-08-2009 02:00,0.364933333
06-08-2009 03:00,0.332533333
06-08-2009 04:00,0.375933333
06-08-2009 05:00,0.321166667
06-08-2009 06:00,0.980833333
06-08-2009 07:00,1.555133333
06-08-2009 08:00,1.358166667
06-08-2009 09:00,1.4109
06-08-2009 10:00,0.668866667
06-08-2009 11:00,0.342066667
06-08-2009 12:00,0.363966667
06-08-2009 13:00,0.3334
06-08-2009 14:00,0.360733333
06-08-2009 15:00,0.340366667
06-08-2009 16:00,0.359466667
06-08-2009 17:00,0.620333333
06-08-2009 18:00,1.3284
06-08-2009 19:00,2.4233
06-08-2009 20:00,1.898033333
06-08-2009 21:00,1.3372
06-08-2009 22:00,1.016
06-08-2009 23:00,0.896066667
06-09-2009 00:00,0.952933333
06-09-2009 01:00,0.2979
06-09-2009 02:00,0.326066667
06-09-2009 03:00,0.281566667
06-09-2009 04:00,0.329133333
06-09-2009 05:00,0.291933333
06-09-2009 06:00,1.124733333
06-09-2009 07:00,1.8053
06-09-2009 08:00,1.527266667
06-09-2009 09:00,1.443633333
06-09-2009 10:00,1.4837
06-09-2009 11:00,1.3167
06-09-2009 12:00,1.4172
06-09-2009 13:00,0.847533333
06-09-2009 14:00,0.298833333
06-09-2009 15:00,0.303866667
06-09-2009 16:00,0.316866667
06-09-2009 17:00,0.3081
06-09-2009 18:00,0.318233333
06-09-2009 19:00,0.948066667
06-09-2009 20:00,1.826466667
06-09-2009 21:00,2.515233333
06-09-2009 22:00,1.531666667
06-09-2009 23:00,0.401233333
06-10-2009 00:00,0.301966667
06-10-2009 01:00,0.3835
06-10-2009 02:00,0.302833333
06-10-2009 03:00,0.372266667
06-10-2009 04:00,0.3067
06-10-2009 05:00,0.9327
06-10-2009 06:00,1.229166667
06-10-2009 07:00,1.579666667
06-10-2009 08:00,1.376233333
06-10-2009 09:00,1.1181
06-10-2009 10:00,0.304166667
06-10-2009 11:00,0.766133333
06-10-2009 12:00,0.3531
06-10-2009 13:00,2.3652
06-10-2009 14:00,1.1356
06-10-2009 15:00,0.584666667
06-10-2009 16:00,2.1782
06-10-2009 17:00,1.928933333
06-10-2009 18:00,1.555133333
06-10-2009 19:00,1.780366667
06-10-2009 20:00,0.9624
06-10-2009 21:00,2.064
06-10-2009 22:00,2.326
06-10-2009 23:00,0.509566667
06-11-2009 00:00,0.4253
06-11-2009 01:00,0.485333333
06-11-2009 02:00,0.408933333
06-11-2009 03:00,0.483033333
06-11-2009 04:00,0.398133333
06-11-2009 05:00,0.423
06-11-2009 06:00,1.0084
06-11-2009 07:00,2.0483
06-11-2009 08:00,1.4281
06-11-2009 09:00,1.528833333
06-11-2009 10:00,1.434466667
06-11-2009 11:00,1.5097
06-11-2009 12:00,1.232266667
06-11-2009 13:00,0.4879
06-11-2009 14:00,0.4324
06-11-2009 15:00,1.403733333
06-11-2009 16:00,1.085133333
06-11-2009 17:00,0.519633333
06-11-2009 18:00,0.459166667
06-11-2009 19:00,1.438366667
06-11-2009 20:00,0.719366667
06-11-2009 21:00,1.374066667
06-11-2009 22:00,0.511933333
06-11-2009 23:00,0.432
06-12-2009 00:00,0.449333333
06-12-2009 01:00,0.418233333
06-12-2009 02:00,0.433933333
06-12-2009 03:00,0.437733333
06-12-2009 04:00,0.407566667
06-12-2009 05:00,0.431666667
06-12-2009 06:00,1.752433333
06-12-2009 07:00,1.589
06-12-2009 08:00,1.556633333
06-12-2009 09:00,1.203766667
06-12-2009 10:00,0.4624
06-12-2009 11:00,0.362366667
06-12-2009 12:00,0.4751
06-12-2009 13:00,0.363366667
06-12-2009 14:00,0.463166667
06-12-2009 15:00,0.368833333
06-12-2009 16:00,0.5126
06-12-2009 17:00,0.615033333
06-12-2009 18:00,1.137133333
06-12-2009 19:00,0.5121
06-12-2009 20:00,1.3307
06-12-2009 21:00,1.741766667
06-12-2009 22:00,0.9894
06-12-2009 23:00,0.347933333
6/13/2009 0:00,0.451633333
6/13/2009 1:00,0.418233333
6/13/2009 2:00,0.433933333
6/13/2009 3:00,0.437733333
6/13/2009 4:00,0.407566667
6/13/2009 5:00,0.431666667
6/13/2009 6:00,1.752433333
6/13/2009 7:00,1.589
6/13/2009 8:00,1.556633333
6/13/2009 9:00,1.203766667
6/13/2009 10:00,0.4624
6/13/2009 11:00,0.362366667
6/13/2009 12:00,0.4751
6/13/2009 13:00,0.363366667
6/13/2009 14:00,0.463166667
6/13/2009 15:00,0.368833333
6/13/2009 16:00,0.5126
6/13/2009 17:00,0.615033333
6/13/2009 18:00,1.137133333
6/13/2009 19:00,0.5121
6/13/2009 20:00,1.3307
6/13/2009 21:00,1.741766667
6/13/2009 22:00,0.9894
6/13/2009 23:00,0.347933333
6/14/2009 0:00,0.451633333
6/14/2009 1:00,0.418233333
6/14/2009 2:00,0.433933333
6/14/2009 3:00,0.437733333
6/14/2009 4:00,0.407566667
6/14/2009 5:00,0.431666667
6/14/2009 6:00,1.752433333
6/14/2009 7:00,1.589
6/14/2009 8:00,1.556633333
6/14/2009 9:00,1.203766667
6/14/2009 10:00,0.4624
6/14/2009 11:00,0.362366667
6/14/2009 12:00,0.4751
6/14/2009 13:00,0.363366667
6/14/2009 14:00,0.463166667
6/14/2009 15:00,0.368833333
6/14/2009 16:00,0.5126
6/14/2009 17:00,0.615033333
6/14/2009 18:00,1.137133333
6/14/2009 19:00,0.5121
6/14/2009 20:00,1.3307
6/14/2009 21:00,1.741766667
6/14/2009 22:00,0.9894
6/14/2009 23:00,0.347933333
6/15/2009 0:00,0.451633333
6/15/2009 1:00,0.418233333
6/15/2009 2:00,0.433933333
6/15/2009 3:00,0.437733333
6/15/2009 4:00,0.407566667
6/15/2009 5:00,0.431666667
6/15/2009 6:00,1.752433333
6/15/2009 7:00,1.7097
6/15/2009 8:00,1.447033333
6/15/2009 9:00,1.113466667
6/15/2009 10:00,0.761533333
6/15/2009 11:00,0.297366667
6/15/2009 12:00,0.283
6/15/2009 13:00,0.25
6/15/2009 14:00,0.3214
6/15/2009 15:00,0.322533333
6/15/2009 16:00,0.2284
6/15/2009 17:00,0.760666667
6/15/2009 18:00,1.425466667
6/15/2009 19:00,0.893533333
6/15/2009 20:00,0.728733333
6/15/2009 21:00,2.1943
6/15/2009 22:00,0.687533333
6/15/2009 23:00,0.407766667
6/16/2009 0:00,0.222066667
6/16/2009 1:00,0.3473
6/16/2009 2:00,0.277133333
6/16/2009 3:00,0.2712
6/16/2009 4:00,0.2704
6/16/2009 5:00,0.271133333
6/16/2009 6:00,1.0902
6/16/2009 7:00,1.622566667
6/16/2009 8:00,1.977966667
6/16/2009 9:00,2.012733333
6/16/2009 10:00,1.404766667
6/16/2009 11:00,1.3286
6/16/2009 12:00,1.490633333
6/16/2009 13:00,1.302733333
6/16/2009 14:00,1.865
6/16/2009 15:00,0.3895
6/16/2009 16:00,0.227366667
6/16/2009 17:00,0.373833333
6/16/2009 18:00,2.4945
6/16/2009 19:00,1.465633333
6/16/2009 20:00,1.083266667
6/16/2009 21:00,1.017166667
6/16/2009 22:00,1.457733333
6/16/2009 23:00,0.8831
6/17/2009 0:00,0.373433333
6/17/2009 1:00,0.285566667
6/17/2009 2:00,0.255833333
6/17/2009 3:00,0.306633333
6/17/2009 4:00,0.191166667
6/17/2009 5:00,0.311166667
6/17/2009 6:00,1.3372
6/17/2009 7:00,1.4325
6/17/2009 8:00,1.310766667
6/17/2009 9:00,0.922766667
6/17/2009 10:00,0.269433333
6/17/2009 11:00,0.459066667
6/17/2009 12:00,0.3395
6/17/2009 13:00,0.342833333
6/17/2009 14:00,0.3384
6/17/2009 15:00,0.403366667
6/17/2009 16:00,0.280166667
6/17/2009 17:00,0.425
6/17/2009 18:00,0.825533333
6/17/2009 19:00,0.365533333
6/17/2009 20:00,1.058966667
6/17/2009 21:00,2.3328
6/17/2009 22:00,1.6969
6/17/2009 23:00,0.6024
6/18/2009 0:00,0.422433333
6/18/2009 1:00,0.227466667
6/18/2009 2:00,0.920866667
6/18/2009 3:00,0.262633333
6/18/2009 4:00,0.236466667
6/18/2009 5:00,0.276833333
6/18/2009 6:00,0.500966667
6/18/2009 7:00,1.132466667
6/18/2009 8:00,1.3951
6/18/2009 9:00,1.244933333
6/18/2009 10:00,1.361133333
6/18/2009 11:00,1.3141
6/18/2009 12:00,0.8561
6/18/2009 13:00,0.2432
6/18/2009 14:00,0.3247
6/18/2009 15:00,0.195466667
6/18/2009 16:00,0.323433333
6/18/2009 17:00,0.249033333
6/18/2009 18:00,1.184
6/18/2009 19:00,1.657366667
6/18/2009 20:00,1.580933333
6/18/2009 21:00,1.1802
6/18/2009 22:00,1.2605
6/18/2009 23:00,1.078
6/19/2009 0:00,0.394233333
6/19/2009 1:00,0.217966667
6/19/2009 2:00,0.3358
6/19/2009 3:00,0.658233333
6/19/2009 4:00,0.4974
6/19/2009 5:00,0.2663
6/19/2009 6:00,0.656833333
6/19/2009 7:00,1.9361
6/19/2009 8:00,1.846033333
6/19/2009 9:00,1.8215
6/19/2009 10:00,0.886166667
6/19/2009 11:00,0.2742
6/19/2009 12:00,0.2351
6/19/2009 13:00,0.264633333
6/19/2009 14:00,0.412033333
6/19/2009 15:00,0.265633333
6/19/2009 16:00,0.319633333
6/19/2009 17:00,1.344633333
6/19/2009 18:00,0.632533333
6/19/2009 19:00,0.4429
6/19/2009 20:00,0.7807
6/19/2009 21:00,1.189233333
6/19/2009 22:00,1.149866667
6/19/2009 23:00,1.286766667
6/20/2009 0:00,1.3446
6/20/2009 1:00,0.6206
6/20/2009 2:00,0.532766667
6/20/2009 3:00,0.2181
6/20/2009 4:00,0.276333333
6/20/2009 5:00,0.249
6/20/2009 6:00,0.545833333
6/20/2009 7:00,1.768666667
6/20/2009 8:00,1.789566667
6/20/2009 9:00,0.693433333
6/20/2009 10:00,1.868033333
6/20/2009 11:00,1.3602
6/20/2009 12:00,1.477466667
6/20/2009 13:00,1.379233333
6/20/2009 14:00,1.0551
6/20/2009 15:00,0.2323
6/20/2009 16:00,0.2794
6/20/2009 17:00,0.236733333
6/20/2009 18:00,0.3166
6/20/2009 19:00,0.342233333
6/20/2009 20:00,0.357766667
6/20/2009 21:00,0.3443
6/20/2009 22:00,0.332633333
6/20/2009 23:00,0.830766667
6/21/2009 0:00,0.575666667
6/21/2009 1:00,0.326233333
6/21/2009 2:00,0.361966667
6/21/2009 3:00,0.330666667
6/21/2009 4:00,0.356033333
6/21/2009 5:00,0.32
6/21/2009 6:00,0.3556
6/21/2009 7:00,0.332833333
6/21/2009 8:00,0.343633333
6/21/2009 9:00,0.3145
6/21/2009 10:00,1.024966667
6/21/2009 11:00,0.3153
6/21/2009 12:00,0.237366667
6/21/2009 13:00,0.3204
6/21/2009 14:00,0.2112
6/21/2009 15:00,0.295533333
6/21/2009 16:00,0.392366667
6/21/2009 17:00,0.320233333
6/21/2009 18:00,1.096833333
6/21/2009 19:00,1.4966
6/21/2009 20:00,2.050133333
6/21/2009 21:00,1.402533333
6/21/2009 22:00,1.021233333
6/21/2009 23:00,0.450533333
6/22/2009 0:00,0.269666667
6/22/2009 1:00,0.258233333
6/22/2009 2:00,0.283366667
6/22/2009 3:00,0.2239
6/22/2009 4:00,0.282733333
6/22/2009 5:00,0.8992
6/22/2009 6:00,0.543133333
6/22/2009 7:00,0.566533333
6/22/2009 8:00,1.535066667
6/22/2009 9:00,1.355233333
6/22/2009 10:00,1.381766667
6/22/2009 11:00,1.2561
6/22/2009 12:00,1.354233333
6/22/2009 13:00,1.265733333
6/22/2009 14:00,0.582766667
6/22/2009 15:00,0.207466667
6/22/2009 16:00,0.263
6/22/2009 17:00,0.525633333
6/22/2009 18:00,0.383566667
6/22/2009 19:00,0.435266667
6/22/2009 20:00,1.204833333
6/22/2009 21:00,1.852
6/22/2009 22:00,0.994
6/22/2009 23:00,0.311533333
6/23/2009 0:00,0.261733333
6/23/2009 1:00,0.261766667
6/23/2009 2:00,0.240266667
6/23/2009 3:00,0.8546
6/23/2009 4:00,0.2892
6/23/2009 5:00,0.248366667
6/23/2009 6:00,0.896366667
6/23/2009 7:00,1.474233333
6/23/2009 8:00,1.5726
6/23/2009 9:00,1.272233333
6/23/2009 10:00,0.251833333
6/23/2009 11:00,0.729333333
6/23/2009 12:00,0.8464
6/23/2009 13:00,0.249966667
6/23/2009 14:00,0.251433333
6/23/2009 15:00,0.304766667
6/23/2009 16:00,0.211866667
6/23/2009 17:00,0.325666667
6/23/2009 18:00,0.259133333
6/23/2009 19:00,1.296466667
6/23/2009 20:00,1.288066667
6/23/2009 21:00,0.883433333
6/23/2009 22:00,2.133633333
6/23/2009 23:00,0.916866667
6/24/2009 0:00,0.2315
6/24/2009 1:00,0.318433333
6/24/2009 2:00,0.245
6/24/2009 3:00,0.286666667
6/24/2009 4:00,0.234266667
6/24/2009 5:00,0.299433333
6/24/2009 6:00,0.999066667
6/24/2009 7:00,1.765133333
6/24/2009 8:00,1.282
6/24/2009 9:00,1.3404
6/24/2009 10:00,1.3818
6/24/2009 11:00,1.699733333
6/24/2009 12:00,1.544066667
6/24/2009 13:00,1.343966667
6/24/2009 14:00,1.449166667
6/24/2009 15:00,0.814266667
6/24/2009 16:00,0.409466667
6/24/2009 17:00,0.579233333
6/24/2009 18:00,2.7345
6/24/2009 19:00,2.0194
6/24/2009 20:00,1.351433333
6/24/2009 21:00,1.382166667
6/24/2009 22:00,1.611933333
6/24/2009 23:00,0.2582
6/25/2009 0:00,0.305566667
6/25/2009 1:00,0.294433333
6/25/2009 2:00,0.269866667
6/25/2009 3:00,0.2871
6/25/2009 4:00,0.241966667
6/25/2009 5:00,0.297066667
6/25/2009 6:00,0.8471
6/25/2009 7:00,1.4752
6/25/2009 8:00,1.5055
6/25/2009 9:00,0.282133333
6/25/2009 10:00,0.276833333
6/25/2009 11:00,0.301066667
6/25/2009 12:00,0.286166667
6/25/2009 13:00,0.229633333
6/25/2009 14:00,0.316866667
6/25/2009 15:00,0.281733333
6/25/2009 16:00,0.299
6/25/2009 17:00,0.8864
6/25/2009 18:00,0.451466667
6/25/2009 19:00,0.415966667
6/25/2009 20:00,0.7077
6/25/2009 21:00,1.239066667
6/25/2009 22:00,1.025333333
6/25/2009 23:00,0.332866667
6/26/2009 0:00,0.3094
6/26/2009 1:00,0.308766667
6/26/2009 2:00,0.290933333
6/26/2009 3:00,0.262633333
6/26/2009 4:00,0.262733333
6/26/2009 5:00,0.3196
6/26/2009 6:00,1.210966667
6/26/2009 7:00,1.586033333
6/26/2009 8:00,1.769766667
6/26/2009 9:00,1.7118
6/26/2009 10:00,1.865333333
6/26/2009 11:00,0.728733333
6/26/2009 12:00,0.305566667
6/26/2009 13:00,0.313233333
6/26/2009 14:00,0.446033333
6/26/2009 15:00,0.352133333
6/26/2009 16:00,0.3268
6/26/2009 17:00,1.3851
6/26/2009 18:00,0.551266667
6/26/2009 19:00,1.5105
6/26/2009 20:00,0.7102
6/26/2009 21:00,1.1146
6/26/2009 22:00,1.894933333
6/26/2009 23:00,1.751633333
6/27/2009 0:00,2.013966667
6/27/2009 1:00,1.1808
6/27/2009 2:00,0.733766667
6/27/2009 3:00,0.349466667
6/27/2009 4:00,0.3112
6/27/2009 5:00,0.3099
6/27/2009 6:00,0.315166667
6/27/2009 7:00,0.566666667
6/27/2009 8:00,0.6204
6/27/2009 9:00,1.931133333
6/27/2009 10:00,2.245533333
6/27/2009 11:00,0.6684
6/27/2009 12:00,0.346633333
6/27/2009 13:00,1.857233333
6/27/2009 14:00,1.6905
6/27/2009 15:00,0.389233333
6/27/2009 16:00,0.5969
6/27/2009 17:00,1.5434
6/27/2009 18:00,1.5354
6/27/2009 19:00,1.423833333
6/27/2009 20:00,1.870233333
6/27/2009 21:00,2.085166667
6/27/2009 22:00,2.732
6/27/2009 23:00,1.167266667
6/28/2009 0:00,0.318766667
6/28/2009 1:00,0.354866667
6/28/2009 2:00,0.320266667
6/28/2009 3:00,0.334733333
6/28/2009 4:00,0.306833333
6/28/2009 5:00,0.267233333
6/28/2009 6:00,0.3076
6/28/2009 7:00,0.434566667
6/28/2009 8:00,1.3193
6/28/2009 9:00,0.5831
6/28/2009 10:00,0.775866667
6/28/2009 11:00,1.727566667
6/28/2009 12:00,0.929933333
6/28/2009 13:00,0.328766667
6/28/2009 14:00,0.329166667
6/28/2009 15:00,0.381366667
6/28/2009 16:00,0.3467
6/28/2009 17:00,0.907533333
6/28/2009 18:00,1.684366667
6/28/2009 19:00,0.820566667
6/28/2009 20:00,1.292666667
6/28/2009 21:00,1.305966667
6/28/2009 22:00,1.526333333
6/28/2009 23:00,0.7525
6/29/2009 0:00,0.373333333
6/29/2009 1:00,0.3396
6/29/2009 2:00,0.3545
6/29/2009 3:00,0.532733333
6/29/2009 4:00,0.6917
6/29/2009 5:00,0.895666667
6/29/2009 6:00,0.567333333
6/29/2009 7:00,1.5932
6/29/2009 8:00,1.1245
6/29/2009 9:00,0.8135
6/29/2009 10:00,0.402166667
6/29/2009 11:00,0.440666667
6/29/2009 12:00,0.427866667
6/29/2009 13:00,0.305633333
6/29/2009 14:00,0.414966667
6/29/2009 15:00,0.4107
6/29/2009 16:00,0.7136
6/29/2009 17:00,0.632766667
6/29/2009 18:00,1.390866667
6/29/2009 19:00,0.470666667
6/29/2009 20:00,0.530166667
6/29/2009 21:00,0.6917
6/29/2009 22:00,1.873166667
6/29/2009 23:00,0.844566667
6/30/2009 0:00,0.501833333
6/30/2009 1:00,0.3089
6/30/2009 2:00,0.332266667
6/30/2009 3:00,0.288733333
6/30/2009 4:00,0.334166667
6/30/2009 5:00,0.2804
6/30/2009 6:00,0.926933333
6/30/2009 7:00,1.551233333
6/30/2009 8:00,1.5157
6/30/2009 9:00,1.670266667
6/30/2009 10:00,1.789066667
6/30/2009 11:00,1.578566667
6/30/2009 12:00,0.549333333
6/30/2009 13:00,1.0064
6/30/2009 14:00,0.868833333
6/30/2009 15:00,0.686933333
6/30/2009 16:00,0.497766667
6/30/2009 17:00,0.488633333
6/30/2009 18:00,0.9514
6/30/2009 19:00,0.5314
6/30/2009 20:00,1.444566667
6/30/2009 21:00,0.803466667
6/30/2009 22:00,0.5582
6/30/2009 23:00,0.4091
07-01-2009 00:00,0.3748
07-01-2009 01:00,0.4019
07-01-2009 02:00,0.349133333
07-01-2009 03:00,0.3987
07-01-2009 04:00,0.3596
07-01-2009 05:00,0.873433333
07-01-2009 06:00,1.1159
07-01-2009 07:00,1.827466667
07-01-2009 08:00,1.609133333
07-01-2009 09:00,1.3554
07-01-2009 10:00,0.387266667
07-01-2009 11:00,0.574533333
07-01-2009 12:00,0.485866667
07-01-2009 13:00,1.0118
07-01-2009 14:00,0.932633333
07-01-2009 15:00,0.392066667
07-01-2009 16:00,1.451966667
07-01-2009 17:00,1.662633333
07-01-2009 18:00,1.005833333
07-01-2009 19:00,0.9051
07-01-2009 20:00,0.647333333
07-01-2009 21:00,0.677933333
07-01-2009 22:00,1.0746
07-01-2009 23:00,0.430666667
07-02-2009 00:00,0.5183
07-02-2009 01:00,0.420066667
07-02-2009 02:00,0.381266667
07-02-2009 03:00,0.3732
07-02-2009 04:00,0.374133333
07-02-2009 05:00,0.348166667
07-02-2009 06:00,1.7049
07-02-2009 07:00,1.4705
07-02-2009 08:00,0.439566667
07-02-2009 09:00,1.395233333
07-02-2009 10:00,1.639666667
07-02-2009 11:00,0.4242
07-02-2009 12:00,0.6558
07-02-2009 13:00,0.740166667
07-02-2009 14:00,0.5313
07-02-2009 15:00,0.367733333
07-02-2009 16:00,0.741433333
07-02-2009 17:00,1.293233333
07-02-2009 18:00,1.271833333
07-02-2009 19:00,0.577433333
07-02-2009 20:00,1.239
07-02-2009 21:00,1.905633333
07-02-2009 22:00,1.408
07-02-2009 23:00,0.488866667
07-03-2009 00:00,0.392833333
07-03-2009 01:00,0.283066667
07-03-2009 02:00,0.3554
07-03-2009 03:00,0.295233333
07-03-2009 04:00,0.335266667
07-03-2009 05:00,0.2789
07-03-2009 06:00,0.4419
07-03-2009 07:00,2.054233333
07-03-2009 08:00,1.215633333
07-03-2009 09:00,0.742466667
07-03-2009 10:00,0.339133333
07-03-2009 11:00,0.330366667
07-03-2009 12:00,0.338633333
07-03-2009 13:00,0.307
07-03-2009 14:00,0.3343
07-03-2009 15:00,0.430866667
07-03-2009 16:00,0.3823
07-03-2009 17:00,1.197233333
07-03-2009 18:00,1.3201
07-03-2009 19:00,1.455833333
07-03-2009 20:00,0.3479
07-03-2009 21:00,0.333366667
07-03-2009 22:00,0.3092
07-03-2009 23:00,0.5813
07-04-2009 00:00,0.2948
07-04-2009 01:00,0.324133333
07-04-2009 02:00,0.2804
07-04-2009 03:00,0.351333333
07-04-2009 04:00,0.8688
07-04-2009 05:00,0.315166667
07-04-2009 06:00,0.269866667
07-04-2009 07:00,0.587333333
07-04-2009 08:00,1.096266667
07-04-2009 09:00,0.7616
07-04-2009 10:00,1.1438
07-04-2009 11:00,0.7314
07-04-2009 12:00,1.051366667
07-04-2009 13:00,1.634366667
07-04-2009 14:00,0.895966667
07-04-2009 15:00,0.6047
07-04-2009 16:00,1.089766667
07-04-2009 17:00,1.745866667
07-04-2009 18:00,0.8503
07-04-2009 19:00,0.620533333
07-04-2009 20:00,0.564766667
07-04-2009 21:00,1.261
07-04-2009 22:00,2.071733333
07-04-2009 23:00,1.227533333
07-05-2009 00:00,1.3399
07-05-2009 01:00,1.796866667
07-05-2009 02:00,0.476033333
07-05-2009 03:00,0.4067
07-05-2009 04:00,0.3752
07-05-2009 05:00,0.443366667
07-05-2009 06:00,0.405333333
07-05-2009 07:00,0.342066667
07-05-2009 08:00,0.6297
07-05-2009 09:00,2.023166667
07-05-2009 10:00,0.643433333
07-05-2009 11:00,1.002366667
07-05-2009 12:00,0.846
07-05-2009 13:00,1.665566667
07-05-2009 14:00,1.310366667
07-05-2009 15:00,0.667966667
07-05-2009 16:00,0.904
07-05-2009 17:00,0.760033333
07-05-2009 18:00,0.466866667
07-05-2009 19:00,2.399766667
07-05-2009 20:00,1.212633333
07-05-2009 21:00,1.8672
07-05-2009 22:00,1.1488
07-05-2009 23:00,0.378933333
07-06-2009 00:00,0.3422
07-06-2009 01:00,0.286533333
07-06-2009 02:00,0.329533333
07-06-2009 03:00,0.3752
07-06-2009 04:00,0.2882
07-06-2009 05:00,0.292166667
07-06-2009 06:00,0.780933333
07-06-2009 07:00,1.474
07-06-2009 08:00,1.425633333
07-06-2009 09:00,1.388066667
07-06-2009 10:00,0.282233333
07-06-2009 11:00,0.306133333
07-06-2009 12:00,0.276866667
07-06-2009 13:00,0.283866667
07-06-2009 14:00,0.315566667
07-06-2009 15:00,0.356
07-06-2009 16:00,0.2924
07-06-2009 17:00,0.301533333
07-06-2009 18:00,0.365766667
07-06-2009 19:00,1.035066667
07-06-2009 20:00,0.6712
07-06-2009 21:00,1.2574
07-06-2009 22:00,1.7545
07-06-2009 23:00,1.423333333
07-07-2009 00:00,0.781833333
07-07-2009 01:00,0.3022
07-07-2009 02:00,0.3011
07-07-2009 03:00,0.348366667
07-07-2009 04:00,0.2917
07-07-2009 05:00,0.204233333
07-07-2009 06:00,1.045633333
07-07-2009 07:00,1.180466667
07-07-2009 08:00,1.366633333
07-07-2009 09:00,0.411733333
07-07-2009 10:00,1.034
07-07-2009 11:00,0.587566667
07-07-2009 12:00,0.342566667
07-07-2009 13:00,0.261833333
07-07-2009 14:00,0.2955
07-07-2009 15:00,0.3304
07-07-2009 16:00,0.318533333
07-07-2009 17:00,0.546633333
07-07-2009 18:00,1.501
07-07-2009 19:00,1.631533333
07-07-2009 20:00,2.366666667
07-07-2009 21:00,1.7551
07-07-2009 22:00,0.839233333
07-07-2009 23:00,0.4578
07-08-2009 00:00,0.4197
07-08-2009 01:00,0.9044
07-08-2009 02:00,0.509733333
07-08-2009 03:00,0.405933333
07-08-2009 04:00,0.323666667
07-08-2009 05:00,0.35
07-08-2009 06:00,0.4697
07-08-2009 07:00,1.2348
07-08-2009 08:00,3.0504
07-08-2009 09:00,1.486733333
07-08-2009 10:00,1.422533333
07-08-2009 11:00,1.423366667
07-08-2009 12:00,0.464633333
07-08-2009 13:00,0.271733333
07-08-2009 14:00,0.3725
07-08-2009 15:00,0.3409
07-08-2009 16:00,0.354666667
07-08-2009 17:00,0.341866667
07-08-2009 18:00,0.312533333
07-08-2009 19:00,0.558566667
07-08-2009 20:00,1.478166667
07-08-2009 21:00,1.932533333
07-08-2009 22:00,1.528466667
07-08-2009 23:00,0.6158
07-09-2009 00:00,0.359266667
07-09-2009 01:00,0.3643
07-09-2009 02:00,0.250233333
07-09-2009 03:00,0.379566667
07-09-2009 04:00,0.3292
07-09-2009 05:00,0.250866667
07-09-2009 06:00,0.431733333
07-09-2009 07:00,1.388333333
07-09-2009 08:00,1.203966667
07-09-2009 09:00,0.469866667
07-09-2009 10:00,0.4063
07-09-2009 11:00,0.442166667
07-09-2009 12:00,0.265866667
07-09-2009 13:00,0.3348
07-09-2009 14:00,0.3479
07-09-2009 15:00,0.252566667
07-09-2009 16:00,0.826533333
07-09-2009 17:00,0.621766667
07-09-2009 18:00,0.347
07-09-2009 19:00,0.514
07-09-2009 20:00,0.963966667
07-09-2009 21:00,1.164533333
07-09-2009 22:00,1.338
07-09-2009 23:00,0.851466667
07-10-2009 00:00,0.4345
07-10-2009 01:00,0.211766667
07-10-2009 02:00,0.303966667
07-10-2009 03:00,0.282366667
07-10-2009 04:00,0.201666667
07-10-2009 05:00,1.006666667
07-10-2009 06:00,0.6657
07-10-2009 07:00,1.940466667
07-10-2009 08:00,1.924933333
07-10-2009 09:00,1.293733333
07-10-2009 10:00,0.5968
07-10-2009 11:00,0.265966667
07-10-2009 12:00,0.292233333
07-10-2009 13:00,0.357233333
07-10-2009 14:00,0.552033333
07-10-2009 15:00,1.2984
07-10-2009 16:00,0.561066667
07-10-2009 17:00,0.586133333
07-10-2009 18:00,0.472133333
07-10-2009 19:00,0.5937
07-10-2009 20:00,0.671233333
07-10-2009 21:00,1.265133333
07-10-2009 22:00,1.882833333
07-10-2009 23:00,2.236033333
07-11-2009 00:00,0.329733333
07-11-2009 01:00,0.291466667
07-11-2009 02:00,0.3568
07-11-2009 03:00,0.2696
07-11-2009 04:00,0.626266667
07-11-2009 05:00,0.692066667
07-11-2009 06:00,0.255566667
07-11-2009 07:00,0.680433333
07-11-2009 08:00,1.080633333
07-11-2009 09:00,1.283733333
07-11-2009 10:00,0.576666667
07-11-2009 11:00,0.6476
07-11-2009 12:00,1.5468
07-11-2009 13:00,1.7594
07-11-2009 14:00,1.907333333
07-11-2009 15:00,1.3996
07-11-2009 16:00,0.5216
07-11-2009 17:00,0.568466667
07-11-2009 18:00,0.435766667
07-11-2009 19:00,0.253133333
07-11-2009 20:00,0.285566667
07-11-2009 21:00,0.234466667
07-11-2009 22:00,0.316466667
07-11-2009 23:00,0.246966667
07-12-2009 00:00,0.785666667
07-12-2009 01:00,0.2471
07-12-2009 02:00,0.282433333
07-12-2009 03:00,0.2858
07-12-2009 04:00,0.1886
07-12-2009 05:00,0.314966667
07-12-2009 06:00,0.2406
07-12-2009 07:00,0.291133333
07-12-2009 08:00,0.199933333
07-12-2009 09:00,0.2599
07-12-2009 10:00,0.710533333
07-12-2009 11:00,0.533966667
07-12-2009 12:00,0.249866667
07-12-2009 13:00,0.252833333
07-12-2009 14:00,0.281633333
07-12-2009 15:00,0.262966667
07-12-2009 16:00,0.201566667
07-12-2009 17:00,0.537633333
07-12-2009 18:00,0.241766667
07-12-2009 19:00,0.296766667
07-12-2009 20:00,0.2097
07-12-2009 21:00,0.550066667
07-12-2009 22:00,0.864533333
07-12-2009 23:00,0.268
7/13/2009 0:00,0.287933333
7/13/2009 1:00,0.205033333
7/13/2009 2:00,0.298
7/13/2009 3:00,0.262
7/13/2009 4:00,0.259833333
7/13/2009 5:00,0.254566667
7/13/2009 6:00,0.251233333
7/13/2009 7:00,0.2963
7/13/2009 8:00,0.262833333
7/13/2009 9:00,1.14
7/13/2009 10:00,0.279033333
7/13/2009 11:00,0.2627
7/13/2009 12:00,0.313
7/13/2009 13:00,0.190666667
7/13/2009 14:00,0.287133333
7/13/2009 15:00,0.2694
7/13/2009 16:00,0.280733333
7/13/2009 17:00,0.2281
7/13/2009 18:00,0.3163
7/13/2009 19:00,0.345966667
7/13/2009 20:00,0.622133333
7/13/2009 21:00,0.840666667
7/13/2009 22:00,0.269333333
7/13/2009 23:00,0.2562
7/14/2009 0:00,0.325333333
7/14/2009 1:00,0.1868
7/14/2009 2:00,0.303666667
7/14/2009 3:00,0.260366667
7/14/2009 4:00,0.274766667
7/14/2009 5:00,0.251566667
7/14/2009 6:00,0.224633333
7/14/2009 7:00,0.3198
7/14/2009 8:00,0.9441
7/14/2009 9:00,0.821266667
7/14/2009 10:00,0.298
7/14/2009 11:00,1.234066667
7/14/2009 12:00,2.745333333
7/14/2009 13:00,0.2823
7/14/2009 14:00,0.441433333
7/14/2009 15:00,0.494166667
7/14/2009 16:00,0.459266667
7/14/2009 17:00,0.431833333
7/14/2009 18:00,0.793966667
7/14/2009 19:00,1.121766667
7/14/2009 20:00,0.502866667
7/14/2009 21:00,1.743
7/14/2009 22:00,0.418966667
7/14/2009 23:00,0.311233333
7/15/2009 0:00,0.256
7/15/2009 1:00,0.2886
7/15/2009 2:00,0.350333333
7/15/2009 3:00,0.275733333
7/15/2009 4:00,0.2684
7/15/2009 5:00,0.290933333
7/15/2009 6:00,0.590366667
7/15/2009 7:00,1.4597
7/15/2009 8:00,1.7753
7/15/2009 9:00,1.5733
7/15/2009 10:00,0.218466667
7/15/2009 11:00,0.301033333
7/15/2009 12:00,0.303433333
7/15/2009 13:00,0.299933333
7/15/2009 14:00,0.268733333
7/15/2009 15:00,0.266066667
7/15/2009 16:00,0.350733333
7/15/2009 17:00,0.305366667
7/15/2009 18:00,0.8022
7/15/2009 19:00,0.418566667
7/15/2009 20:00,0.3498
7/15/2009 21:00,0.335533333
7/15/2009 22:00,0.331266667
7/15/2009 23:00,0.2881
7/16/2009 0:00,0.3463
7/16/2009 1:00,0.329166667
7/16/2009 2:00,0.3313
7/16/2009 3:00,0.341333333
7/16/2009 4:00,0.283
7/16/2009 5:00,1.041366667
7/16/2009 6:00,0.427433333
7/16/2009 7:00,0.356733333
7/16/2009 8:00,0.4076
7/16/2009 9:00,0.2983
7/16/2009 10:00,0.3695
7/16/2009 11:00,0.37
7/16/2009 12:00,0.3542
7/16/2009 13:00,0.3242
7/16/2009 14:00,0.357433333
7/16/2009 15:00,0.376
7/16/2009 16:00,0.6151
7/16/2009 17:00,1.1898
7/16/2009 18:00,0.3702
7/16/2009 19:00,0.292566667
7/16/2009 20:00,0.278433333
7/16/2009 21:00,0.3411
7/16/2009 22:00,0.335
7/16/2009 23:00,0.2565
7/17/2009 0:00,0.291633333
7/17/2009 1:00,0.2806
7/17/2009 2:00,0.325733333
7/17/2009 3:00,0.317533333
7/17/2009 4:00,0.712366667
7/17/2009 5:00,0.8155
7/17/2009 6:00,0.277666667
7/17/2009 7:00,0.348366667
7/17/2009 8:00,0.835266667
7/17/2009 9:00,1.358433333
7/17/2009 10:00,1.373666667
7/17/2009 11:00,0.456133333
7/17/2009 12:00,0.345933333
7/17/2009 13:00,0.360333333
7/17/2009 14:00,0.322233333
7/17/2009 15:00,0.442366667
7/17/2009 16:00,0.428533333
7/17/2009 17:00,0.471766667
7/17/2009 18:00,0.349833333
7/17/2009 19:00,0.3211
7/17/2009 20:00,0.954066667
7/17/2009 21:00,0.2527
7/17/2009 22:00,0.294333333
7/17/2009 23:00,0.2607
7/18/2009 0:00,0.311866667
7/18/2009 1:00,0.266733333
7/18/2009 2:00,0.264566667
7/18/2009 3:00,0.2524
7/18/2009 4:00,0.303733333
7/18/2009 5:00,0.2876
7/18/2009 6:00,0.210666667
7/18/2009 7:00,1.147166667
7/18/2009 8:00,0.4481
7/18/2009 9:00,0.425533333
7/18/2009 10:00,0.3899
7/18/2009 11:00,0.440466667
7/18/2009 12:00,0.4883
7/18/2009 13:00,1.0999
7/18/2009 14:00,0.476666667
7/18/2009 15:00,0.4084
7/18/2009 16:00,0.4454
7/18/2009 17:00,0.6408
7/18/2009 18:00,1.053533333
7/18/2009 19:00,1.558966667
7/18/2009 20:00,1.488066667
7/18/2009 21:00,0.861666667
7/18/2009 22:00,1.344333333
7/18/2009 23:00,1.492066667
7/19/2009 0:00,1.841833333
7/19/2009 1:00,1.742166667
7/19/2009 2:00,2.0685
7/19/2009 3:00,1.997966667
7/19/2009 4:00,0.6161
7/19/2009 5:00,0.507833333
7/19/2009 6:00,0.422733333
7/19/2009 7:00,0.404233333
7/19/2009 8:00,0.479433333
7/19/2009 9:00,1.0739
7/19/2009 10:00,0.688866667
7/19/2009 11:00,1.189166667
7/19/2009 12:00,0.91
7/19/2009 13:00,0.405766667
7/19/2009 14:00,0.432066667
7/19/2009 15:00,0.475466667
7/19/2009 16:00,0.430033333
7/19/2009 17:00,0.469766667
7/19/2009 18:00,1.045
7/19/2009 19:00,0.472633333
7/19/2009 20:00,0.437966667
7/19/2009 21:00,0.7565
7/19/2009 22:00,0.650633333
7/19/2009 23:00,0.542166667
7/20/2009 0:00,0.246766667
7/20/2009 1:00,0.253633333
7/20/2009 2:00,0.291433333
7/20/2009 3:00,0.200666667
7/20/2009 4:00,0.9864
7/20/2009 5:00,0.2699
7/20/2009 6:00,0.196433333
7/20/2009 7:00,0.396266667
7/20/2009 8:00,0.229433333
7/20/2009 9:00,0.2568
7/20/2009 10:00,0.2486
7/20/2009 11:00,0.262966667
7/20/2009 12:00,0.477233333
7/20/2009 13:00,1.827533333
7/20/2009 14:00,1.8438
7/20/2009 15:00,0.5011
7/20/2009 16:00,0.3455
7/20/2009 17:00,0.294833333
7/20/2009 18:00,0.333266667
7/20/2009 19:00,0.337533333
7/20/2009 20:00,0.3445
7/20/2009 21:00,0.272533333
7/20/2009 22:00,0.3328
7/20/2009 23:00,0.2915
7/21/2009 0:00,1.0598
7/21/2009 1:00,0.339266667
7/21/2009 2:00,0.301333333
7/21/2009 3:00,0.3213
7/21/2009 4:00,0.333066667
7/21/2009 5:00,0.280866667
7/21/2009 6:00,0.254433333
7/21/2009 7:00,0.427366667
7/21/2009 8:00,1.4196
7/21/2009 9:00,1.4529
7/21/2009 10:00,1.4603
7/21/2009 11:00,1.3353
7/21/2009 12:00,0.2941
7/21/2009 13:00,0.290866667
7/21/2009 14:00,0.2677
7/21/2009 15:00,0.2991
7/21/2009 16:00,0.366633333
7/21/2009 17:00,0.392366667
7/21/2009 18:00,0.4024
7/21/2009 19:00,0.289433333
7/21/2009 20:00,0.942533333
7/21/2009 21:00,0.408533333
7/21/2009 22:00,0.286333333
7/21/2009 23:00,0.337166667
7/22/2009 0:00,0.301866667
7/22/2009 1:00,0.275033333
7/22/2009 2:00,0.360966667
7/22/2009 3:00,0.292833333
7/22/2009 4:00,0.278333333
7/22/2009 5:00,0.343033333
7/22/2009 6:00,0.243
7/22/2009 7:00,0.8751
7/22/2009 8:00,0.612166667
7/22/2009 9:00,0.2947
7/22/2009 10:00,0.3381
7/22/2009 11:00,0.279533333
7/22/2009 12:00,0.299366667
7/22/2009 13:00,0.289466667
7/22/2009 14:00,0.274233333
7/22/2009 15:00,0.3536
7/22/2009 16:00,0.383466667
7/22/2009 17:00,0.354466667
7/22/2009 18:00,0.539666667
7/22/2009 19:00,1.3132
7/22/2009 20:00,1.1042
7/22/2009 21:00,0.958033333
7/22/2009 22:00,0.962966667
7/22/2009 23:00,0.9982
7/23/2009 0:00,0.9039
7/23/2009 1:00,1.097666667
7/23/2009 2:00,1.7405
7/23/2009 3:00,0.9756
7/23/2009 4:00,0.765533333
7/23/2009 5:00,0.271166667
7/23/2009 6:00,0.304233333
7/23/2009 7:00,0.289266667
7/23/2009 8:00,1.078333333
7/23/2009 9:00,1.454866667
7/23/2009 10:00,1.378233333
7/23/2009 11:00,1.3882
7/23/2009 12:00,0.467766667
7/23/2009 13:00,0.268766667
7/23/2009 14:00,0.326333333
7/23/2009 15:00,0.2074
7/23/2009 16:00,0.434266667
7/23/2009 17:00,0.321533333
7/23/2009 18:00,0.326433333
7/23/2009 19:00,1.346933333
7/23/2009 20:00,0.973966667
7/23/2009 21:00,0.2866
7/23/2009 22:00,0.301766667
7/23/2009 23:00,0.2574
7/24/2009 0:00,0.373033333
7/24/2009 1:00,0.526166667
7/24/2009 2:00,0.339533333
7/24/2009 3:00,0.284966667
7/24/2009 4:00,0.279966667
7/24/2009 5:00,0.942333333
7/24/2009 6:00,0.197966667
7/24/2009 7:00,0.318933333
7/24/2009 8:00,0.392266667
7/24/2009 9:00,0.422433333
7/24/2009 10:00,0.6252
7/24/2009 11:00,0.683066667
7/24/2009 12:00,0.284166667
7/24/2009 13:00,0.265833333
7/24/2009 14:00,0.322166667
7/24/2009 15:00,0.182666667
7/24/2009 16:00,0.293233333
7/24/2009 17:00,0.312066667
7/24/2009 18:00,0.2586
7/24/2009 19:00,0.252466667
7/24/2009 20:00,0.354466667
7/24/2009 21:00,0.963666667
7/24/2009 22:00,0.2617
7/24/2009 23:00,0.2254
7/25/2009 0:00,0.261533333
7/25/2009 1:00,0.272433333
7/25/2009 2:00,0.2964
7/25/2009 3:00,0.179733333
7/25/2009 4:00,0.313466667
7/25/2009 5:00,0.254533333
7/25/2009 6:00,0.215433333
7/25/2009 7:00,0.2827
7/25/2009 8:00,1.350833333
7/25/2009 9:00,0.514133333
7/25/2009 10:00,0.324066667
7/25/2009 11:00,0.343133333
7/25/2009 12:00,0.217966667
7/25/2009 13:00,0.318633333
7/25/2009 14:00,0.319633333
7/25/2009 15:00,0.230166667
7/25/2009 16:00,0.319466667
7/25/2009 17:00,0.285733333
7/25/2009 18:00,0.2705
7/25/2009 19:00,0.916033333
7/25/2009 20:00,0.661666667
7/25/2009 21:00,0.282966667
7/25/2009 22:00,0.2353
7/25/2009 23:00,0.278333333
7/26/2009 0:00,0.2725
7/26/2009 1:00,0.320933333
7/26/2009 2:00,0.216033333
7/26/2009 3:00,0.320533333
7/26/2009 4:00,0.262733333
7/26/2009 5:00,0.2894
7/26/2009 6:00,0.230366667
7/26/2009 7:00,1.257033333
7/26/2009 8:00,0.297666667
7/26/2009 9:00,0.2507
7/26/2009 10:00,0.253566667
7/26/2009 11:00,0.277733333
7/26/2009 12:00,0.319333333
7/26/2009 13:00,0.205866667
7/26/2009 14:00,0.276066667
7/26/2009 15:00,0.299566667
7/26/2009 16:00,0.609333333
7/26/2009 17:00,1.001233333
7/26/2009 18:00,0.3672
7/26/2009 19:00,0.3373
7/26/2009 20:00,0.3692
7/26/2009 21:00,0.321066667
7/26/2009 22:00,0.324833333
7/26/2009 23:00,0.370066667
7/27/2009 0:00,0.364633333
7/27/2009 1:00,0.340066667
7/27/2009 2:00,0.3592
7/27/2009 3:00,0.368233333
7/27/2009 4:00,1.2118
7/27/2009 5:00,0.349366667
7/27/2009 6:00,0.36
7/27/2009 7:00,0.2948
7/27/2009 8:00,0.345966667
7/27/2009 9:00,1.353733333
7/27/2009 10:00,1.034966667
7/27/2009 11:00,0.3529
7/27/2009 12:00,0.335933333
7/27/2009 13:00,0.311533333
7/27/2009 14:00,0.363733333
7/27/2009 15:00,0.340033333
7/27/2009 16:00,0.2997
7/27/2009 17:00,0.3564
7/27/2009 18:00,0.339766667
7/27/2009 19:00,1.0382
7/27/2009 20:00,0.300633333
7/27/2009 21:00,0.344733333
7/27/2009 22:00,0.353033333
7/27/2009 23:00,0.356733333
7/28/2009 0:00,0.295166667
7/28/2009 1:00,0.3451
7/28/2009 2:00,0.3543
7/28/2009 3:00,0.295933333
7/28/2009 4:00,0.339666667
7/28/2009 5:00,0.357
7/28/2009 6:00,1.149733333
7/28/2009 7:00,0.330966667
7/28/2009 8:00,0.4626
7/28/2009 9:00,0.3686
7/28/2009 10:00,0.431633333
7/28/2009 11:00,0.464933333
7/28/2009 12:00,1.5792
7/28/2009 13:00,0.228366667
7/28/2009 14:00,0.284266667
7/28/2009 15:00,0.298333333
7/28/2009 16:00,0.2653
7/28/2009 17:00,0.3349
7/28/2009 18:00,1.486466667
7/28/2009 19:00,1.535733333
7/28/2009 20:00,0.4182
7/28/2009 21:00,0.4073
7/28/2009 22:00,1.302466667
7/28/2009 23:00,1.711333333
7/29/2009 0:00,0.370033333
7/29/2009 1:00,0.3648
7/29/2009 2:00,0.586966667
7/29/2009 3:00,0.662033333
7/29/2009 4:00,0.314433333
7/29/2009 5:00,0.312733333
7/29/2009 6:00,0.300466667
7/29/2009 7:00,0.2605
7/29/2009 8:00,0.5618
7/29/2009 9:00,1.459266667
7/29/2009 10:00,1.3826
7/29/2009 11:00,1.569266667
7/29/2009 12:00,1.422066667
7/29/2009 13:00,0.6293
7/29/2009 14:00,0.3034
7/29/2009 15:00,0.315366667
7/29/2009 16:00,0.701666667
7/29/2009 17:00,0.524366667
7/29/2009 18:00,0.765
7/29/2009 19:00,0.294966667
7/29/2009 20:00,0.2217
7/29/2009 21:00,0.308866667
7/29/2009 22:00,0.632733333
7/29/2009 23:00,0.769
7/30/2009 0:00,0.268766667
7/30/2009 1:00,0.294766667
7/30/2009 2:00,0.2963
7/30/2009 3:00,0.221266667
7/30/2009 4:00,0.311133333
7/30/2009 5:00,0.256733333
7/30/2009 6:00,0.3258
7/30/2009 7:00,0.270633333
7/30/2009 8:00,0.649
7/30/2009 9:00,0.8324
7/30/2009 10:00,0.7343
7/30/2009 11:00,0.246766667
7/30/2009 12:00,0.2682
7/30/2009 13:00,0.343766667
7/30/2009 14:00,0.2874
7/30/2009 15:00,0.266666667
7/30/2009 16:00,0.271366667
7/30/2009 17:00,0.4807
7/30/2009 18:00,1.590033333
7/30/2009 19:00,0.537366667
7/30/2009 20:00,1.3225
7/30/2009 21:00,1.4496
7/30/2009 22:00,0.870966667
7/30/2009 23:00,0.809
7/31/2009 0:00,0.720966667
7/31/2009 1:00,1.179866667
7/31/2009 2:00,0.424966667
7/31/2009 3:00,0.3774
7/31/2009 4:00,0.4038
7/31/2009 5:00,0.3644
7/31/2009 6:00,0.365966667
7/31/2009 7:00,0.432433333
7/31/2009 8:00,0.267333333
7/31/2009 9:00,0.2746
7/31/2009 10:00,0.249966667
7/31/2009 11:00,0.7256
7/31/2009 12:00,0.815133333
7/31/2009 13:00,0.322566667
7/31/2009 14:00,0.311866667
7/31/2009 15:00,0.2687
7/31/2009 16:00,0.332733333
7/31/2009 17:00,1.8858
7/31/2009 18:00,1.6413
7/31/2009 19:00,2.981233333
7/31/2009 20:00,0.8223
7/31/2009 21:00,0.3699
7/31/2009 22:00,0.358433333
7/31/2009 23:00,0.366566667
08-01-2009 00:00,0.302066667
08-01-2009 01:00,0.316333333
08-01-2009 02:00,0.2851
08-01-2009 03:00,0.2651
08-01-2009 04:00,0.323666667
08-01-2009 05:00,1.024566667
08-01-2009 06:00,0.256433333
08-01-2009 07:00,0.3218
08-01-2009 08:00,0.284666667
08-01-2009 09:00,0.2778
08-01-2009 10:00,0.2564
08-01-2009 11:00,1.034166667
08-01-2009 12:00,0.6047
08-01-2009 13:00,0.3364
08-01-2009 14:00,0.345033333
08-01-2009 15:00,0.310033333
08-01-2009 16:00,0.727566667
08-01-2009 17:00,0.629933333
08-01-2009 18:00,0.375266667
08-01-2009 19:00,1.453066667
08-01-2009 20:00,1.101266667
08-01-2009 21:00,0.300466667
08-01-2009 22:00,0.2996
08-01-2009 23:00,0.351333333
08-02-2009 00:00,0.3196
08-02-2009 01:00,0.2661
08-02-2009 02:00,0.316366667
08-02-2009 03:00,0.288933333
08-02-2009 04:00,0.233733333
08-02-2009 05:00,0.3173
08-02-2009 06:00,0.867066667
08-02-2009 07:00,0.331466667
08-02-2009 08:00,0.284733333
08-02-2009 09:00,0.259833333
08-02-2009 10:00,0.260666667
08-02-2009 11:00,0.282733333
08-02-2009 12:00,0.2991
08-02-2009 13:00,0.261266667
08-02-2009 14:00,0.300133333
08-02-2009 15:00,0.253366667
08-02-2009 16:00,0.249266667
08-02-2009 17:00,0.9166
08-02-2009 18:00,0.505666667
08-02-2009 19:00,0.220533333
08-02-2009 20:00,0.278033333
08-02-2009 21:00,0.2795
08-02-2009 22:00,0.324266667
08-02-2009 23:00,0.2458
08-03-2009 00:00,0.247266667
08-03-2009 01:00,0.2978
08-03-2009 02:00,0.251133333
08-03-2009 03:00,0.319633333
08-03-2009 04:00,0.235266667
08-03-2009 05:00,1.181166667
08-03-2009 06:00,0.265333333
08-03-2009 07:00,0.272
08-03-2009 08:00,0.304966667
08-03-2009 09:00,0.201833333
08-03-2009 10:00,0.3103
08-03-2009 11:00,0.253066667
08-03-2009 12:00,0.269533333
08-03-2009 13:00,0.260833333
08-03-2009 14:00,0.2433
08-03-2009 15:00,0.3249
08-03-2009 16:00,0.4939
08-03-2009 17:00,0.954233333
08-03-2009 18:00,0.276566667
08-03-2009 19:00,0.2835
08-03-2009 20:00,0.2805
08-03-2009 21:00,0.212466667
08-03-2009 22:00,0.3207
08-03-2009 23:00,0.2781
08-04-2009 00:00,0.2618
08-04-2009 01:00,0.240533333
08-04-2009 02:00,0.271066667
08-04-2009 03:00,0.323266667
08-04-2009 04:00,0.718233333
08-04-2009 05:00,0.736633333
08-04-2009 06:00,0.295166667
08-04-2009 07:00,0.254433333
08-04-2009 08:00,0.316433333
08-04-2009 09:00,0.280433333
08-04-2009 10:00,0.3235
08-04-2009 11:00,0.236933333
08-04-2009 12:00,0.229066667
08-04-2009 13:00,0.3049
08-04-2009 14:00,0.2379
08-04-2009 15:00,0.301866667
08-04-2009 16:00,0.859433333
08-04-2009 17:00,0.626866667
08-04-2009 18:00,0.257266667
08-04-2009 19:00,0.283933333
08-04-2009 20:00,0.316833333
08-04-2009 21:00,0.2195
08-04-2009 22:00,0.3065
08-04-2009 23:00,0.279033333
08-05-2009 00:00,0.278266667
08-05-2009 01:00,0.3092
08-05-2009 02:00,0.246033333
08-05-2009 03:00,0.2702
08-05-2009 04:00,1.066866667
08-05-2009 05:00,0.451133333
08-05-2009 06:00,0.2814
08-05-2009 07:00,0.282066667
08-05-2009 08:00,0.257566667
08-05-2009 09:00,0.249066667
08-05-2009 10:00,0.314533333
08-05-2009 11:00,0.288766667
08-05-2009 12:00,0.276066667
08-05-2009 13:00,0.231366667
08-05-2009 14:00,0.273366667
08-05-2009 15:00,0.3429
08-05-2009 16:00,1.211066667
08-05-2009 17:00,0.288533333
08-05-2009 18:00,0.3048
08-05-2009 19:00,0.224833333
08-05-2009 20:00,0.317533333
08-05-2009 21:00,0.260833333
08-05-2009 22:00,0.3269
08-05-2009 23:00,0.2909
08-06-2009 00:00,0.271866667
08-06-2009 01:00,0.3116
08-06-2009 02:00,0.274133333
08-06-2009 03:00,0.3118
08-06-2009 04:00,1.1637
08-06-2009 05:00,0.324633333
08-06-2009 06:00,0.307133333
08-06-2009 07:00,0.2754
08-06-2009 08:00,0.317633333
08-06-2009 09:00,0.263733333
08-06-2009 10:00,0.258266667
08-06-2009 11:00,0.296533333
08-06-2009 12:00,0.2609
08-06-2009 13:00,0.330966667
08-06-2009 14:00,0.2801
08-06-2009 15:00,0.316066667
08-06-2009 16:00,1.061266667
08-06-2009 17:00,0.473866667
08-06-2009 18:00,0.277766667
08-06-2009 19:00,0.2715
08-06-2009 20:00,0.323
08-06-2009 21:00,0.289633333
08-06-2009 22:00,0.2949
08-06-2009 23:00,0.321466667
08-07-2009 00:00,0.275033333
08-07-2009 01:00,0.329966667
08-07-2009 02:00,0.290066667
08-07-2009 03:00,0.300666667
08-07-2009 04:00,0.670433333
08-07-2009 05:00,0.829333333
08-07-2009 06:00,0.319233333
08-07-2009 07:00,0.279733333
08-07-2009 08:00,0.310366667
08-07-2009 09:00,0.2944
08-07-2009 10:00,0.291433333
08-07-2009 11:00,0.330166667
08-07-2009 12:00,0.262966667
08-07-2009 13:00,0.285933333
08-07-2009 14:00,0.266433333
08-07-2009 15:00,0.299133333
08-07-2009 16:00,0.478
08-07-2009 17:00,1.087533333
08-07-2009 18:00,0.3388
08-07-2009 19:00,0.291366667
08-07-2009 20:00,0.300366667
08-07-2009 21:00,0.243233333
08-07-2009 22:00,0.271533333
08-07-2009 23:00,0.342133333
08-08-2009 00:00,0.274766667
08-08-2009 01:00,0.3053
08-08-2009 02:00,0.295366667
08-08-2009 03:00,0.280566667
08-08-2009 04:00,0.279566667
08-08-2009 05:00,1.0085
08-08-2009 06:00,0.531033333
08-08-2009 07:00,0.2859
08-08-2009 08:00,0.292833333
08-08-2009 09:00,0.306533333
08-08-2009 10:00,0.267833333
08-08-2009 11:00,0.269633333
08-08-2009 12:00,0.275333333
08-08-2009 13:00,0.286033333
08-08-2009 14:00,0.304766667
08-08-2009 15:00,0.278933333
08-08-2009 16:00,0.284666667
08-08-2009 17:00,0.8108
08-08-2009 18:00,0.693633333
08-08-2009 19:00,0.304966667
08-08-2009 20:00,0.292
08-08-2009 21:00,0.294633333
08-08-2009 22:00,0.270233333
08-08-2009 23:00,0.2807
08-09-2009 00:00,0.2676
08-09-2009 01:00,0.295533333
08-09-2009 02:00,0.292266667
08-09-2009 03:00,0.2926
08-09-2009 04:00,0.314433333
08-09-2009 05:00,0.723766667
08-09-2009 06:00,0.773933333
08-09-2009 07:00,0.2864
08-09-2009 08:00,0.290666667
08-09-2009 09:00,0.283833333
08-09-2009 10:00,0.273
08-09-2009 11:00,0.353133333
08-09-2009 12:00,0.197866667
08-09-2009 13:00,0.311666667
08-09-2009 14:00,0.302766667
08-09-2009 15:00,0.301966667
08-09-2009 16:00,0.319533333
08-09-2009 17:00,2.234166667
08-09-2009 18:00,2.7101
08-09-2009 19:00,1.547266667
08-09-2009 20:00,0.8859
08-09-2009 21:00,2.234733333
08-09-2009 22:00,0.8042
08-09-2009 23:00,0.3399
08-10-2009 00:00,0.3429
08-10-2009 01:00,0.341933333
08-10-2009 02:00,0.3668
08-10-2009 03:00,0.297233333
08-10-2009 04:00,0.3644
08-10-2009 05:00,0.315133333
08-10-2009 06:00,0.663766667
08-10-2009 07:00,0.8197
08-10-2009 08:00,1.2277
08-10-2009 09:00,0.499466667
08-10-2009 10:00,0.2414
08-10-2009 11:00,0.3484
08-10-2009 12:00,0.3006
08-10-2009 13:00,0.325166667
08-10-2009 14:00,0.314533333
08-10-2009 15:00,0.2927
08-10-2009 16:00,0.373766667
08-10-2009 17:00,0.296366667
08-10-2009 18:00,1.1763
08-10-2009 19:00,1.794333333
08-10-2009 20:00,1.0579
08-10-2009 21:00,1.368966667
08-10-2009 22:00,2.780833333
08-10-2009 23:00,1.912333333
08-11-2009 00:00,0.405166667
08-11-2009 01:00,0.301666667
08-11-2009 02:00,0.330066667
08-11-2009 03:00,0.317066667
08-11-2009 04:00,0.303133333
08-11-2009 05:00,0.3468
08-11-2009 06:00,0.302066667
08-11-2009 07:00,1.540033333
08-11-2009 08:00,1.827833333
08-11-2009 09:00,1.783866667
08-11-2009 10:00,0.280266667
08-11-2009 11:00,0.2965
08-11-2009 12:00,0.341866667
08-11-2009 13:00,0.3236
08-11-2009 14:00,0.379866667
08-11-2009 15:00,0.3309
08-11-2009 16:00,0.367566667
08-11-2009 17:00,0.344166667
08-11-2009 18:00,0.624033333
08-11-2009 19:00,1.365933333
08-11-2009 20:00,1.328666667
08-11-2009 21:00,0.3845
08-11-2009 22:00,1.477633333
08-11-2009 23:00,0.546033333
08-12-2009 00:00,0.298166667
08-12-2009 01:00,0.2689
08-12-2009 02:00,0.349366667
08-12-2009 03:00,0.7999
08-12-2009 04:00,0.427566667
08-12-2009 05:00,0.278633333
08-12-2009 06:00,0.328966667
08-12-2009 07:00,0.748733333
08-12-2009 08:00,0.899966667
08-12-2009 09:00,0.3344
08-12-2009 10:00,0.2974
08-12-2009 11:00,0.301566667
08-12-2009 12:00,0.2789
08-12-2009 13:00,0.319866667
08-12-2009 14:00,0.3021
08-12-2009 15:00,0.3921
08-12-2009 16:00,0.377133333
08-12-2009 17:00,0.6773
08-12-2009 18:00,0.690633333
08-12-2009 19:00,0.783633333
08-12-2009 20:00,0.807566667
08-12-2009 21:00,1.420066667
08-12-2009 22:00,1.462433333
08-12-2009 23:00,0.8953
8/13/2009 0:00,0.3007
8/13/2009 1:00,0.333666667
8/13/2009 2:00,0.321733333
8/13/2009 3:00,0.302066667
8/13/2009 4:00,0.344466667
8/13/2009 5:00,0.278633333
8/13/2009 6:00,0.328966667
8/13/2009 7:00,0.748733333
8/13/2009 8:00,0.899966667
8/13/2009 9:00,0.3344
8/13/2009 10:00,0.2974
8/13/2009 11:00,0.301566667
8/13/2009 12:00,0.2789
8/13/2009 13:00,0.319866667
8/13/2009 14:00,0.3021
8/13/2009 15:00,0.3921
8/13/2009 16:00,0.377133333
8/13/2009 17:00,0.6773
8/13/2009 18:00,0.690633333
8/13/2009 19:00,0.868633333
8/13/2009 20:00,3.717533333
8/13/2009 21:00,1.855766667
8/13/2009 22:00,1.4389
8/13/2009 23:00,1.214
8/14/2009 0:00,0.836633333
8/14/2009 1:00,0.339166667
8/14/2009 2:00,0.2909
8/14/2009 3:00,0.793633333
8/14/2009 4:00,0.6336
8/14/2009 5:00,0.327766667
8/14/2009 6:00,0.319366667
8/14/2009 7:00,0.5228
8/14/2009 8:00,0.533833333
8/14/2009 9:00,1.121533333
8/14/2009 10:00,0.4328
8/14/2009 11:00,0.362266667
8/14/2009 12:00,0.3999
8/14/2009 13:00,0.4593
8/14/2009 14:00,0.3919
8/14/2009 15:00,0.433466667
8/14/2009 16:00,0.398966667
8/14/2009 17:00,0.440766667
8/14/2009 18:00,0.430366667
8/14/2009 19:00,0.728133333
8/14/2009 20:00,0.910533333
8/14/2009 21:00,0.512533333
8/14/2009 22:00,0.542133333
8/14/2009 23:00,0.315633333
8/15/2009 0:00,0.307033333
8/15/2009 1:00,0.339466667
8/15/2009 2:00,0.279333333
8/15/2009 3:00,0.360433333
8/15/2009 4:00,0.443966667
8/15/2009 5:00,0.98
8/15/2009 6:00,0.3284
8/15/2009 7:00,0.537366667
8/15/2009 8:00,0.4233
8/15/2009 9:00,0.288633333
8/15/2009 10:00,0.393
8/15/2009 11:00,0.807633333
8/15/2009 12:00,0.5824
8/15/2009 13:00,1.291366667
8/15/2009 14:00,0.5924
8/15/2009 15:00,1.6376
8/15/2009 16:00,2.6086
8/15/2009 17:00,2.761866667
8/15/2009 18:00,1.572033333
8/15/2009 19:00,1.738266667
8/15/2009 20:00,1.521133333
8/15/2009 21:00,1.904566667
8/15/2009 22:00,1.899666667
8/15/2009 23:00,1.6359
8/16/2009 0:00,1.584166667
8/16/2009 1:00,2.0914
8/16/2009 2:00,0.6325
8/16/2009 3:00,0.746233333
8/16/2009 4:00,0.289
8/16/2009 5:00,0.367466667
8/16/2009 6:00,0.3639
8/16/2009 7:00,0.304533333
8/16/2009 8:00,0.606166667
8/16/2009 9:00,1.511166667
8/16/2009 10:00,0.338833333
8/16/2009 11:00,0.6551
8/16/2009 12:00,0.629533333
8/16/2009 13:00,0.4259
8/16/2009 14:00,0.531
8/16/2009 15:00,0.5662
8/16/2009 16:00,0.580766667
8/16/2009 17:00,1.041066667
8/16/2009 18:00,1.541133333
8/16/2009 19:00,1.2153
8/16/2009 20:00,0.858066667
8/16/2009 21:00,0.701633333
8/16/2009 22:00,1.8161
8/16/2009 23:00,0.898033333
8/17/2009 0:00,0.346733333
8/17/2009 1:00,0.29
8/17/2009 2:00,0.3651
8/17/2009 3:00,0.4246
8/17/2009 4:00,0.2773
8/17/2009 5:00,0.336233333
8/17/2009 6:00,0.352733333
8/17/2009 7:00,1.240833333
8/17/2009 8:00,1.365133333
8/17/2009 9:00,0.889966667
8/17/2009 10:00,0.277066667
8/17/2009 11:00,0.331866667
8/17/2009 12:00,0.3613
8/17/2009 13:00,0.271133333
8/17/2009 14:00,0.330466667
8/17/2009 15:00,0.350533333
8/17/2009 16:00,0.510966667
8/17/2009 17:00,0.411033333
8/17/2009 18:00,0.923133333
8/17/2009 19:00,0.277033333
8/17/2009 20:00,0.341466667
8/17/2009 21:00,0.718166667
8/17/2009 22:00,1.099533333
8/17/2009 23:00,1.006133333
8/18/2009 0:00,0.5318
8/18/2009 1:00,0.3663
8/18/2009 2:00,0.3755
8/18/2009 3:00,0.2962
8/18/2009 4:00,0.280166667
8/18/2009 5:00,0.363766667
8/18/2009 6:00,0.2724
8/18/2009 7:00,0.546266667
8/18/2009 8:00,1.455766667
8/18/2009 9:00,0.376866667
8/18/2009 10:00,0.3692
8/18/2009 11:00,0.705666667
8/18/2009 12:00,0.5887
8/18/2009 13:00,1.258833333
8/18/2009 14:00,0.832866667
8/18/2009 15:00,1.388433333
8/18/2009 16:00,0.561
8/18/2009 17:00,0.341466667
8/18/2009 18:00,0.414066667
8/18/2009 19:00,0.639733333
8/18/2009 20:00,0.567566667
8/18/2009 21:00,3.8541
8/18/2009 22:00,1.286266667
8/18/2009 23:00,0.337033333
8/19/2009 0:00,0.477033333
8/19/2009 1:00,0.339366667
8/19/2009 2:00,0.292533333
8/19/2009 3:00,0.337133333
8/19/2009 4:00,0.292466667
8/19/2009 5:00,0.314466667
8/19/2009 6:00,0.337933333
8/19/2009 7:00,1.452433333
8/19/2009 8:00,1.373566667
8/19/2009 9:00,0.950866667
8/19/2009 10:00,0.412433333
8/19/2009 11:00,0.7273
8/19/2009 12:00,0.6925
8/19/2009 13:00,1.435866667
8/19/2009 14:00,0.749233333
8/19/2009 15:00,0.841233333
8/19/2009 16:00,0.455133333
8/19/2009 17:00,0.4346
8/19/2009 18:00,0.373266667
8/19/2009 19:00,0.363666667
8/19/2009 20:00,0.9774
8/19/2009 21:00,0.364233333
8/19/2009 22:00,0.322566667
8/19/2009 23:00,0.3618
8/20/2009 0:00,0.559066667
8/20/2009 1:00,0.3464
8/20/2009 2:00,0.384566667
8/20/2009 3:00,0.3557
8/20/2009 4:00,0.317433333
8/20/2009 5:00,0.609433333
8/20/2009 6:00,0.7083
8/20/2009 7:00,1.112833333
8/20/2009 8:00,1.345
8/20/2009 9:00,0.963066667
8/20/2009 10:00,0.314166667
8/20/2009 11:00,0.303633333
8/20/2009 12:00,0.359166667
8/20/2009 13:00,0.356033333
8/20/2009 14:00,0.346233333
8/20/2009 15:00,0.339266667
8/20/2009 16:00,0.350933333
8/20/2009 17:00,0.298566667
8/20/2009 18:00,0.848133333
8/20/2009 19:00,0.3547
8/20/2009 20:00,0.334933333
8/20/2009 21:00,0.486966667
8/20/2009 22:00,0.889966667
8/20/2009 23:00,0.6442
8/21/2009 0:00,0.414233333
8/21/2009 1:00,0.342233333
8/21/2009 2:00,0.3375
8/21/2009 3:00,0.2923
8/21/2009 4:00,0.6239
8/21/2009 5:00,0.744533333
8/21/2009 6:00,0.277466667
8/21/2009 7:00,1.6922
8/21/2009 8:00,1.574833333
8/21/2009 9:00,0.762966667
8/21/2009 10:00,0.361033333
8/21/2009 11:00,0.277133333
8/21/2009 12:00,0.3136
8/21/2009 13:00,0.348733333
8/21/2009 14:00,0.301033333
8/21/2009 15:00,0.367933333
8/21/2009 16:00,0.3528
8/21/2009 17:00,0.750833333
8/21/2009 18:00,0.938733333
8/21/2009 19:00,1.990666667
8/21/2009 20:00,2.1803
8/21/2009 21:00,1.508633333
8/21/2009 22:00,1.305166667
8/21/2009 23:00,1.303666667
8/22/2009 0:00,0.7978
8/22/2009 1:00,0.313566667
8/22/2009 2:00,0.339233333
8/22/2009 3:00,0.628266667
8/22/2009 4:00,0.461133333
8/22/2009 5:00,0.3554
8/22/2009 6:00,0.320433333
8/22/2009 7:00,1.2036
8/22/2009 8:00,1.497366667
8/22/2009 9:00,1.6231
8/22/2009 10:00,1.3034
8/22/2009 11:00,1.110433333
8/22/2009 12:00,1.2648
8/22/2009 13:00,1.8143
8/22/2009 14:00,0.501866667
8/22/2009 15:00,0.3771
8/22/2009 16:00,0.6956
8/22/2009 17:00,1.4941
8/22/2009 18:00,3.177766667
8/22/2009 19:00,2.157066667
8/22/2009 20:00,1.794466667
8/22/2009 21:00,1.0506
8/22/2009 22:00,1.0813
8/22/2009 23:00,0.4496
8/23/2009 0:00,0.443866667
8/23/2009 1:00,0.368833333
8/23/2009 2:00,0.3417
8/23/2009 3:00,0.4163
8/23/2009 4:00,0.333466667
8/23/2009 5:00,0.373266667
8/23/2009 6:00,0.3946
8/23/2009 7:00,1.130066667
8/23/2009 8:00,1.2238
8/23/2009 9:00,1.568666667
8/23/2009 10:00,0.298033333
8/23/2009 11:00,0.3582
8/23/2009 12:00,0.286933333
8/23/2009 13:00,0.328066667
8/23/2009 14:00,0.346333333
8/23/2009 15:00,0.2851
8/23/2009 16:00,0.4786
8/23/2009 17:00,1.798966667
8/23/2009 18:00,1.054166667
8/23/2009 19:00,0.859866667
8/23/2009 20:00,1.504066667
8/23/2009 21:00,2.0666
8/23/2009 22:00,1.152366667
8/23/2009 23:00,0.3666
8/24/2009 0:00,0.3483
8/24/2009 1:00,0.322533333
8/24/2009 2:00,0.355866667
8/24/2009 3:00,0.307133333
8/24/2009 4:00,0.3242
8/24/2009 5:00,0.901733333
8/24/2009 6:00,1.193066667
8/24/2009 7:00,1.893566667
8/24/2009 8:00,1.4701
8/24/2009 9:00,0.611533333
8/24/2009 10:00,0.3577
8/24/2009 11:00,0.304666667
8/24/2009 12:00,0.327466667
8/24/2009 13:00,0.343566667
8/24/2009 14:00,0.282033333
8/24/2009 15:00,0.337433333
8/24/2009 16:00,0.339533333
8/24/2009 17:00,1.154733333
8/24/2009 18:00,2.313533333
8/24/2009 19:00,1.947133333
8/24/2009 20:00,0.884066667
8/24/2009 21:00,2.379766667
8/24/2009 22:00,1.3799
8/24/2009 23:00,0.791333333
8/25/2009 0:00,0.484666667
8/25/2009 1:00,0.355866667
8/25/2009 2:00,0.3136
8/25/2009 3:00,0.356833333
8/25/2009 4:00,0.293266667
8/25/2009 5:00,0.336633333
8/25/2009 6:00,0.6967
8/25/2009 7:00,1.348066667
8/25/2009 8:00,0.418066667
8/25/2009 9:00,0.3482
8/25/2009 10:00,1.052233333
8/25/2009 11:00,0.3521
8/25/2009 12:00,0.285066667
8/25/2009 13:00,0.3377
8/25/2009 14:00,0.327633333
8/25/2009 15:00,0.282533333
8/25/2009 16:00,0.3717
8/25/2009 17:00,0.298366667
8/25/2009 18:00,0.763066667
8/25/2009 19:00,2.0012
8/25/2009 20:00,1.715133333
8/25/2009 21:00,1.4425
8/25/2009 22:00,1.0652
8/25/2009 23:00,0.4805
8/26/2009 0:00,0.3811
8/26/2009 1:00,0.292566667
8/26/2009 2:00,0.323066667
8/26/2009 3:00,0.3035
8/26/2009 4:00,0.2997
8/26/2009 5:00,0.340933333
8/26/2009 6:00,0.652
8/26/2009 7:00,1.617333333
8/26/2009 8:00,1.756433333
8/26/2009 9:00,1.151533333
8/26/2009 10:00,1.425433333
8/26/2009 11:00,0.453133333
8/26/2009 12:00,0.3314
8/26/2009 13:00,0.316433333
8/26/2009 14:00,0.297866667
8/26/2009 15:00,0.346833333
8/26/2009 16:00,0.281966667
8/26/2009 17:00,0.334
8/26/2009 18:00,0.3372
8/26/2009 19:00,1.374033333
8/26/2009 20:00,2.291633333
8/26/2009 21:00,2.8228
8/26/2009 22:00,0.704366667
8/26/2009 23:00,0.507166667
8/27/2009 0:00,0.390366667
8/27/2009 1:00,0.367566667
8/27/2009 2:00,0.3871
8/27/2009 3:00,0.335633333
8/27/2009 4:00,0.949666667
8/27/2009 5:00,0.327733333
8/27/2009 6:00,0.409733333
8/27/2009 7:00,0.843966667
8/27/2009 8:00,0.8653
8/27/2009 9:00,0.353933333
8/27/2009 10:00,0.288333333
8/27/2009 11:00,0.341333333
8/27/2009 12:00,0.306133333
8/27/2009 13:00,0.3212
8/27/2009 14:00,0.351166667
8/27/2009 15:00,0.283666667
8/27/2009 16:00,0.3384
8/27/2009 17:00,0.698933333
8/27/2009 18:00,0.531633333
8/27/2009 19:00,0.467266667
8/27/2009 20:00,0.809866667
8/27/2009 21:00,0.996566667
8/27/2009 22:00,1.012933333
8/27/2009 23:00,0.512666667
8/28/2009 0:00,0.634566667
8/28/2009 1:00,0.4611
8/28/2009 2:00,1.017533333
8/28/2009 3:00,0.322866667
8/28/2009 4:00,0.273933333
8/28/2009 5:00,0.351666667
8/28/2009 6:00,0.404566667
8/28/2009 7:00,0.7716
8/28/2009 8:00,1.823466667
8/28/2009 9:00,1.6743
8/28/2009 10:00,0.434433333
8/28/2009 11:00,0.475666667
8/28/2009 12:00,1.939
8/28/2009 13:00,0.9302
8/28/2009 14:00,0.287133333
8/28/2009 15:00,0.7173
8/28/2009 16:00,0.392766667
8/28/2009 17:00,0.426533333
8/28/2009 18:00,0.572066667
8/28/2009 19:00,0.304733333
8/28/2009 20:00,1.2799
8/28/2009 21:00,2.183433333
8/28/2009 22:00,0.659866667
8/28/2009 23:00,0.308733333
8/29/2009 0:00,0.283
8/29/2009 1:00,0.332433333
8/29/2009 2:00,0.269733333
8/29/2009 3:00,0.472
8/29/2009 4:00,0.294966667
8/29/2009 5:00,0.2914
8/29/2009 6:00,0.890266667
8/29/2009 7:00,0.5001
8/29/2009 8:00,0.401
8/29/2009 9:00,1.1175
8/29/2009 10:00,0.532033333
8/29/2009 11:00,1.109533333
8/29/2009 12:00,1.423066667
8/29/2009 13:00,1.692566667
8/29/2009 14:00,1.3503
8/29/2009 15:00,1.774466667
8/29/2009 16:00,2.062566667
8/29/2009 17:00,1.3573
8/29/2009 18:00,1.5986
8/29/2009 19:00,1.687566667
8/29/2009 20:00,1.572833333
8/29/2009 21:00,1.0988
8/29/2009 22:00,0.4726
8/29/2009 23:00,0.5556
8/30/2009 0:00,0.5874
8/30/2009 1:00,0.3648
8/30/2009 2:00,0.373166667
8/30/2009 3:00,0.320633333
8/30/2009 4:00,0.394333333
8/30/2009 5:00,0.773
8/30/2009 6:00,0.540566667
8/30/2009 7:00,0.3595
8/30/2009 8:00,0.492533333
8/30/2009 9:00,0.4768
8/30/2009 10:00,0.998666667
8/30/2009 11:00,2.114266667
8/30/2009 12:00,2.253633333
8/30/2009 13:00,1.6238
8/30/2009 14:00,2.742533333
8/30/2009 15:00,3.591433333
8/30/2009 16:00,0.668566667
8/30/2009 17:00,0.930233333
8/30/2009 18:00,0.692933333
8/30/2009 19:00,1.5603
8/30/2009 20:00,1.791666667
8/30/2009 21:00,2.0719
8/30/2009 22:00,1.4715
8/30/2009 23:00,0.611533333
8/31/2009 0:00,0.420333333
8/31/2009 1:00,0.337533333
8/31/2009 2:00,0.391066667
8/31/2009 3:00,0.3618
8/31/2009 4:00,0.8559
8/31/2009 5:00,0.3632
8/31/2009 6:00,0.505766667
8/31/2009 7:00,1.725833333
8/31/2009 8:00,1.385933333
8/31/2009 9:00,1.3491
8/31/2009 10:00,1.1374
8/31/2009 11:00,1.471333333
8/31/2009 12:00,1.512966667
8/31/2009 13:00,0.625133333
8/31/2009 14:00,0.726166667
8/31/2009 15:00,0.510766667
8/31/2009 16:00,0.329333333
8/31/2009 17:00,0.439066667
8/31/2009 18:00,0.398866667
8/31/2009 19:00,0.813366667
8/31/2009 20:00,0.971433333
8/31/2009 21:00,2.5673
8/31/2009 22:00,0.9975
8/31/2009 23:00,0.894933333
09-01-2009 00:00,0.390733333
09-01-2009 01:00,0.407133333
09-01-2009 02:00,0.3302
09-01-2009 03:00,0.3945
09-01-2009 04:00,0.378966667
09-01-2009 05:00,0.343666667
09-01-2009 06:00,0.705033333
09-01-2009 07:00,1.708433333
09-01-2009 08:00,1.284266667
09-01-2009 09:00,0.577033333
09-01-2009 10:00,0.328233333
09-01-2009 11:00,0.388433333
09-01-2009 12:00,0.329566667
09-01-2009 13:00,0.361433333
09-01-2009 14:00,0.351766667
09-01-2009 15:00,0.3242
09-01-2009 16:00,0.4275
09-01-2009 17:00,0.676366667
09-01-2009 18:00,0.915566667
09-01-2009 19:00,0.727166667
09-01-2009 20:00,2.187933333
09-01-2009 21:00,1.554033333
09-01-2009 22:00,0.860666667
09-01-2009 23:00,0.389433333
09-02-2009 00:00,0.4004
09-02-2009 01:00,0.316033333
09-02-2009 02:00,0.388766667
09-02-2009 03:00,0.331666667
09-02-2009 04:00,0.3387
09-02-2009 05:00,0.991366667
09-02-2009 06:00,0.8448
09-02-2009 07:00,1.988466667
09-02-2009 08:00,1.920133333
09-02-2009 09:00,1.8943
09-02-2009 10:00,1.445033333
09-02-2009 11:00,1.376266667
09-02-2009 12:00,0.803633333
09-02-2009 13:00,0.517766667
09-02-2009 14:00,0.372733333
09-02-2009 15:00,0.347766667
09-02-2009 16:00,0.364533333
09-02-2009 17:00,0.4153
09-02-2009 18:00,0.341466667
09-02-2009 19:00,0.440966667
09-02-2009 20:00,1.855033333
09-02-2009 21:00,1.740466667
09-02-2009 22:00,0.5408
09-02-2009 23:00,0.403833333
09-03-2009 00:00,0.4244
09-03-2009 01:00,0.358733333
09-03-2009 02:00,0.339133333
09-03-2009 03:00,0.397233333
09-03-2009 04:00,0.307566667
09-03-2009 05:00,0.35
09-03-2009 06:00,1.0477
09-03-2009 07:00,1.255866667
09-03-2009 08:00,0.8825
09-03-2009 09:00,1.174233333
09-03-2009 10:00,1.418633333
09-03-2009 11:00,1.1209
09-03-2009 12:00,1.150266667
09-03-2009 13:00,1.5354
09-03-2009 14:00,1.494066667
09-03-2009 15:00,0.5917
09-03-2009 16:00,0.413833333
09-03-2009 17:00,0.461933333
09-03-2009 18:00,0.387333333
09-03-2009 19:00,0.626833333
09-03-2009 20:00,0.740266667
09-03-2009 21:00,2.1715
09-03-2009 22:00,1.872966667
09-03-2009 23:00,0.330133333
09-04-2009 00:00,0.350633333
09-04-2009 01:00,0.326066667
09-04-2009 02:00,0.3164
09-04-2009 03:00,0.373233333
09-04-2009 04:00,0.254833333
09-04-2009 05:00,0.3484
09-04-2009 06:00,1.089433333
09-04-2009 07:00,1.868
09-04-2009 08:00,1.6454
09-04-2009 09:00,1.363833333
09-04-2009 10:00,1.401066667
09-04-2009 11:00,0.5948
09-04-2009 12:00,0.306566667
09-04-2009 13:00,0.3658
09-04-2009 14:00,0.317633333
09-04-2009 15:00,0.645566667
09-04-2009 16:00,0.365233333
09-04-2009 17:00,0.357333333
09-04-2009 18:00,0.316766667
09-04-2009 19:00,1.052466667
09-04-2009 20:00,1.9569
09-04-2009 21:00,0.633733333
09-04-2009 22:00,0.443566667
09-04-2009 23:00,0.379466667
09-05-2009 00:00,0.262033333
09-05-2009 01:00,0.357233333
09-05-2009 02:00,0.292066667
09-05-2009 03:00,0.349833333
09-05-2009 04:00,0.313266667
09-05-2009 05:00,1.013966667
09-05-2009 06:00,0.630266667
09-05-2009 07:00,1.728266667
09-05-2009 08:00,1.4876
09-05-2009 09:00,1.403233333
09-05-2009 10:00,1.094866667
09-05-2009 11:00,2.0424
09-05-2009 12:00,2.166566667
09-05-2009 13:00,1.7651
09-05-2009 14:00,1.768866667
09-05-2009 15:00,1.4188
09-05-2009 16:00,0.622566667
09-05-2009 17:00,1.4483
09-05-2009 18:00,1.199066667
09-05-2009 19:00,1.627466667
09-05-2009 20:00,0.472066667
09-05-2009 21:00,0.643333333
09-05-2009 22:00,0.5677
09-05-2009 23:00,0.556233333
09-06-2009 00:00,0.413566667
09-06-2009 01:00,0.410533333
09-06-2009 02:00,0.719433333
09-06-2009 03:00,0.341433333
09-06-2009 04:00,0.306833333
09-06-2009 05:00,0.378333333
09-06-2009 06:00,0.291833333
09-06-2009 07:00,0.318166667
09-06-2009 08:00,0.519733333
09-06-2009 09:00,1.099133333
09-06-2009 10:00,1.167333333
09-06-2009 11:00,1.6858
09-06-2009 12:00,2.0008
09-06-2009 13:00,0.9635
09-06-2009 14:00,0.712433333
09-06-2009 15:00,0.319766667
09-06-2009 16:00,0.3884
09-06-2009 17:00,0.327033333
09-06-2009 18:00,0.713933333
09-06-2009 19:00,0.938633333
09-06-2009 20:00,2.4406
09-06-2009 21:00,2.594866667
09-06-2009 22:00,1.086633333
09-06-2009 23:00,0.338433333
09-07-2009 00:00,0.254533333
09-07-2009 01:00,0.265133333
09-07-2009 02:00,0.295066667
09-07-2009 03:00,0.238866667
09-07-2009 04:00,0.3006
09-07-2009 05:00,0.2325
09-07-2009 06:00,0.7781
09-07-2009 07:00,2.115466667
09-07-2009 08:00,1.380066667
09-07-2009 09:00,1.344866667
09-07-2009 10:00,1.274166667
09-07-2009 11:00,0.486766667
09-07-2009 12:00,0.247666667
09-07-2009 13:00,0.3001
09-07-2009 14:00,0.233233333
09-07-2009 15:00,0.278866667
09-07-2009 16:00,0.264766667
09-07-2009 17:00,0.229566667
09-07-2009 18:00,0.530733333
09-07-2009 19:00,1.866333333
09-07-2009 20:00,2.334866667
09-07-2009 21:00,3.149666667
09-07-2009 22:00,1.0275
09-07-2009 23:00,0.9282
09-08-2009 00:00,0.399933333
09-08-2009 01:00,0.3101
09-08-2009 02:00,0.258933333
09-08-2009 03:00,0.293566667
09-08-2009 04:00,0.246766667
09-08-2009 05:00,0.274266667
09-08-2009 06:00,0.706766667
09-08-2009 07:00,1.5983
09-08-2009 08:00,1.763366667
09-08-2009 09:00,1.3272
09-08-2009 10:00,1.371666667
09-08-2009 11:00,1.25
09-08-2009 12:00,0.263333333
09-08-2009 13:00,0.265066667
09-08-2009 14:00,0.237566667
09-08-2009 15:00,0.3198
09-08-2009 16:00,0.261566667
09-08-2009 17:00,0.4321
09-08-2009 18:00,0.506633333
09-08-2009 19:00,0.6052
09-08-2009 20:00,1.198466667
09-08-2009 21:00,2.5901
09-08-2009 22:00,1.301966667
09-08-2009 23:00,0.321566667
09-09-2009 00:00,0.367866667
09-09-2009 01:00,0.359466667
09-09-2009 02:00,0.2556
09-09-2009 03:00,0.3063
09-09-2009 04:00,0.2542
09-09-2009 05:00,0.320033333
09-09-2009 06:00,0.521666667
09-09-2009 07:00,1.917866667
09-09-2009 08:00,1.424233333
09-09-2009 09:00,1.3266
09-09-2009 10:00,1.488933333
09-09-2009 11:00,1.590966667
09-09-2009 12:00,0.926733333
09-09-2009 13:00,2.0181
09-09-2009 14:00,1.6568
09-09-2009 15:00,0.4179
09-09-2009 16:00,0.477966667
09-09-2009 17:00,0.609933333
09-09-2009 18:00,0.402233333
09-09-2009 19:00,1.570266667
09-09-2009 20:00,2.12
09-09-2009 21:00,2.6363
09-09-2009 22:00,2.074333333
09-09-2009 23:00,0.311433333
09-10-2009 00:00,0.292133333
09-10-2009 01:00,0.304433333
09-10-2009 02:00,0.2139
09-10-2009 03:00,0.319833333
09-10-2009 04:00,0.260866667
09-10-2009 05:00,0.290933333
09-10-2009 06:00,0.411933333
09-10-2009 07:00,2.1269
09-10-2009 08:00,1.6849
09-10-2009 09:00,1.324766667
09-10-2009 10:00,0.702966667
09-10-2009 11:00,0.256866667
09-10-2009 12:00,0.293366667
09-10-2009 13:00,0.260766667
09-10-2009 14:00,0.250766667
09-10-2009 15:00,0.301166667
09-10-2009 16:00,0.247033333
09-10-2009 17:00,0.323366667
09-10-2009 18:00,0.4193
09-10-2009 19:00,1.9647
09-10-2009 20:00,1.613533333
09-10-2009 21:00,2.643666667
09-10-2009 22:00,1.4982
09-10-2009 23:00,0.532933333
09-11-2009 00:00,0.6764
09-11-2009 01:00,0.602033333
09-11-2009 02:00,0.279266667
09-11-2009 03:00,0.2624
09-11-2009 04:00,0.308333333
09-11-2009 05:00,0.271766667
09-11-2009 06:00,0.7977
09-11-2009 07:00,1.697
09-11-2009 08:00,1.451
09-11-2009 09:00,1.647633333
09-11-2009 10:00,1.3143
09-11-2009 11:00,1.3121
09-11-2009 12:00,1.338966667
09-11-2009 13:00,1.2067
09-11-2009 14:00,0.282933333
09-11-2009 15:00,0.2519
09-11-2009 16:00,0.3112
09-11-2009 17:00,0.2577
09-11-2009 18:00,0.567733333
09-11-2009 19:00,0.8345
09-11-2009 20:00,2.312033333
09-11-2009 21:00,1.302733333
09-11-2009 22:00,0.6492
09-11-2009 23:00,0.300233333
09-12-2009 00:00,0.257633333
09-12-2009 01:00,0.317366667
09-12-2009 02:00,0.901766667
09-12-2009 03:00,0.297166667
09-12-2009 04:00,0.260766667
09-12-2009 05:00,0.2821
09-12-2009 06:00,0.5425
09-12-2009 07:00,1.878333333
09-12-2009 08:00,1.9007
09-12-2009 09:00,1.327766667
09-12-2009 10:00,1.043066667
09-12-2009 11:00,1.005566667
09-12-2009 12:00,1.436033333
09-12-2009 13:00,0.870366667
09-12-2009 14:00,1.4399
09-12-2009 15:00,0.82
09-12-2009 16:00,1.004366667
09-12-2009 17:00,1.273433333
09-12-2009 18:00,1.8209
09-12-2009 19:00,3.061666667
09-12-2009 20:00,2.326933333
09-12-2009 21:00,4.300333333
09-12-2009 22:00,4.4504
09-12-2009 23:00,1.5869
9/13/2009 0:00,0.3841
9/13/2009 1:00,0.264133333
9/13/2009 2:00,0.286133333
9/13/2009 3:00,0.29
9/13/2009 4:00,0.2602
9/13/2009 5:00,0.301866667
9/13/2009 6:00,0.251633333
9/13/2009 7:00,1.022333333
9/13/2009 8:00,0.319033333
9/13/2009 9:00,0.3694
9/13/2009 10:00,0.921633333
9/13/2009 11:00,1.458766667
9/13/2009 12:00,1.790266667
9/13/2009 13:00,1.458
9/13/2009 14:00,1.181133333
9/13/2009 15:00,1.0369
9/13/2009 16:00,0.579666667
9/13/2009 17:00,1.8195
9/13/2009 18:00,1.3897
9/13/2009 19:00,1.131333333
9/13/2009 20:00,2.235733333
9/13/2009 21:00,2.7872
9/13/2009 22:00,2.7842
9/13/2009 23:00,1.877366667
9/14/2009 0:00,0.654233333
9/14/2009 1:00,0.351633333
9/14/2009 2:00,0.357633333
9/14/2009 3:00,0.3132
9/14/2009 4:00,0.328933333
9/14/2009 5:00,0.305433333
9/14/2009 6:00,1.161633333
9/14/2009 7:00,2.4623
9/14/2009 8:00,1.473433333
9/14/2009 9:00,1.5693
9/14/2009 10:00,1.710566667
9/14/2009 11:00,3.0472
9/14/2009 12:00,0.846633333
9/14/2009 13:00,0.696766667
9/14/2009 14:00,0.6956
9/14/2009 15:00,0.618366667
9/14/2009 16:00,0.5573
9/14/2009 17:00,0.3388
9/14/2009 18:00,1.044733333
9/14/2009 19:00,1.626666667
9/14/2009 20:00,1.7553
9/14/2009 21:00,2.328
9/14/2009 22:00,0.953966667
9/14/2009 23:00,1.05
9/15/2009 0:00,0.827833333
9/15/2009 1:00,0.3378
9/15/2009 2:00,0.304466667
9/15/2009 3:00,0.326566667
9/15/2009 4:00,0.3319
9/15/2009 5:00,0.242966667
9/15/2009 6:00,0.6644
9/15/2009 7:00,1.373033333
9/15/2009 8:00,1.788633333
9/15/2009 9:00,1.3577
9/15/2009 10:00,1.366033333
9/15/2009 11:00,1.1151
9/15/2009 12:00,0.303233333
9/15/2009 13:00,0.3503
9/15/2009 14:00,0.2467
9/15/2009 15:00,0.3575
9/15/2009 16:00,0.334566667
9/15/2009 17:00,0.392866667
9/15/2009 18:00,0.311933333
9/15/2009 19:00,2.241466667
9/15/2009 20:00,3.516633333
9/15/2009 21:00,2.9521
9/15/2009 22:00,1.7257
9/15/2009 23:00,1.510666667
9/16/2009 0:00,0.3526
9/16/2009 1:00,0.384466667
9/16/2009 2:00,0.290833333
9/16/2009 3:00,0.2979
9/16/2009 4:00,0.305566667
9/16/2009 5:00,1.037333333
9/16/2009 6:00,0.827666667
9/16/2009 7:00,2.7293
9/16/2009 8:00,1.656066667
9/16/2009 9:00,1.349333333
9/16/2009 10:00,1.4192
9/16/2009 11:00,1.7684
9/16/2009 12:00,3.104566667
9/16/2009 13:00,1.387033333
9/16/2009 14:00,0.4859
9/16/2009 15:00,0.453
9/16/2009 16:00,0.358266667
9/16/2009 17:00,0.2543
9/16/2009 18:00,0.3822
9/16/2009 19:00,0.9602
9/16/2009 20:00,3.0126
9/16/2009 21:00,2.9689
9/16/2009 22:00,1.775133333
9/16/2009 23:00,1.491933333
9/17/2009 0:00,0.3319
9/17/2009 1:00,0.352233333
9/17/2009 2:00,0.272466667
9/17/2009 3:00,0.321933333
9/17/2009 4:00,0.348866667
9/17/2009 5:00,0.307366667
9/17/2009 6:00,0.479033333
9/17/2009 7:00,1.907733333
9/17/2009 8:00,1.791333333
9/17/2009 9:00,1.350166667
9/17/2009 10:00,1.4609
9/17/2009 11:00,1.3833
9/17/2009 12:00,1.393433333
9/17/2009 13:00,1.402833333
9/17/2009 14:00,0.457566667
9/17/2009 15:00,0.332466667
9/17/2009 16:00,0.2687
9/17/2009 17:00,0.291566667
9/17/2009 18:00,0.546433333
9/17/2009 19:00,1.0175
9/17/2009 20:00,1.2796
9/17/2009 21:00,1.6195
9/17/2009 22:00,1.0235
9/17/2009 23:00,0.4501
9/18/2009 0:00,0.3099
9/18/2009 1:00,0.308733333
9/18/2009 2:00,0.2748
9/18/2009 3:00,0.322033333
9/18/2009 4:00,0.3075
9/18/2009 5:00,0.253
9/18/2009 6:00,0.3964
9/18/2009 7:00,1.6424
9/18/2009 8:00,2.254166667
9/18/2009 9:00,1.8882
9/18/2009 10:00,1.4019
9/18/2009 11:00,1.5415
9/18/2009 12:00,1.341033333
9/18/2009 13:00,0.301133333
9/18/2009 14:00,0.204233333
9/18/2009 15:00,0.297166667
9/18/2009 16:00,0.2401
9/18/2009 17:00,0.303
9/18/2009 18:00,0.275466667
9/18/2009 19:00,1.4121
9/18/2009 20:00,3.305033333
9/18/2009 21:00,1.724333333
9/18/2009 22:00,1.7837
9/18/2009 23:00,0.8127
9/19/2009 0:00,0.365966667
9/19/2009 1:00,0.287433333
9/19/2009 2:00,0.2904
9/19/2009 3:00,0.325666667
9/19/2009 4:00,0.9081
9/19/2009 5:00,0.270333333
9/19/2009 6:00,0.281933333
9/19/2009 7:00,0.430566667
9/19/2009 8:00,0.7234
9/19/2009 9:00,1.5997
9/19/2009 10:00,2.088666667
9/19/2009 11:00,1.914766667
9/19/2009 12:00,1.803166667
9/19/2009 13:00,3.3284
9/19/2009 14:00,1.7225
9/19/2009 15:00,2.0438
9/19/2009 16:00,1.491566667
9/19/2009 17:00,2.6567
9/19/2009 18:00,1.737533333
9/19/2009 19:00,1.382366667
9/19/2009 20:00,2.379766667
9/19/2009 21:00,2.8622
9/19/2009 22:00,2.012933333
9/19/2009 23:00,2.6873
9/20/2009 0:00,2.209733333
9/20/2009 1:00,2.390066667
9/20/2009 2:00,0.897766667
9/20/2009 3:00,0.341233333
9/20/2009 4:00,0.532033333
9/20/2009 5:00,0.332966667
9/20/2009 6:00,0.2828
9/20/2009 7:00,0.3415
9/20/2009 8:00,0.460233333
9/20/2009 9:00,1.182566667
9/20/2009 10:00,0.361366667
9/20/2009 11:00,1.2074
9/20/2009 12:00,2.133266667
9/20/2009 13:00,2.496666667
9/20/2009 14:00,1.817433333
9/20/2009 15:00,1.536566667
9/20/2009 16:00,1.9388
9/20/2009 17:00,1.784433333
9/20/2009 18:00,1.474466667
9/20/2009 19:00,2.298033333
9/20/2009 20:00,2.652666667
9/20/2009 21:00,2.4833
9/20/2009 22:00,1.511333333
9/20/2009 23:00,1.2555
9/21/2009 0:00,0.4509
9/21/2009 1:00,0.835866667
9/21/2009 2:00,0.315066667
9/21/2009 3:00,0.3615
9/21/2009 4:00,0.337233333
9/21/2009 5:00,0.313433333
9/21/2009 6:00,1.028566667
9/21/2009 7:00,2.4107
9/21/2009 8:00,1.466366667
9/21/2009 9:00,1.368666667
9/21/2009 10:00,1.3892
9/21/2009 11:00,1.395
9/21/2009 12:00,1.714666667
9/21/2009 13:00,0.6614
9/21/2009 14:00,0.321166667
9/21/2009 15:00,0.374266667
9/21/2009 16:00,0.3315
9/21/2009 17:00,0.339333333
9/21/2009 18:00,0.3838
9/21/2009 19:00,1.519566667
9/21/2009 20:00,2.878933333
9/21/2009 21:00,2.184266667
9/21/2009 22:00,0.900966667
9/21/2009 23:00,0.348766667
9/22/2009 0:00,0.316466667
9/22/2009 1:00,0.355433333
9/22/2009 2:00,0.310433333
9/22/2009 3:00,1.022133333
9/22/2009 4:00,0.3072
9/22/2009 5:00,0.339966667
9/22/2009 6:00,0.808133333
9/22/2009 7:00,1.154266667
9/22/2009 8:00,1.537766667
9/22/2009 9:00,1.439066667
9/22/2009 10:00,1.4387
9/22/2009 11:00,1.015166667
9/22/2009 12:00,0.2968
9/22/2009 13:00,0.6504
9/22/2009 14:00,0.484366667
9/22/2009 15:00,0.3817
9/22/2009 16:00,0.595233333
9/22/2009 17:00,1.005533333
9/22/2009 18:00,0.794833333
9/22/2009 19:00,0.9827
9/22/2009 20:00,2.108033333
9/22/2009 21:00,1.959366667
9/22/2009 22:00,1.058766667
9/22/2009 23:00,0.413133333
9/23/2009 0:00,0.365466667
9/23/2009 1:00,0.239266667
9/23/2009 2:00,0.264533333
9/23/2009 3:00,0.309966667
9/23/2009 4:00,0.247466667
9/23/2009 5:00,0.3003
9/23/2009 6:00,1.345733333
9/23/2009 7:00,2.354333333
9/23/2009 8:00,1.426166667
9/23/2009 9:00,1.362866667
9/23/2009 10:00,1.935033333
9/23/2009 11:00,1.762533333
9/23/2009 12:00,1.8308
9/23/2009 13:00,1.360833333
9/23/2009 14:00,1.634333333
9/23/2009 15:00,0.731266667
9/23/2009 16:00,0.276966667
9/23/2009 17:00,0.388666667
9/23/2009 18:00,0.4156
9/23/2009 19:00,1.6211
9/23/2009 20:00,1.775966667
9/23/2009 21:00,2.036666667
9/23/2009 22:00,2.3454
9/23/2009 23:00,0.945566667
9/24/2009 0:00,0.311166667
9/24/2009 1:00,0.249133333
9/24/2009 2:00,0.303466667
9/24/2009 3:00,0.250166667
9/24/2009 4:00,0.250866667
9/24/2009 5:00,0.2567
9/24/2009 6:00,1.068166667
9/24/2009 7:00,2.325766667
9/24/2009 8:00,1.7846
9/24/2009 9:00,1.385833333
9/24/2009 10:00,1.4608
9/24/2009 11:00,0.926466667
9/24/2009 12:00,0.4691
9/24/2009 13:00,0.297066667
9/24/2009 14:00,0.242966667
9/24/2009 15:00,0.251433333
9/24/2009 16:00,0.3165
9/24/2009 17:00,0.243266667
9/24/2009 18:00,0.4592
9/24/2009 19:00,1.8621
9/24/2009 20:00,3.6872
9/24/2009 21:00,3.071633333
9/24/2009 22:00,1.8917
9/24/2009 23:00,0.405666667
9/25/2009 0:00,0.259233333
9/25/2009 1:00,0.282
9/25/2009 2:00,0.265133333
9/25/2009 3:00,0.288133333
9/25/2009 4:00,0.388
9/25/2009 5:00,0.239866667
9/25/2009 6:00,0.493033333
9/25/2009 7:00,1.184333333
9/25/2009 8:00,1.4411
9/25/2009 9:00,1.584433333
9/25/2009 10:00,1.331266667
9/25/2009 11:00,1.4253
9/25/2009 12:00,1.333733333
9/25/2009 13:00,0.508733333
9/25/2009 14:00,1.015
9/25/2009 15:00,0.423
9/25/2009 16:00,0.736133333
9/25/2009 17:00,0.4639
9/25/2009 18:00,0.9496
9/25/2009 19:00,0.599433333
9/25/2009 20:00,0.795333333
9/25/2009 21:00,1.714366667
9/25/2009 22:00,0.845933333
9/25/2009 23:00,0.783266667
9/26/2009 0:00,0.501966667
9/26/2009 1:00,0.558166667
9/26/2009 2:00,0.347033333
9/26/2009 3:00,0.253366667
9/26/2009 4:00,0.253
9/26/2009 5:00,0.5481
9/26/2009 6:00,0.916766667
9/26/2009 7:00,1.8506
9/26/2009 8:00,2.055766667
9/26/2009 9:00,1.7133
9/26/2009 10:00,1.820833333
9/26/2009 11:00,1.1329
9/26/2009 12:00,1.1576
9/26/2009 13:00,1.728066667
9/26/2009 14:00,0.9947
9/26/2009 15:00,1.4526
9/26/2009 16:00,2.2772
9/26/2009 17:00,1.620366667
9/26/2009 18:00,1.451466667
9/26/2009 19:00,1.4529
9/26/2009 20:00,0.600266667
9/26/2009 21:00,0.3396
9/26/2009 22:00,0.4049
9/26/2009 23:00,0.5061
9/27/2009 0:00,0.3305
9/27/2009 1:00,0.282233333
9/27/2009 2:00,0.2568
9/27/2009 3:00,0.329766667
9/27/2009 4:00,0.2072
9/27/2009 5:00,0.686866667
9/27/2009 6:00,0.491166667
9/27/2009 7:00,0.269566667
9/27/2009 8:00,0.332733333
9/27/2009 9:00,0.5617
9/27/2009 10:00,1.394766667
9/27/2009 11:00,1.126366667
9/27/2009 12:00,0.921766667
9/27/2009 13:00,1.507366667
9/27/2009 14:00,1.930466667
9/27/2009 15:00,0.576166667
9/27/2009 16:00,0.810233333
9/27/2009 17:00,1.3267
9/27/2009 18:00,0.487233333
9/27/2009 19:00,0.528366667
9/27/2009 20:00,2.7971
9/27/2009 21:00,2.7097
9/27/2009 22:00,2.0767
9/27/2009 23:00,1.5664
9/28/2009 0:00,0.536066667
9/28/2009 1:00,0.244533333
9/28/2009 2:00,0.301
9/28/2009 3:00,0.283866667
9/28/2009 4:00,0.256633333
9/28/2009 5:00,0.262066667
9/28/2009 6:00,0.820433333
9/28/2009 7:00,2.3105
9/28/2009 8:00,1.387966667
9/28/2009 9:00,1.424266667
9/28/2009 10:00,1.340133333
9/28/2009 11:00,1.3021
9/28/2009 12:00,0.6675
9/28/2009 13:00,0.252233333
9/28/2009 14:00,0.283333333
9/28/2009 15:00,0.203933333
9/28/2009 16:00,0.278033333
9/28/2009 17:00,0.407266667
9/28/2009 18:00,0.6704
9/28/2009 19:00,2.153766667
9/28/2009 20:00,1.7171
9/28/2009 21:00,2.0582
9/28/2009 22:00,2.0489
9/28/2009 23:00,0.447366667
9/29/2009 0:00,0.300866667
9/29/2009 1:00,0.266533333
9/29/2009 2:00,0.310633333
9/29/2009 3:00,0.2296
9/29/2009 4:00,0.245066667
9/29/2009 5:00,0.2537
9/29/2009 6:00,0.596866667
9/29/2009 7:00,2.0961
9/29/2009 8:00,1.625533333
9/29/2009 9:00,1.722766667
9/29/2009 10:00,1.085366667
9/29/2009 11:00,0.275933333
9/29/2009 12:00,0.266
9/29/2009 13:00,0.534433333
9/29/2009 14:00,0.519066667
9/29/2009 15:00,0.3221
9/29/2009 16:00,0.632833333
9/29/2009 17:00,0.597133333
9/29/2009 18:00,1.1212
9/29/2009 19:00,0.806833333
9/29/2009 20:00,2.610433333
9/29/2009 21:00,1.9214
9/29/2009 22:00,0.4934
9/29/2009 23:00,0.272833333
9/30/2009 0:00,0.270833333
9/30/2009 1:00,0.211766667
9/30/2009 2:00,0.364866667
9/30/2009 3:00,0.804033333
9/30/2009 4:00,0.281433333
9/30/2009 5:00,0.271833333
9/30/2009 6:00,0.620233333
9/30/2009 7:00,2.1026
9/30/2009 8:00,1.3856
9/30/2009 9:00,1.328566667
9/30/2009 10:00,1.534333333
9/30/2009 11:00,0.549
9/30/2009 12:00,0.417533333
9/30/2009 13:00,2.326533333
9/30/2009 14:00,1.604033333
9/30/2009 15:00,1.4943
9/30/2009 16:00,1.441133333
9/30/2009 17:00,0.289366667
9/30/2009 18:00,1.676733333
9/30/2009 19:00,2.639833333
9/30/2009 20:00,1.7953
9/30/2009 21:00,2.569966667
9/30/2009 22:00,2.811666667
9/30/2009 23:00,0.834633333
10-01-2009 00:00,0.305533333
10-01-2009 01:00,0.2193
10-01-2009 02:00,0.254266667
10-01-2009 03:00,0.295333333
10-01-2009 04:00,0.2473
10-01-2009 05:00,0.2877
10-01-2009 06:00,0.6407
10-01-2009 07:00,2.516033333
10-01-2009 08:00,1.687866667
10-01-2009 09:00,1.342833333
10-01-2009 10:00,0.7722
10-01-2009 11:00,0.2067
10-01-2009 12:00,0.2933
10-01-2009 13:00,0.232566667
10-01-2009 14:00,0.265
10-01-2009 15:00,0.2704
10-01-2009 16:00,0.2335
10-01-2009 17:00,0.273166667
10-01-2009 18:00,0.464533333
10-01-2009 19:00,1.224066667
10-01-2009 20:00,2.4952
10-01-2009 21:00,3.4488
10-01-2009 22:00,3.0476
10-01-2009 23:00,0.4303
10-02-2009 00:00,0.3069
10-02-2009 01:00,0.1956
10-02-2009 02:00,0.258633333
10-02-2009 03:00,0.3078
10-02-2009 04:00,0.226866667
10-02-2009 05:00,0.306566667
10-02-2009 06:00,1.135633333
10-02-2009 07:00,2.071066667
10-02-2009 08:00,1.592733333
10-02-2009 09:00,1.291233333
10-02-2009 10:00,1.329166667
10-02-2009 11:00,1.274566667
10-02-2009 12:00,0.6703
10-02-2009 13:00,0.369466667
10-02-2009 14:00,0.447633333
10-02-2009 15:00,1.176833333
10-02-2009 16:00,0.3099
10-02-2009 17:00,0.957466667
10-02-2009 18:00,0.452533333
10-02-2009 19:00,1.427633333
10-02-2009 20:00,1.728
10-02-2009 21:00,0.801933333
10-02-2009 22:00,0.296133333
10-02-2009 23:00,0.276533333
10-03-2009 00:00,0.315833333
10-03-2009 01:00,0.228433333
10-03-2009 02:00,0.321933333
10-03-2009 03:00,0.2599
10-03-2009 04:00,0.504233333
10-03-2009 05:00,0.654266667
10-03-2009 06:00,0.462666667
10-03-2009 07:00,1.957466667
10-03-2009 08:00,1.557466667
10-03-2009 09:00,1.658033333
10-03-2009 10:00,0.924
10-03-2009 11:00,0.384433333
10-03-2009 12:00,0.463966667
10-03-2009 13:00,1.240233333
10-03-2009 14:00,2.052666667
10-03-2009 15:00,2.816666667
10-03-2009 16:00,2.085666667
10-03-2009 17:00,3.121
10-03-2009 18:00,2.211833333
10-03-2009 19:00,1.483266667
10-03-2009 20:00,1.448466667
10-03-2009 21:00,1.3031
10-03-2009 22:00,0.501966667
10-03-2009 23:00,0.654833333
10-04-2009 00:00,0.561866667
10-04-2009 01:00,0.346666667
10-04-2009 02:00,0.3103
10-04-2009 03:00,0.259633333
10-04-2009 04:00,0.2984
10-04-2009 05:00,0.2058
10-04-2009 06:00,0.296233333
10-04-2009 07:00,0.395033333
10-04-2009 08:00,0.9543
10-04-2009 09:00,0.305
10-04-2009 10:00,1.622766667
10-04-2009 11:00,0.931866667
10-04-2009 12:00,2.5187
10-04-2009 13:00,2.289366667
10-04-2009 14:00,2.215266667
10-04-2009 15:00,1.1509
10-04-2009 16:00,0.796866667
10-04-2009 17:00,0.6694
10-04-2009 18:00,0.835333333
10-04-2009 19:00,1.873666667
10-04-2009 20:00,3.428666667
10-04-2009 21:00,2.6879
10-04-2009 22:00,1.5933
10-04-2009 23:00,0.4712
10-05-2009 00:00,0.343066667
10-05-2009 01:00,0.371333333
10-05-2009 02:00,0.3598
10-05-2009 03:00,0.2882
10-05-2009 04:00,0.405066667
10-05-2009 05:00,0.332866667
10-05-2009 06:00,0.857533333
10-05-2009 07:00,2.089
10-05-2009 08:00,1.437633333
10-05-2009 09:00,1.411033333
10-05-2009 10:00,1.3627
10-05-2009 11:00,1.177633333
10-05-2009 12:00,0.3234
10-05-2009 13:00,0.376733333
10-05-2009 14:00,0.340733333
10-05-2009 15:00,0.3063
10-05-2009 16:00,0.364833333
10-05-2009 17:00,0.425733333
10-05-2009 18:00,0.921133333
10-05-2009 19:00,0.9436
10-05-2009 20:00,2.439833333
10-05-2009 21:00,1.991933333
10-05-2009 22:00,1.453433333
10-05-2009 23:00,0.935166667
10-06-2009 00:00,0.3732
10-06-2009 01:00,0.406733333
10-06-2009 02:00,0.346366667
10-06-2009 03:00,0.3764
10-06-2009 04:00,1.082966667
10-06-2009 05:00,0.343566667
10-06-2009 06:00,1.213266667
10-06-2009 07:00,2.608433333
10-06-2009 08:00,2.130966667
10-06-2009 09:00,1.875933333
10-06-2009 10:00,1.595533333
10-06-2009 11:00,0.717233333
10-06-2009 12:00,0.345166667
10-06-2009 13:00,0.9865
10-06-2009 14:00,0.7046
10-06-2009 15:00,0.413133333
10-06-2009 16:00,0.3498
10-06-2009 17:00,0.391033333
10-06-2009 18:00,0.4102
10-06-2009 19:00,1.200666667
10-06-2009 20:00,2.8285
10-06-2009 21:00,1.946933333
10-06-2009 22:00,0.834166667
10-06-2009 23:00,0.326166667
10-07-2009 00:00,0.408933333
10-07-2009 01:00,0.395233333
10-07-2009 02:00,0.386966667
10-07-2009 03:00,0.4149
10-07-2009 04:00,0.795033333
10-07-2009 05:00,0.6276
10-07-2009 06:00,1.409766667
10-07-2009 07:00,1.744733333
10-07-2009 08:00,1.640833333
10-07-2009 09:00,1.7069
10-07-2009 10:00,1.691366667
10-07-2009 11:00,1.747333333
10-07-2009 12:00,0.644333333
10-07-2009 13:00,0.5676
10-07-2009 14:00,0.909133333
10-07-2009 15:00,0.465833333
10-07-2009 16:00,0.8643
10-07-2009 17:00,2.168433333
10-07-2009 18:00,1.2353
10-07-2009 19:00,2.975866667
10-07-2009 20:00,3.6453
10-07-2009 21:00,2.277366667
10-07-2009 22:00,1.037166667
10-07-2009 23:00,0.603666667
10-08-2009 00:00,0.366866667
10-08-2009 01:00,0.363133333
10-08-2009 02:00,0.3471
10-08-2009 03:00,1.031566667
10-08-2009 04:00,0.385033333
10-08-2009 05:00,0.3531
10-08-2009 06:00,1.086066667
10-08-2009 07:00,2.767566667
10-08-2009 08:00,1.9433
10-08-2009 09:00,1.421133333
10-08-2009 10:00,1.449233333
10-08-2009 11:00,1.5184
10-08-2009 12:00,1.489233333
10-08-2009 13:00,1.4714
10-08-2009 14:00,0.804533333
10-08-2009 15:00,0.383233333
10-08-2009 16:00,0.346266667
10-08-2009 17:00,0.3562
10-08-2009 18:00,0.511366667
10-08-2009 19:00,2.3258
10-08-2009 20:00,2.182466667
10-08-2009 21:00,0.970566667
10-08-2009 22:00,1.168066667
10-08-2009 23:00,1.244466667
10-09-2009 00:00,0.369766667
10-09-2009 01:00,0.315133333
10-09-2009 02:00,0.3321
10-09-2009 03:00,0.400966667
10-09-2009 04:00,0.3367
10-09-2009 05:00,0.3837
10-09-2009 06:00,0.604
10-09-2009 07:00,1.5174
10-09-2009 08:00,1.4636
10-09-2009 09:00,1.868533333
10-09-2009 10:00,1.497266667
10-09-2009 11:00,1.397933333
10-09-2009 12:00,1.659066667
10-09-2009 13:00,1.416866667
10-09-2009 14:00,0.9431
10-09-2009 15:00,1.017866667
10-09-2009 16:00,1.027666667
10-09-2009 17:00,0.653933333
10-09-2009 18:00,0.898366667
10-09-2009 19:00,1.4973
10-09-2009 20:00,1.301233333
10-09-2009 21:00,0.5788
10-09-2009 22:00,0.4398
10-09-2009 23:00,0.609933333
10-10-2009 00:00,0.380566667
10-10-2009 01:00,0.350766667
10-10-2009 02:00,0.406933333
10-10-2009 03:00,0.306066667
10-10-2009 04:00,0.994266667
10-10-2009 05:00,0.348
10-10-2009 06:00,0.557533333
10-10-2009 07:00,2.0029
10-10-2009 08:00,2.2458
10-10-2009 09:00,1.5216
10-10-2009 10:00,0.6327
10-10-2009 11:00,0.499933333
10-10-2009 12:00,0.469666667
10-10-2009 13:00,1.639
10-10-2009 14:00,2.638166667
10-10-2009 15:00,2.833466667
10-10-2009 16:00,2.0668
10-10-2009 17:00,1.4294
10-10-2009 18:00,0.493733333
10-10-2009 19:00,2.874933333
10-10-2009 20:00,2.630466667
10-10-2009 21:00,2.762166667
10-10-2009 22:00,2.567466667
10-10-2009 23:00,0.8936
10-11-2009 00:00,0.392666667
10-11-2009 01:00,0.402566667
10-11-2009 02:00,0.377833333
10-11-2009 03:00,0.4021
10-11-2009 04:00,0.360866667
10-11-2009 05:00,0.337266667
10-11-2009 06:00,0.3934
10-11-2009 07:00,0.348433333
10-11-2009 08:00,1.797433333
10-11-2009 09:00,1.489366667
10-11-2009 10:00,2.3309
10-11-2009 11:00,3.995633333
10-11-2009 12:00,3.078133333
10-11-2009 13:00,3.289833333
10-11-2009 14:00,1.5718
10-11-2009 15:00,1.024433333
10-11-2009 16:00,1.1249
10-11-2009 17:00,0.564033333
10-11-2009 18:00,0.991866667
10-11-2009 19:00,2.987033333
10-11-2009 20:00,1.721633333
10-11-2009 21:00,1.180633333
10-11-2009 22:00,1.6806
10-11-2009 23:00,0.485366667
10-12-2009 00:00,0.3739
10-12-2009 01:00,0.3577
10-12-2009 02:00,0.347133333
10-12-2009 03:00,0.398166667
10-12-2009 04:00,0.322266667
10-12-2009 05:00,0.366766667
10-12-2009 06:00,0.7856
10-12-2009 07:00,2.529766667
10-12-2009 08:00,1.8892
10-12-2009 09:00,1.8925
10-12-2009 10:00,1.453633333
10-12-2009 11:00,1.3134
10-12-2009 12:00,1.310333333
10-12-2009 13:00,0.295466667
10-12-2009 14:00,0.3467
10-12-2009 15:00,0.364233333
10-12-2009 16:00,0.277333333
10-12-2009 17:00,0.3709
10-12-2009 18:00,0.5338
10-12-2009 19:00,1.9384
10-12-2009 20:00,2.505933333
10-12-2009 21:00,1.1773
10-12-2009 22:00,1.074033333
10-12-2009 23:00,0.302266667
10/13/2009 0:00,0.372566667
10/13/2009 1:00,0.320333333
10/13/2009 2:00,0.996733333
10/13/2009 3:00,0.329533333
10/13/2009 4:00,0.353566667
10/13/2009 5:00,0.292066667
10/13/2009 6:00,0.553666667
10/13/2009 7:00,2.086566667
10/13/2009 8:00,2.3063
10/13/2009 9:00,2.053733333
10/13/2009 10:00,1.4405
10/13/2009 11:00,1.706666667
10/13/2009 12:00,1.374033333
10/13/2009 13:00,0.7581
10/13/2009 14:00,0.439766667
10/13/2009 15:00,0.464133333
10/13/2009 16:00,0.411866667
10/13/2009 17:00,0.417833333
10/13/2009 18:00,0.817633333
10/13/2009 19:00,2.479466667
10/13/2009 20:00,2.109766667
10/13/2009 21:00,1.159733333
10/13/2009 22:00,0.547933333
10/13/2009 23:00,0.359166667
10/14/2009 0:00,0.552366667
10/14/2009 1:00,0.7627
10/14/2009 2:00,0.302833333
10/14/2009 3:00,0.3534
10/14/2009 4:00,0.3145
10/14/2009 5:00,0.320266667
10/14/2009 6:00,1.2356
10/14/2009 7:00,3.385333333
10/14/2009 8:00,1.882833333
10/14/2009 9:00,1.8891
10/14/2009 10:00,1.432333333
10/14/2009 11:00,1.612533333
10/14/2009 12:00,0.878166667
10/14/2009 13:00,0.8641
10/14/2009 14:00,0.4969
10/14/2009 15:00,0.374366667
10/14/2009 16:00,2.150166667
10/14/2009 17:00,0.7716
10/14/2009 18:00,1.361966667
10/14/2009 19:00,1.4666
10/14/2009 20:00,1.819033333
10/14/2009 21:00,2.2583
10/14/2009 22:00,1.122033333
10/14/2009 23:00,0.913366667
10/15/2009 0:00,0.360633333
10/15/2009 1:00,0.303
10/15/2009 2:00,1.015433333
10/15/2009 3:00,0.3011
10/15/2009 4:00,0.377766667
10/15/2009 5:00,0.287166667
10/15/2009 6:00,0.617933333
10/15/2009 7:00,1.9829
10/15/2009 8:00,1.927866667
10/15/2009 9:00,1.406133333
10/15/2009 10:00,1.366666667
10/15/2009 11:00,1.451566667
10/15/2009 12:00,1.361833333
10/15/2009 13:00,0.8476
10/15/2009 14:00,0.320766667
10/15/2009 15:00,0.335366667
10/15/2009 16:00,0.331966667
10/15/2009 17:00,0.310233333
10/15/2009 18:00,0.630866667
10/15/2009 19:00,2.029533333
10/15/2009 20:00,3.377466667
10/15/2009 21:00,2.277866667
10/15/2009 22:00,1.2577
10/15/2009 23:00,0.353566667
10/16/2009 0:00,0.397766667
10/16/2009 1:00,0.305466667
10/16/2009 2:00,0.314066667
10/16/2009 3:00,0.3756
10/16/2009 4:00,0.294533333
10/16/2009 5:00,0.838766667
10/16/2009 6:00,0.962566667
10/16/2009 7:00,2.320733333
10/16/2009 8:00,2.656633333
10/16/2009 9:00,1.4594
10/16/2009 10:00,1.417966667
10/16/2009 11:00,1.365266667
10/16/2009 12:00,1.4151
10/16/2009 13:00,0.4181
10/16/2009 14:00,1.759633333
10/16/2009 15:00,0.713666667
10/16/2009 16:00,1.020333333
10/16/2009 17:00,0.729066667
10/16/2009 18:00,0.808666667
10/16/2009 19:00,1.4241
10/16/2009 20:00,2.442466667
10/16/2009 21:00,1.107033333
10/16/2009 22:00,0.351
10/16/2009 23:00,0.383066667
10/17/2009 0:00,0.2977
10/17/2009 1:00,0.340566667
10/17/2009 2:00,0.319166667
10/17/2009 3:00,0.653666667
10/17/2009 4:00,0.532333333
10/17/2009 5:00,0.321966667
10/17/2009 6:00,0.5793
10/17/2009 7:00,2.44
10/17/2009 8:00,2.215866667
10/17/2009 9:00,1.9841
10/17/2009 10:00,1.757533333
10/17/2009 11:00,1.903033333
10/17/2009 12:00,1.344533333
10/17/2009 13:00,1.354966667
10/17/2009 14:00,2.772666667
10/17/2009 15:00,2.505833333
10/17/2009 16:00,4.663166667
10/17/2009 17:00,3.1629
10/17/2009 18:00,3.173666667
10/17/2009 19:00,2.556466667
10/17/2009 20:00,2.617566667
10/17/2009 21:00,3.539266667
10/17/2009 22:00,2.288266667
10/17/2009 23:00,2.3768
10/18/2009 0:00,1.5616
10/18/2009 1:00,1.653966667
10/18/2009 2:00,1.004733333
10/18/2009 3:00,0.3518
10/18/2009 4:00,0.3217
10/18/2009 5:00,0.3464
10/18/2009 6:00,0.308633333
10/18/2009 7:00,0.337166667
10/18/2009 8:00,0.4788
10/18/2009 9:00,0.699433333
10/18/2009 10:00,1.696433333
10/18/2009 11:00,1.431733333
10/18/2009 12:00,1.449
10/18/2009 13:00,1.2987
10/18/2009 14:00,0.376633333
10/18/2009 15:00,0.316533333
10/18/2009 16:00,0.367966667
10/18/2009 17:00,0.598966667
10/18/2009 18:00,2.7207
10/18/2009 19:00,2.284366667
10/18/2009 20:00,1.805233333
10/18/2009 21:00,1.986833333
10/18/2009 22:00,1.3425
10/18/2009 23:00,1.196233333
10/19/2009 0:00,0.327666667
10/19/2009 1:00,0.347233333
10/19/2009 2:00,0.379933333
10/19/2009 3:00,0.314
10/19/2009 4:00,0.377933333
10/19/2009 5:00,0.307533333
10/19/2009 6:00,1.039366667
10/19/2009 7:00,2.713366667
10/19/2009 8:00,2.040833333
10/19/2009 9:00,1.9839
10/19/2009 10:00,0.740666667
10/19/2009 11:00,0.369766667
10/19/2009 12:00,0.2985
10/19/2009 13:00,0.342166667
10/19/2009 14:00,0.3429
10/19/2009 15:00,0.298133333
10/19/2009 16:00,0.3631
10/19/2009 17:00,0.3835
10/19/2009 18:00,1.412633333
10/19/2009 19:00,1.195166667
10/19/2009 20:00,2.631233333
10/19/2009 21:00,2.554333333
10/19/2009 22:00,1.660566667
10/19/2009 23:00,0.394033333
10/20/2009 0:00,0.304633333
10/20/2009 1:00,0.386633333
10/20/2009 2:00,0.402166667
10/20/2009 3:00,0.303866667
10/20/2009 4:00,0.366266667
10/20/2009 5:00,0.462766667
10/20/2009 6:00,0.986833333
10/20/2009 7:00,1.668733333
10/20/2009 8:00,2.076833333
10/20/2009 9:00,1.4423
10/20/2009 10:00,2.046933333
10/20/2009 11:00,1.939
10/20/2009 12:00,1.761
10/20/2009 13:00,1.616366667
10/20/2009 14:00,0.414066667
10/20/2009 15:00,0.414133333
10/20/2009 16:00,0.896533333
10/20/2009 17:00,0.866166667
10/20/2009 18:00,1.0494
10/20/2009 19:00,3.043166667
10/20/2009 20:00,2.773133333
10/20/2009 21:00,2.528166667
10/20/2009 22:00,0.571466667
10/20/2009 23:00,0.3929
10/21/2009 0:00,0.3375
10/21/2009 1:00,0.311433333
10/21/2009 2:00,0.365233333
10/21/2009 3:00,0.323
10/21/2009 4:00,0.3287
10/21/2009 5:00,0.319166667
10/21/2009 6:00,1.724066667
10/21/2009 7:00,2.741166667
10/21/2009 8:00,1.902166667
10/21/2009 9:00,2.0408
10/21/2009 10:00,0.673733333
10/21/2009 11:00,0.6852
10/21/2009 12:00,0.684333333
10/21/2009 13:00,2.308633333
10/21/2009 14:00,2.047033333
10/21/2009 15:00,0.845833333
10/21/2009 16:00,1.525933333
10/21/2009 17:00,3.263433333
10/21/2009 18:00,2.274366667
10/21/2009 19:00,1.078166667
10/21/2009 20:00,2.279566667
10/21/2009 21:00,2.275133333
10/21/2009 22:00,1.805633333
10/21/2009 23:00,0.684866667
10/22/2009 0:00,0.336466667
10/22/2009 1:00,0.379933333
10/22/2009 2:00,0.330566667
10/22/2009 3:00,0.378166667
10/22/2009 4:00,0.3429
10/22/2009 5:00,0.2948
10/22/2009 6:00,1.644266667
10/22/2009 7:00,2.107466667
10/22/2009 8:00,1.8131
10/22/2009 9:00,1.446833333
10/22/2009 10:00,1.462166667
10/22/2009 11:00,1.4306
10/22/2009 12:00,1.5111
10/22/2009 13:00,1.489433333
10/22/2009 14:00,0.9757
10/22/2009 15:00,0.365333333
10/22/2009 16:00,0.342333333
10/22/2009 17:00,0.348433333
10/22/2009 18:00,0.901033333
10/22/2009 19:00,1.584966667
10/22/2009 20:00,1.799533333
10/22/2009 21:00,0.9325
10/22/2009 22:00,0.6172
10/22/2009 23:00,0.493666667
10/23/2009 0:00,0.334166667
10/23/2009 1:00,0.367066667
10/23/2009 2:00,0.331366667
10/23/2009 3:00,0.324966667
10/23/2009 4:00,0.329133333
10/23/2009 5:00,0.654066667
10/23/2009 6:00,1.1557
10/23/2009 7:00,1.395566667
10/23/2009 8:00,2.0358
10/23/2009 9:00,1.434766667
10/23/2009 10:00,0.7847
10/23/2009 11:00,0.3448
10/23/2009 12:00,0.5267
10/23/2009 13:00,0.527866667
10/23/2009 14:00,1.209333333
10/23/2009 15:00,4.0253
10/23/2009 16:00,2.494866667
10/23/2009 17:00,1.123366667
10/23/2009 18:00,1.8752
10/23/2009 19:00,2.8069
10/23/2009 20:00,2.205366667
10/23/2009 21:00,1.920666667
10/23/2009 22:00,0.734233333
10/23/2009 23:00,0.348933333
10/24/2009 0:00,0.370833333
10/24/2009 1:00,0.3535
10/24/2009 2:00,0.356566667
10/24/2009 3:00,0.3468
10/24/2009 4:00,0.308466667
10/24/2009 5:00,0.848733333
10/24/2009 6:00,0.499533333
10/24/2009 7:00,2.929733333
10/24/2009 8:00,2.4243
10/24/2009 9:00,1.495533333
10/24/2009 10:00,1.758766667
10/24/2009 11:00,2.818366667
10/24/2009 12:00,3.909266667
10/24/2009 13:00,2.186033333
10/24/2009 14:00,1.055866667
10/24/2009 15:00,0.519833333
10/24/2009 16:00,1.438766667
10/24/2009 17:00,0.943066667
10/24/2009 18:00,3.998866667
10/24/2009 19:00,2.776233333
10/24/2009 20:00,3.441366667
10/24/2009 21:00,3.115133333
10/24/2009 22:00,2.9892
10/24/2009 23:00,2.6887
10/25/2009 0:00,2.081566667
10/25/2009 1:00,2.082733333
10/25/2009 2:00,1.549366667
10/25/2009 3:00,0.3547
10/25/2009 4:00,0.359266667
10/25/2009 5:00,0.3429
10/25/2009 6:00,0.343166667
10/25/2009 7:00,0.3426
10/25/2009 8:00,0.639266667
10/25/2009 9:00,1.126966667
10/25/2009 10:00,2.227933333
10/25/2009 11:00,3.084166667
10/25/2009 12:00,3.330066667
10/25/2009 13:00,1.629766667
10/25/2009 14:00,1.084366667
10/25/2009 15:00,2.1286
10/25/2009 16:00,2.746033333
10/25/2009 17:00,1.9356
10/25/2009 18:00,3.7201
10/25/2009 19:00,2.4824
10/25/2009 20:00,2.411033333
10/25/2009 21:00,2.184
10/25/2009 22:00,1.521566667
10/25/2009 23:00,0.400766667
10/26/2009 0:00,0.3309
10/26/2009 1:00,0.400766667
10/26/2009 2:00,0.3059
10/26/2009 3:00,0.427066667
10/26/2009 4:00,0.305966667
10/26/2009 5:00,0.399933333
10/26/2009 6:00,1.373
10/26/2009 7:00,1.867966667
10/26/2009 8:00,1.486133333
10/26/2009 9:00,0.416633333
10/26/2009 10:00,0.395766667
10/26/2009 11:00,0.280833333
10/26/2009 12:00,0.372366667
10/26/2009 13:00,0.317833333
10/26/2009 14:00,0.3505
10/26/2009 15:00,0.344233333
10/26/2009 16:00,0.306866667
10/26/2009 17:00,0.931533333
10/26/2009 18:00,0.855133333
10/26/2009 19:00,1.402
10/26/2009 20:00,1.105333333
10/26/2009 21:00,1.965133333
10/26/2009 22:00,1.410466667
10/26/2009 23:00,1.1868
10/27/2009 0:00,0.3995
10/27/2009 1:00,0.833333333
10/27/2009 2:00,0.305466667
10/27/2009 3:00,0.9037
10/27/2009 4:00,0.410133333
10/27/2009 5:00,0.3273
10/27/2009 6:00,0.804933333
10/27/2009 7:00,1.6042
10/27/2009 8:00,1.6097
10/27/2009 9:00,1.4769
10/27/2009 10:00,1.740066667
10/27/2009 11:00,1.542666667
10/27/2009 12:00,0.703633333
10/27/2009 13:00,0.3471
10/27/2009 14:00,0.319333333
10/27/2009 15:00,0.3617
10/27/2009 16:00,0.285366667
10/27/2009 17:00,0.3264
10/27/2009 18:00,0.3175
10/27/2009 19:00,0.476266667
10/27/2009 20:00,2.055633333
10/27/2009 21:00,0.722533333
10/27/2009 22:00,0.4446
10/27/2009 23:00,0.294633333
10/28/2009 0:00,0.376333333
10/28/2009 1:00,0.2876
10/28/2009 2:00,0.3633
10/28/2009 3:00,0.276766667
10/28/2009 4:00,1.089066667
10/28/2009 5:00,0.306366667
10/28/2009 6:00,0.3867
10/28/2009 7:00,1.1326
10/28/2009 8:00,1.171
10/28/2009 9:00,0.353633333
10/28/2009 10:00,0.3386
10/28/2009 11:00,0.3545
10/28/2009 12:00,0.715333333
10/28/2009 13:00,1.453433333
10/28/2009 14:00,1.4637
10/28/2009 15:00,1.3614
10/28/2009 16:00,1.432566667
10/28/2009 17:00,0.753533333
10/28/2009 18:00,0.335166667
10/28/2009 19:00,1.018533333
10/28/2009 20:00,1.768833333
10/28/2009 21:00,2.645066667
10/28/2009 22:00,1.288166667
10/28/2009 23:00,0.472933333
10/29/2009 0:00,0.443733333
10/29/2009 1:00,0.330433333
10/29/2009 2:00,0.397033333
10/29/2009 3:00,0.278033333
10/29/2009 4:00,1.0593
10/29/2009 5:00,0.305966667
10/29/2009 6:00,0.287066667
10/29/2009 7:00,0.3821
10/29/2009 8:00,0.560033333
10/29/2009 9:00,0.6137
10/29/2009 10:00,1.573566667
10/29/2009 11:00,0.906233333
10/29/2009 12:00,0.503166667
10/29/2009 13:00,2.105166667
10/29/2009 14:00,1.078
10/29/2009 15:00,3.438066667
10/29/2009 16:00,2.477933333
10/29/2009 17:00,2.356866667
10/29/2009 18:00,2.733366667
10/29/2009 19:00,2.912933333
10/29/2009 20:00,3.039866667
10/29/2009 21:00,1.616866667
10/29/2009 22:00,2.609433333
10/29/2009 23:00,1.015133333
10/30/2009 0:00,0.651466667
10/30/2009 1:00,0.4178
10/30/2009 2:00,0.3034
10/30/2009 3:00,0.390433333
10/30/2009 4:00,0.3179
10/30/2009 5:00,0.607466667
10/30/2009 6:00,0.7524
10/30/2009 7:00,0.588766667
10/30/2009 8:00,1.323066667
10/30/2009 9:00,1.995566667
10/30/2009 10:00,1.615933333
10/30/2009 11:00,1.358066667
10/30/2009 12:00,0.9037
10/30/2009 13:00,0.3944
10/30/2009 14:00,0.674566667
10/30/2009 15:00,1.2828
10/30/2009 16:00,3.4557
10/30/2009 17:00,1.2415
10/30/2009 18:00,0.486033333
10/30/2009 19:00,1.1591
10/30/2009 20:00,2.177366667
10/30/2009 21:00,1.599466667
10/30/2009 22:00,0.903133333
10/30/2009 23:00,0.289266667
10/31/2009 0:00,0.3742
10/31/2009 1:00,0.277866667
10/31/2009 2:00,0.4301
10/31/2009 3:00,0.8559
10/31/2009 4:00,0.2784
10/31/2009 5:00,0.369533333
10/31/2009 6:00,0.2748
10/31/2009 7:00,0.307133333
10/31/2009 8:00,0.489333333
10/31/2009 9:00,1.5162
10/31/2009 10:00,1.593633333
10/31/2009 11:00,1.4683
10/31/2009 12:00,3.689866667
10/31/2009 13:00,2.0398
10/31/2009 14:00,1.676233333
10/31/2009 15:00,1.8381
10/31/2009 16:00,1.943033333
10/31/2009 17:00,1.0863
10/31/2009 18:00,1.623933333
10/31/2009 19:00,2.7446
10/31/2009 20:00,2.446066667
10/31/2009 21:00,2.346233333
10/31/2009 22:00,1.250466667
10/31/2009 23:00,0.345666667
11-01-2009 00:00,0.354533333
11-01-2009 01:00,0.313666667
11-01-2009 02:00,0.303466667
11-01-2009 03:00,0.3448
11-01-2009 04:00,0.334533333
11-01-2009 05:00,0.3642
11-01-2009 06:00,0.9534
11-01-2009 07:00,0.481133333
11-01-2009 08:00,0.611166667
11-01-2009 09:00,0.966733333
11-01-2009 10:00,1.049166667
11-01-2009 11:00,0.945033333
11-01-2009 12:00,1.600366667
11-01-2009 13:00,1.383366667
11-01-2009 14:00,1.803466667
11-01-2009 15:00,1.738566667
11-01-2009 16:00,2.5214
11-01-2009 17:00,2.443533333
11-01-2009 18:00,1.8078
11-01-2009 19:00,1.780733333
11-01-2009 20:00,2.219066667
11-01-2009 21:00,2.115266667
11-01-2009 22:00,2.598033333
11-01-2009 23:00,1.686033333
11-02-2009 00:00,1.436633333
11-02-2009 01:00,0.350833333
11-02-2009 02:00,0.325133333
11-02-2009 03:00,0.363233333
11-02-2009 04:00,0.293933333
11-02-2009 05:00,0.395633333
11-02-2009 06:00,0.518033333
11-02-2009 07:00,1.968466667
11-02-2009 08:00,0.328733333
11-02-2009 09:00,0.356133333
11-02-2009 10:00,0.6361
11-02-2009 11:00,1.042366667
11-02-2009 12:00,2.430133333
11-02-2009 13:00,1.251933333
11-02-2009 14:00,0.508433333
11-02-2009 15:00,0.504066667
11-02-2009 16:00,0.454366667
11-02-2009 17:00,1.191666667
11-02-2009 18:00,2.509666667
11-02-2009 19:00,1.973833333
11-02-2009 20:00,2.753666667
11-02-2009 21:00,1.581033333
11-02-2009 22:00,1.0401
11-02-2009 23:00,0.8563
11-03-2009 00:00,0.516933333
11-03-2009 01:00,0.3528
11-03-2009 02:00,0.287833333
11-03-2009 03:00,0.380266667
11-03-2009 04:00,0.2724
11-03-2009 05:00,0.3087
11-03-2009 06:00,0.348266667
11-03-2009 07:00,1.324066667
11-03-2009 08:00,0.999833333
11-03-2009 09:00,1.641833333
11-03-2009 10:00,2.6256
11-03-2009 11:00,1.3317
11-03-2009 12:00,1.064666667
11-03-2009 13:00,2.842133333
11-03-2009 14:00,0.893733333
11-03-2009 15:00,1.0942
11-03-2009 16:00,1.6485
11-03-2009 17:00,1.893366667
11-03-2009 18:00,2.932233333
11-03-2009 19:00,4.125833333
11-03-2009 20:00,4.830833333
11-03-2009 21:00,2.695633333
11-03-2009 22:00,1.960033333
11-03-2009 23:00,1.406733333
11-04-2009 00:00,0.378366667
11-04-2009 01:00,0.529133333
11-04-2009 02:00,0.3837
11-04-2009 03:00,0.3222
11-04-2009 04:00,0.359366667
11-04-2009 05:00,0.344533333
11-04-2009 06:00,0.3506
11-04-2009 07:00,0.455333333
11-04-2009 08:00,1.337133333
11-04-2009 09:00,0.7521
11-04-2009 10:00,0.9253
11-04-2009 11:00,1.4343
11-04-2009 12:00,1.7102
11-04-2009 13:00,1.9885
11-04-2009 14:00,1.6749
11-04-2009 15:00,1.7364
11-04-2009 16:00,1.9264
11-04-2009 17:00,2.114566667
11-04-2009 18:00,3.033033333
11-04-2009 19:00,3.4084
11-04-2009 20:00,1.2261
11-04-2009 21:00,2.4812
11-04-2009 22:00,0.749833333
11-04-2009 23:00,0.4084
11-05-2009 00:00,0.362433333
11-05-2009 01:00,0.3374
11-05-2009 02:00,0.8552
11-05-2009 03:00,0.4432
11-05-2009 04:00,0.373633333
11-05-2009 05:00,0.344533333
11-05-2009 06:00,0.628133333
11-05-2009 07:00,1.626566667
11-05-2009 08:00,1.843266667
11-05-2009 09:00,1.3653
11-05-2009 10:00,1.474933333
11-05-2009 11:00,1.082366667
11-05-2009 12:00,0.639633333
11-05-2009 13:00,0.434466667
11-05-2009 14:00,0.4379
11-05-2009 15:00,0.654333333
11-05-2009 16:00,0.483533333
11-05-2009 17:00,0.385966667
11-05-2009 18:00,1.698233333
11-05-2009 19:00,2.496833333
11-05-2009 20:00,3.572766667
11-05-2009 21:00,2.251933333
11-05-2009 22:00,1.893466667
11-05-2009 23:00,0.321733333
11-06-2009 00:00,0.348833333
11-06-2009 01:00,0.344866667
11-06-2009 02:00,0.286
11-06-2009 03:00,0.354266667
11-06-2009 04:00,0.296766667
11-06-2009 05:00,0.561666667
11-06-2009 06:00,1.581933333
11-06-2009 07:00,1.594333333
11-06-2009 08:00,1.502366667
11-06-2009 09:00,1.792466667
11-06-2009 10:00,1.400566667
11-06-2009 11:00,1.430666667
11-06-2009 12:00,1.0609
11-06-2009 13:00,0.706533333
11-06-2009 14:00,0.430233333
11-06-2009 15:00,1.222133333
11-06-2009 16:00,1.0887
11-06-2009 17:00,1.842533333
11-06-2009 18:00,0.9468
11-06-2009 19:00,1.014133333
11-06-2009 20:00,0.9511
11-06-2009 21:00,1.680833333
11-06-2009 22:00,0.4072
11-06-2009 23:00,0.328333333
11-07-2009 00:00,0.2945
11-07-2009 01:00,0.327966667
11-07-2009 02:00,0.3283
11-07-2009 03:00,0.335
11-07-2009 04:00,0.655166667
11-07-2009 05:00,0.542066667
11-07-2009 06:00,0.520366667
11-07-2009 07:00,2.244033333
11-07-2009 08:00,2.0349
11-07-2009 09:00,1.5443
11-07-2009 10:00,1.450066667
11-07-2009 11:00,0.471933333
11-07-2009 12:00,0.4257
11-07-2009 13:00,2.277566667
11-07-2009 14:00,1.491066667
11-07-2009 15:00,1.098233333
11-07-2009 16:00,1.074133333
11-07-2009 17:00,1.806
11-07-2009 18:00,1.5055
11-07-2009 19:00,1.509466667
11-07-2009 20:00,1.063666667
11-07-2009 21:00,0.781066667
11-07-2009 22:00,1.395166667
11-07-2009 23:00,0.776766667
11-08-2009 00:00,0.472533333
11-08-2009 01:00,1.0463
11-08-2009 02:00,0.299333333
11-08-2009 03:00,0.322966667
11-08-2009 04:00,0.3373
11-08-2009 05:00,0.316666667
11-08-2009 06:00,0.280966667
11-08-2009 07:00,0.427066667
11-08-2009 08:00,1.714933333
11-08-2009 09:00,2.522666667
11-08-2009 10:00,2.893266667
11-08-2009 11:00,2.654933333
11-08-2009 12:00,4.3383
11-08-2009 13:00,3.033233333
11-08-2009 14:00,2.4853
11-08-2009 15:00,1.790666667
11-08-2009 16:00,0.720633333
11-08-2009 17:00,1.1565
11-08-2009 18:00,2.800166667
11-08-2009 19:00,2.9546
11-08-2009 20:00,3.5431
11-08-2009 21:00,2.323433333
11-08-2009 22:00,1.884633333
11-08-2009 23:00,1.480533333
11-09-2009 00:00,0.6557
11-09-2009 01:00,0.3307
11-09-2009 02:00,0.3341
11-09-2009 03:00,0.332833333
11-09-2009 04:00,0.399866667
11-09-2009 05:00,0.305733333
11-09-2009 06:00,1.041033333
11-09-2009 07:00,3.1622
11-09-2009 08:00,1.463766667
11-09-2009 09:00,1.4305
11-09-2009 10:00,1.2368
11-09-2009 11:00,0.3015
11-09-2009 12:00,0.322266667
11-09-2009 13:00,0.346066667
11-09-2009 14:00,0.341
11-09-2009 15:00,0.297633333
11-09-2009 16:00,0.343233333
11-09-2009 17:00,0.990466667
11-09-2009 18:00,2.074633333
11-09-2009 19:00,1.522566667
11-09-2009 20:00,3.051666667
11-09-2009 21:00,1.8969
11-09-2009 22:00,0.977533333
11-09-2009 23:00,0.3291
11-10-2009 00:00,0.823866667
11-10-2009 01:00,0.506466667
11-10-2009 02:00,0.298233333
11-10-2009 03:00,0.342233333
11-10-2009 04:00,0.3387
11-10-2009 05:00,0.3309
11-10-2009 06:00,0.652733333
11-10-2009 07:00,1.692966667
11-10-2009 08:00,1.7427
11-10-2009 09:00,1.661166667
11-10-2009 10:00,1.785766667
11-10-2009 11:00,1.421933333
11-10-2009 12:00,1.3966
11-10-2009 13:00,1.407233333
11-10-2009 14:00,1.2605
11-10-2009 15:00,0.489066667
11-10-2009 16:00,0.947833333
11-10-2009 17:00,0.8335
11-10-2009 18:00,1.349666667
11-10-2009 19:00,1.5663
11-10-2009 20:00,2.1125
11-10-2009 21:00,2.296866667
11-10-2009 22:00,1.126333333
11-10-2009 23:00,0.385666667
11-11-2009 00:00,0.369166667
11-11-2009 01:00,0.319266667
11-11-2009 02:00,0.354533333
11-11-2009 03:00,0.351
11-11-2009 04:00,0.342433333
11-11-2009 05:00,0.318666667
11-11-2009 06:00,1.087033333
11-11-2009 07:00,0.5523
11-11-2009 08:00,0.4018
11-11-2009 09:00,0.925133333
11-11-2009 10:00,0.598633333
11-11-2009 11:00,1.4178
11-11-2009 12:00,1.143
11-11-2009 13:00,1.251433333
11-11-2009 14:00,2.327066667
11-11-2009 15:00,1.9685
11-11-2009 16:00,1.999166667
11-11-2009 17:00,4.536166667
11-11-2009 18:00,3.1558
11-11-2009 19:00,3.528633333
11-11-2009 20:00,2.258566667
11-11-2009 21:00,1.762066667
11-11-2009 22:00,1.7297
11-11-2009 23:00,1.310133333
11-12-2009 00:00,0.387833333
11-12-2009 01:00,0.361633333
11-12-2009 02:00,0.277733333
11-12-2009 03:00,0.374433333
11-12-2009 04:00,0.2885
11-12-2009 05:00,0.919166667
11-12-2009 06:00,0.980566667
11-12-2009 07:00,2.394933333
11-12-2009 08:00,1.7417
11-12-2009 09:00,1.334333333
11-12-2009 10:00,1.4088
11-12-2009 11:00,1.257666667
11-12-2009 12:00,0.2928
11-12-2009 13:00,0.3947
11-12-2009 14:00,0.308533333
11-12-2009 15:00,0.339166667
11-12-2009 16:00,0.402066667
11-12-2009 17:00,0.640333333
11-12-2009 18:00,0.883133333
11-12-2009 19:00,3.582133333
11-12-2009 20:00,2.298
11-12-2009 21:00,2.231233333
11-12-2009 22:00,0.9056
11-12-2009 23:00,0.379433333
11/13/2009 0:00,0.316266667
11/13/2009 1:00,0.3444
11/13/2009 2:00,0.342
11/13/2009 3:00,0.342833333
11/13/2009 4:00,0.324366667
11/13/2009 5:00,0.633366667
11/13/2009 6:00,1.0501
11/13/2009 7:00,0.669133333
11/13/2009 8:00,1.597766667
11/13/2009 9:00,1.822833333
11/13/2009 10:00,1.3975
11/13/2009 11:00,1.363366667
11/13/2009 12:00,0.896366667
11/13/2009 13:00,0.582633333
11/13/2009 14:00,1.3524
11/13/2009 15:00,1.021533333
11/13/2009 16:00,1.1523
11/13/2009 17:00,0.5845
11/13/2009 18:00,1.2778
11/13/2009 19:00,2.477333333
11/13/2009 20:00,2.850533333
11/13/2009 21:00,1.404133333
11/13/2009 22:00,1.4589
11/13/2009 23:00,0.2864
11/14/2009 0:00,0.3792
11/14/2009 1:00,0.365133333
11/14/2009 2:00,0.400366667
11/14/2009 3:00,0.8948
11/14/2009 4:00,0.333933333
11/14/2009 5:00,0.351433333
11/14/2009 6:00,0.606566667
11/14/2009 7:00,2.236566667
11/14/2009 8:00,1.8035
11/14/2009 9:00,1.4182
11/14/2009 10:00,1.719566667
11/14/2009 11:00,0.7382
11/14/2009 12:00,1.895233333
11/14/2009 13:00,1.892866667
11/14/2009 14:00,2.052166667
11/14/2009 15:00,2.229466667
11/14/2009 16:00,1.729533333
11/14/2009 17:00,2.986433333
11/14/2009 18:00,3.254666667
11/14/2009 19:00,3.9746
11/14/2009 20:00,3.1227
11/14/2009 21:00,3.0325
11/14/2009 22:00,2.940733333
11/14/2009 23:00,2.3159
11/15/2009 0:00,2.171433333
11/15/2009 1:00,1.4017
11/15/2009 2:00,1.371066667
11/15/2009 3:00,0.885533333
11/15/2009 4:00,0.351233333
11/15/2009 5:00,0.3468
11/15/2009 6:00,0.3306
11/15/2009 7:00,0.3239
11/15/2009 8:00,0.783733333
11/15/2009 9:00,1.174133333
11/15/2009 10:00,1.3366
11/15/2009 11:00,0.975133333
11/15/2009 12:00,0.529033333
11/15/2009 13:00,0.3426
11/15/2009 14:00,0.323733333
11/15/2009 15:00,0.3508
11/15/2009 16:00,1.8141
11/15/2009 17:00,4.246233333
11/15/2009 18:00,4.393166667
11/15/2009 19:00,2.821966667
11/15/2009 20:00,2.0405
11/15/2009 21:00,2.4501
11/15/2009 22:00,1.5923
11/15/2009 23:00,0.432066667
11/16/2009 0:00,0.3542
11/16/2009 1:00,0.3569
11/16/2009 2:00,0.345233333
11/16/2009 3:00,0.3621
11/16/2009 4:00,0.8125
11/16/2009 5:00,0.3484
11/16/2009 6:00,0.8071
11/16/2009 7:00,2.378833333
11/16/2009 8:00,2.4007
11/16/2009 9:00,1.9556
11/16/2009 10:00,1.3544
11/16/2009 11:00,1.0613
11/16/2009 12:00,0.3225
11/16/2009 13:00,0.3416
11/16/2009 14:00,0.342666667
11/16/2009 15:00,0.3516
11/16/2009 16:00,0.309133333
11/16/2009 17:00,0.343533333
11/16/2009 18:00,1.024566667
11/16/2009 19:00,2.596333333
11/16/2009 20:00,2.243166667
11/16/2009 21:00,2.193566667
11/16/2009 22:00,1.866533333
11/16/2009 23:00,0.768666667
11/17/2009 0:00,0.3982
11/17/2009 1:00,0.358233333
11/17/2009 2:00,0.338766667
11/17/2009 3:00,0.350533333
11/17/2009 4:00,0.2926
11/17/2009 5:00,0.3624
11/17/2009 6:00,0.697666667
11/17/2009 7:00,2.208266667
11/17/2009 8:00,2.5123
11/17/2009 9:00,1.4936
11/17/2009 10:00,1.726766667
11/17/2009 11:00,1.412233333
11/17/2009 12:00,1.508033333
11/17/2009 13:00,1.5778
11/17/2009 14:00,0.9114
11/17/2009 15:00,0.947033333
11/17/2009 16:00,1.000433333
11/17/2009 17:00,1.093833333
11/17/2009 18:00,1.005133333
11/17/2009 19:00,1.655533333
11/17/2009 20:00,2.2409
11/17/2009 21:00,2.572733333
11/17/2009 22:00,1.357566667
11/17/2009 23:00,0.4496
11/18/2009 0:00,0.386833333
11/18/2009 1:00,0.2811
11/18/2009 2:00,0.316433333
11/18/2009 3:00,0.3502
11/18/2009 4:00,0.276766667
11/18/2009 5:00,1.001066667
11/18/2009 6:00,0.8822
11/18/2009 7:00,2.2921
11/18/2009 8:00,1.8999
11/18/2009 9:00,2.223933333
11/18/2009 10:00,2.254666667
11/18/2009 11:00,2.647966667
11/18/2009 12:00,2.659766667
11/18/2009 13:00,1.8244
11/18/2009 14:00,1.913533333
11/18/2009 15:00,2.2932
11/18/2009 16:00,3.417666667
11/18/2009 17:00,3.6589
11/18/2009 18:00,2.7433
11/18/2009 19:00,3.1099
11/18/2009 20:00,3.334366667
11/18/2009 21:00,2.318733333
11/18/2009 22:00,0.971766667
11/18/2009 23:00,0.927533333
11/19/2009 0:00,0.894366667
11/19/2009 1:00,0.3707
11/19/2009 2:00,0.3454
11/19/2009 3:00,0.334766667
11/19/2009 4:00,0.326833333
11/19/2009 5:00,0.310833333
11/19/2009 6:00,0.475966667
11/19/2009 7:00,1.2719
11/19/2009 8:00,2.6501
11/19/2009 9:00,1.759533333
11/19/2009 10:00,1.461533333
11/19/2009 11:00,1.441566667
11/19/2009 12:00,1.4261
11/19/2009 13:00,1.406433333
11/19/2009 14:00,1.3472
11/19/2009 15:00,0.4064
11/19/2009 16:00,0.3747
11/19/2009 17:00,0.6636
11/19/2009 18:00,1.108
11/19/2009 19:00,1.1138
11/19/2009 20:00,1.5465
11/19/2009 21:00,1.525533333
11/19/2009 22:00,1.2805
11/19/2009 23:00,0.738533333
11/20/2009 0:00,0.362633333
11/20/2009 1:00,0.8694
11/20/2009 2:00,0.535366667
11/20/2009 3:00,0.3497
11/20/2009 4:00,0.333233333
11/20/2009 5:00,0.353433333
11/20/2009 6:00,0.415633333
11/20/2009 7:00,2.5564
11/20/2009 8:00,2.376366667
11/20/2009 9:00,1.841
11/20/2009 10:00,1.9557
11/20/2009 11:00,1.875933333
11/20/2009 12:00,1.516533333
11/20/2009 13:00,0.879033333
11/20/2009 14:00,0.549066667
11/20/2009 15:00,1.388
11/20/2009 16:00,0.711566667
11/20/2009 17:00,1.0401
11/20/2009 18:00,1.7321
11/20/2009 19:00,3.1591
11/20/2009 20:00,3.4932
11/20/2009 21:00,2.088166667
11/20/2009 22:00,1.4324
11/20/2009 23:00,0.869533333
11/21/2009 0:00,0.586666667
11/21/2009 1:00,0.2989
11/21/2009 2:00,0.3668
11/21/2009 3:00,0.301666667
11/21/2009 4:00,0.352833333
11/21/2009 5:00,0.7383
11/21/2009 6:00,0.6958
11/21/2009 7:00,2.520933333
11/21/2009 8:00,1.621633333
11/21/2009 9:00,1.6383
11/21/2009 10:00,1.0794
11/21/2009 11:00,1.414466667
11/21/2009 12:00,1.435733333
11/21/2009 13:00,1.343266667
11/21/2009 14:00,0.441066667
11/21/2009 15:00,1.0127
11/21/2009 16:00,2.407466667
11/21/2009 17:00,4.768633333
11/21/2009 18:00,4.2393
11/21/2009 19:00,3.265
11/21/2009 20:00,3.538233333
11/21/2009 21:00,2.243766667
11/21/2009 22:00,3.3299
11/21/2009 23:00,1.9735
11/22/2009 0:00,2.787733333
11/22/2009 1:00,0.495433333
11/22/2009 2:00,0.3485
11/22/2009 3:00,0.405233333
11/22/2009 4:00,0.3242
11/22/2009 5:00,0.397666667
11/22/2009 6:00,0.3284
11/22/2009 7:00,0.392266667
11/22/2009 8:00,1.433866667
11/22/2009 9:00,0.4435
11/22/2009 10:00,1.553733333
11/22/2009 11:00,1.3513
11/22/2009 12:00,1.889433333
11/22/2009 13:00,2.0967
11/22/2009 14:00,2.165466667
11/22/2009 15:00,0.963433333
11/22/2009 16:00,1.499466667
11/22/2009 17:00,2.616
11/22/2009 18:00,2.869433333
11/22/2009 19:00,3.818933333
11/22/2009 20:00,5.115166667
11/22/2009 21:00,4.459
11/22/2009 22:00,1.707433333
11/22/2009 23:00,1.3873
11/23/2009 0:00,0.315
11/23/2009 1:00,0.3725
11/23/2009 2:00,0.3159
11/23/2009 3:00,0.365266667
11/23/2009 4:00,0.293433333
11/23/2009 5:00,0.317033333
11/23/2009 6:00,0.8081
11/23/2009 7:00,2.5066
11/23/2009 8:00,1.568266667
11/23/2009 9:00,1.572133333
11/23/2009 10:00,0.711033333
11/23/2009 11:00,0.515
11/23/2009 12:00,0.502833333
11/23/2009 13:00,0.506733333
11/23/2009 14:00,0.5176
11/23/2009 15:00,0.453533333
11/23/2009 16:00,0.5528
11/23/2009 17:00,0.457566667
11/23/2009 18:00,1.681833333
11/23/2009 19:00,1.836733333
11/23/2009 20:00,2.455166667
11/23/2009 21:00,2.238633333
11/23/2009 22:00,2.264033333
11/23/2009 23:00,1.390966667
11/24/2009 0:00,0.459333333
11/24/2009 1:00,0.457033333
11/24/2009 2:00,0.464766667
11/24/2009 3:00,0.421166667
11/24/2009 4:00,0.432933333
11/24/2009 5:00,0.457633333
11/24/2009 6:00,0.9209
11/24/2009 7:00,3.147366667
11/24/2009 8:00,2.669633333
11/24/2009 9:00,2.084766667
11/24/2009 10:00,1.644433333
11/24/2009 11:00,0.897933333
11/24/2009 12:00,1.461166667
11/24/2009 13:00,0.761966667
11/24/2009 14:00,0.787666667
11/24/2009 15:00,0.9574
11/24/2009 16:00,0.948
11/24/2009 17:00,0.9195
11/24/2009 18:00,1.4019
11/24/2009 19:00,4.5056
11/24/2009 20:00,3.208166667
11/24/2009 21:00,2.980666667
11/24/2009 22:00,2.616933333
11/24/2009 23:00,0.874066667
11/25/2009 0:00,0.375533333
11/25/2009 1:00,0.349566667
11/25/2009 2:00,0.3542
11/25/2009 3:00,0.3435
11/25/2009 4:00,0.349366667
11/25/2009 5:00,0.326333333
11/25/2009 6:00,0.883533333
11/25/2009 7:00,2.696333333
11/25/2009 8:00,1.6416
11/25/2009 9:00,1.433533333
11/25/2009 10:00,1.4807
11/25/2009 11:00,2.0143
11/25/2009 12:00,1.574566667
11/25/2009 13:00,2.5788
11/25/2009 14:00,1.073366667
11/25/2009 15:00,0.500466667
11/25/2009 16:00,2.152866667
11/25/2009 17:00,2.333666667
11/25/2009 18:00,2.1719
11/25/2009 19:00,3.3257
11/25/2009 20:00,2.2181
11/25/2009 21:00,1.372333333
11/25/2009 22:00,0.558333333
11/25/2009 23:00,0.893566667
11/26/2009 0:00,0.4594
11/26/2009 1:00,0.301
11/26/2009 2:00,0.349933333
11/26/2009 3:00,0.302466667
11/26/2009 4:00,0.327333333
11/26/2009 5:00,0.311733333
11/26/2009 6:00,1.3072
11/26/2009 7:00,2.1966
11/26/2009 8:00,2.3351
11/26/2009 9:00,1.934933333
11/26/2009 10:00,1.474666667
11/26/2009 11:00,1.417566667
11/26/2009 12:00,1.3875
11/26/2009 13:00,0.5638
11/26/2009 14:00,0.5249
11/26/2009 15:00,0.729433333
11/26/2009 16:00,0.539166667
11/26/2009 17:00,0.829066667
11/26/2009 18:00,0.9071
11/26/2009 19:00,1.052633333
11/26/2009 20:00,3.814166667
11/26/2009 21:00,1.8581
11/26/2009 22:00,0.648433333
11/26/2009 23:00,1.0882
11/27/2009 0:00,0.3489
11/27/2009 1:00,0.300066667
11/27/2009 2:00,0.368166667
11/27/2009 3:00,0.2804
11/27/2009 4:00,0.971966667
11/27/2009 5:00,0.365733333
11/27/2009 6:00,0.516633333
11/27/2009 7:00,1.4025
11/27/2009 8:00,1.495766667
11/27/2009 9:00,1.7657
11/27/2009 10:00,1.525966667
11/27/2009 11:00,1.6623
11/27/2009 12:00,1.376133333
11/27/2009 13:00,1.471433333
11/27/2009 14:00,1.374866667
11/27/2009 15:00,0.3754
11/27/2009 16:00,0.356533333
11/27/2009 17:00,0.419733333
11/27/2009 18:00,1.237633333
11/27/2009 19:00,1.451133333
11/27/2009 20:00,0.409666667
11/27/2009 21:00,1.330033333
11/27/2009 22:00,1.870366667
11/27/2009 23:00,0.3234
11/28/2009 0:00,0.270633333
11/28/2009 1:00,0.3635
11/28/2009 2:00,0.282333333
11/28/2009 3:00,0.315933333
11/28/2009 4:00,0.333266667
11/28/2009 5:00,0.300433333
11/28/2009 6:00,0.539433333
11/28/2009 7:00,1.868266667
11/28/2009 8:00,1.637533333
11/28/2009 9:00,1.584466667
11/28/2009 10:00,1.365333333
11/28/2009 11:00,0.805766667
11/28/2009 12:00,0.824166667
11/28/2009 13:00,2.076733333
11/28/2009 14:00,1.6452
11/28/2009 15:00,0.7463
11/28/2009 16:00,1.514866667
11/28/2009 17:00,3.282
11/28/2009 18:00,2.8768
11/28/2009 19:00,1.727633333
11/28/2009 20:00,2.045766667
11/28/2009 21:00,1.5944
11/28/2009 22:00,1.538133333
11/28/2009 23:00,1.4436
11/29/2009 0:00,0.5786
11/29/2009 1:00,0.333233333
11/29/2009 2:00,0.332
11/29/2009 3:00,0.324766667
11/29/2009 4:00,0.334833333
11/29/2009 5:00,0.2857
11/29/2009 6:00,0.3533
11/29/2009 7:00,0.3149
11/29/2009 8:00,1.779466667
11/29/2009 9:00,0.828266667
11/29/2009 10:00,1.521966667
11/29/2009 11:00,3.4836
11/29/2009 12:00,2.114366667
11/29/2009 13:00,0.865733333
11/29/2009 14:00,2.0199
11/29/2009 15:00,1.3546
11/29/2009 16:00,0.964466667
11/29/2009 17:00,1.119766667
11/29/2009 18:00,1.671466667
11/29/2009 19:00,1.677333333
11/29/2009 20:00,2.088566667
11/29/2009 21:00,1.6267
11/29/2009 22:00,1.140333333
11/29/2009 23:00,0.402166667
11/30/2009 0:00,0.524033333
11/30/2009 1:00,1.170266667
11/30/2009 2:00,0.358566667
11/30/2009 3:00,0.3948
11/30/2009 4:00,0.4132
11/30/2009 5:00,0.3614
11/30/2009 6:00,0.982633333
11/30/2009 7:00,2.539066667
11/30/2009 8:00,1.5677
11/30/2009 9:00,1.381066667
11/30/2009 10:00,0.454
11/30/2009 11:00,1.6917
11/30/2009 12:00,1.459933333
11/30/2009 13:00,1.5281
11/30/2009 14:00,1.4988
11/30/2009 15:00,1.5073
11/30/2009 16:00,0.508833333
11/30/2009 17:00,1.0791
11/30/2009 18:00,1.362033333
11/30/2009 19:00,1.837466667
11/30/2009 20:00,2.509766667
11/30/2009 21:00,2.076366667
11/30/2009 22:00,1.462433333
11/30/2009 23:00,0.417933333
12-01-2009 00:00,0.3891
12-01-2009 01:00,0.3625
12-01-2009 02:00,0.4018
12-01-2009 03:00,0.371666667
12-01-2009 04:00,0.745966667
12-01-2009 05:00,0.7373
12-01-2009 06:00,1.136333333
12-01-2009 07:00,2.569366667
12-01-2009 08:00,2.6847
12-01-2009 09:00,1.8132
12-01-2009 10:00,1.667466667
12-01-2009 11:00,1.4839
12-01-2009 12:00,1.449
12-01-2009 13:00,0.8379
12-01-2009 14:00,0.665
12-01-2009 15:00,0.5242
12-01-2009 16:00,1.0464
12-01-2009 17:00,1.061433333
12-01-2009 18:00,1.477466667
12-01-2009 19:00,2.011266667
12-01-2009 20:00,2.263933333
12-01-2009 21:00,2.399
12-01-2009 22:00,0.750533333
12-01-2009 23:00,0.423533333
12-02-2009 00:00,0.815033333
12-02-2009 01:00,0.483433333
12-02-2009 02:00,0.8555
12-02-2009 03:00,0.3757
12-02-2009 04:00,0.298566667
12-02-2009 05:00,0.323366667
12-02-2009 06:00,0.810133333
12-02-2009 07:00,2.351866667
12-02-2009 08:00,1.920066667
12-02-2009 09:00,1.836066667
12-02-2009 10:00,1.491533333
12-02-2009 11:00,2.116366667
12-02-2009 12:00,1.685333333
12-02-2009 13:00,1.8153
12-02-2009 14:00,2.3415
12-02-2009 15:00,2.5056
12-02-2009 16:00,2.056666667
12-02-2009 17:00,2.8365
12-02-2009 18:00,2.3857
12-02-2009 19:00,2.204533333
12-02-2009 20:00,2.712633333
12-02-2009 21:00,2.283866667
12-02-2009 22:00,1.832533333
12-02-2009 23:00,0.756666667
12-03-2009 00:00,0.590833333
12-03-2009 01:00,0.4047
12-03-2009 02:00,0.397266667
12-03-2009 03:00,0.401066667
12-03-2009 04:00,0.401733333
12-03-2009 05:00,0.463233333
12-03-2009 06:00,1.2421
12-03-2009 07:00,2.1575
12-03-2009 08:00,2.448266667
12-03-2009 09:00,1.928766667
12-03-2009 10:00,1.502766667
12-03-2009 11:00,1.446866667
12-03-2009 12:00,0.621966667
12-03-2009 13:00,0.385033333
12-03-2009 14:00,0.3538
12-03-2009 15:00,0.446066667
12-03-2009 16:00,0.3473
12-03-2009 17:00,0.568166667
12-03-2009 18:00,0.9083
12-03-2009 19:00,1.586766667
12-03-2009 20:00,2.334266667
12-03-2009 21:00,1.599
12-03-2009 22:00,1.580233333
12-03-2009 23:00,0.545466667
12-04-2009 00:00,0.379
12-04-2009 01:00,0.408366667
12-04-2009 02:00,0.412533333
12-04-2009 03:00,0.417033333
12-04-2009 04:00,0.361866667
12-04-2009 05:00,0.416833333
12-04-2009 06:00,1.3548
12-04-2009 07:00,2.211933333
12-04-2009 08:00,2.273633333
12-04-2009 09:00,1.922166667
12-04-2009 10:00,1.862033333
12-04-2009 11:00,0.850933333
12-04-2009 12:00,0.692133333
12-04-2009 13:00,0.552566667
12-04-2009 14:00,0.790933333
12-04-2009 15:00,1.466633333
12-04-2009 16:00,1.0771
12-04-2009 17:00,1.052933333
12-04-2009 18:00,1.2383
12-04-2009 19:00,1.766133333
12-04-2009 20:00,2.967766667
12-04-2009 21:00,2.361766667
12-04-2009 22:00,1.259066667
12-04-2009 23:00,0.4251
12-05-2009 00:00,0.391966667
12-05-2009 01:00,0.4411
12-05-2009 02:00,0.377466667
12-05-2009 03:00,0.9373
12-05-2009 04:00,0.438766667
12-05-2009 05:00,0.410033333
12-05-2009 06:00,0.610733333
12-05-2009 07:00,2.7359
12-05-2009 08:00,2.167533333
12-05-2009 09:00,1.4665
12-05-2009 10:00,0.8871
12-05-2009 11:00,1.068533333
12-05-2009 12:00,1.5626
12-05-2009 13:00,0.548733333
12-05-2009 14:00,0.619066667
12-05-2009 15:00,0.694133333
12-05-2009 16:00,1.299266667
12-05-2009 17:00,3.0611
12-05-2009 18:00,3.6998
12-05-2009 19:00,3.999
12-05-2009 20:00,3.178366667
12-05-2009 21:00,3.2424
12-05-2009 22:00,2.318866667
12-05-2009 23:00,3.039766667
12-06-2009 00:00,2.200466667
12-06-2009 01:00,1.192533333
12-06-2009 02:00,0.398833333
12-06-2009 03:00,0.363633333
12-06-2009 04:00,0.3279
12-06-2009 05:00,0.420166667
12-06-2009 06:00,0.315266667
12-06-2009 07:00,0.413033333
12-06-2009 08:00,1.655266667
12-06-2009 09:00,0.654666667
12-06-2009 10:00,0.938066667
12-06-2009 11:00,3.7279
12-06-2009 12:00,2.632966667
12-06-2009 13:00,1.4244
12-06-2009 14:00,3.1999
12-06-2009 15:00,2.1888
12-06-2009 16:00,1.180533333
12-06-2009 17:00,3.108733333
12-06-2009 18:00,3.6616
12-06-2009 19:00,2.945833333
12-06-2009 20:00,2.4704
12-06-2009 21:00,2.3966
12-06-2009 22:00,1.2267
12-06-2009 23:00,0.593933333
12-07-2009 00:00,0.37
12-07-2009 01:00,0.3651
12-07-2009 02:00,0.318133333
12-07-2009 03:00,0.3359
12-07-2009 04:00,0.411166667
12-07-2009 05:00,0.775866667
12-07-2009 06:00,1.175066667
12-07-2009 07:00,2.183133333
12-07-2009 08:00,2.604966667
12-07-2009 09:00,2.530633333
12-07-2009 10:00,1.5448
12-07-2009 11:00,1.612833333
12-07-2009 12:00,1.4736
12-07-2009 13:00,1.4122
12-07-2009 14:00,0.561833333
12-07-2009 15:00,0.581033333
12-07-2009 16:00,0.6213
12-07-2009 17:00,0.840466667
12-07-2009 18:00,2.3081
12-07-2009 19:00,1.612066667
12-07-2009 20:00,1.7238
12-07-2009 21:00,2.178333333
12-07-2009 22:00,1.156133333
12-07-2009 23:00,0.3475
12-08-2009 00:00,0.644833333
12-08-2009 01:00,0.686133333
12-08-2009 02:00,0.3769
12-08-2009 03:00,0.329333333
12-08-2009 04:00,0.310633333
12-08-2009 05:00,0.3303
12-08-2009 06:00,0.7529
12-08-2009 07:00,2.723466667
12-08-2009 08:00,2.177233333
12-08-2009 09:00,1.8111
12-08-2009 10:00,1.565366667
12-08-2009 11:00,1.499133333
12-08-2009 12:00,1.6815
12-08-2009 13:00,1.649566667
12-08-2009 14:00,1.1531
12-08-2009 15:00,0.550566667
12-08-2009 16:00,0.6076
12-08-2009 17:00,1.649466667
12-08-2009 18:00,2.544266667
12-08-2009 19:00,2.795233333
12-08-2009 20:00,2.923466667
12-08-2009 21:00,2.764133333
12-08-2009 22:00,1.622733333
12-08-2009 23:00,0.2991
12-09-2009 00:00,0.395
12-09-2009 01:00,0.2921
12-09-2009 02:00,0.316066667
12-09-2009 03:00,0.315933333
12-09-2009 04:00,0.346
12-09-2009 05:00,0.329433333
12-09-2009 06:00,1.171833333
12-09-2009 07:00,2.563766667
12-09-2009 08:00,1.9027
12-09-2009 09:00,1.901166667
12-09-2009 10:00,1.338066667
12-09-2009 11:00,0.325433333
12-09-2009 12:00,0.9943
12-09-2009 13:00,0.547666667
12-09-2009 14:00,0.409933333
12-09-2009 15:00,1.903333333
12-09-2009 16:00,2.339833333
12-09-2009 17:00,1.7872
12-09-2009 18:00,2.5998
12-09-2009 19:00,1.843033333
12-09-2009 20:00,1.687433333
12-09-2009 21:00,1.8735
12-09-2009 22:00,2.259933333
12-09-2009 23:00,0.5958
12-10-2009 00:00,0.294966667
12-10-2009 01:00,0.398733333
12-10-2009 02:00,0.287133333
12-10-2009 03:00,0.343666667
12-10-2009 04:00,0.3443
12-10-2009 05:00,0.310333333
12-10-2009 06:00,1.2319
12-10-2009 07:00,2.4789
12-10-2009 08:00,2.432733333
12-10-2009 09:00,1.3346
12-10-2009 10:00,1.435233333
12-10-2009 11:00,1.397866667
12-10-2009 12:00,1.4168
12-10-2009 13:00,1.437233333
12-10-2009 14:00,1.403366667
12-10-2009 15:00,1.456733333
12-10-2009 16:00,1.456466667
12-10-2009 17:00,1.495766667
12-10-2009 18:00,1.1826
12-10-2009 19:00,3.161
12-10-2009 20:00,2.791633333
12-10-2009 21:00,3.3429
12-10-2009 22:00,1.7144
12-10-2009 23:00,1.138333333
12-11-2009 00:00,0.3528
12-11-2009 01:00,0.328966667
12-11-2009 02:00,0.343133333
12-11-2009 03:00,0.283633333
12-11-2009 04:00,0.333433333
12-11-2009 05:00,0.342733333
12-11-2009 06:00,0.5678
12-11-2009 07:00,2.5308
12-11-2009 08:00,2.3488
12-11-2009 09:00,1.819933333
12-11-2009 10:00,1.4723
12-11-2009 11:00,1.493066667
12-11-2009 12:00,0.554633333
12-11-2009 13:00,0.640666667
12-11-2009 14:00,0.717666667
12-11-2009 15:00,2.078733333
12-11-2009 16:00,2.104033333
12-11-2009 17:00,1.7113
12-11-2009 18:00,2.6194
12-11-2009 19:00,2.2846
12-11-2009 20:00,1.219666667
12-11-2009 21:00,1.528333333
12-11-2009 22:00,0.8404
12-11-2009 23:00,1.2242
12-12-2009 00:00,0.341633333
12-12-2009 01:00,0.342166667
12-12-2009 02:00,0.369633333
12-12-2009 03:00,0.330433333
12-12-2009 04:00,0.318733333
12-12-2009 05:00,0.386733333
12-12-2009 06:00,1.1641
12-12-2009 07:00,2.851233333
12-12-2009 08:00,1.704833333
12-12-2009 09:00,1.358333333
12-12-2009 10:00,0.381766667
12-12-2009 11:00,0.6775
12-12-2009 12:00,0.7855
12-12-2009 13:00,0.749433333
12-12-2009 14:00,1.1852
12-12-2009 15:00,1.0629
12-12-2009 16:00,1.363233333
12-12-2009 17:00,4.241333333
12-12-2009 18:00,2.233933333
12-12-2009 19:00,2.638833333
12-12-2009 20:00,3.023266667
12-12-2009 21:00,1.048366667
12-12-2009 22:00,1.161766667
12-12-2009 23:00,0.552133333
12/13/2009 0:00,0.818766667
12/13/2009 1:00,0.362433333
12/13/2009 2:00,0.3343
12/13/2009 3:00,0.2989
12/13/2009 4:00,0.351
12/13/2009 5:00,0.2923
12/13/2009 6:00,0.311666667
12/13/2009 7:00,0.315566667
12/13/2009 8:00,0.952
12/13/2009 9:00,2.231766667
12/13/2009 10:00,1.205133333
12/13/2009 11:00,2.203
12/13/2009 12:00,2.6192
12/13/2009 13:00,2.388166667
12/13/2009 14:00,2.634133333
12/13/2009 15:00,2.371033333
12/13/2009 16:00,2.263033333
12/13/2009 17:00,1.874133333
12/13/2009 18:00,2.712
12/13/2009 19:00,2.7717
12/13/2009 20:00,2.121233333
12/13/2009 21:00,2.536066667
12/13/2009 22:00,1.365633333
12/13/2009 23:00,0.313733333
12/14/2009 0:00,0.340833333
12/14/2009 1:00,0.321966667
12/14/2009 2:00,0.324233333
12/14/2009 3:00,0.3435
12/14/2009 4:00,0.328566667
12/14/2009 5:00,0.833166667
12/14/2009 6:00,0.991
12/14/2009 7:00,2.5218
12/14/2009 8:00,1.436
12/14/2009 9:00,1.469
12/14/2009 10:00,0.4504
12/14/2009 11:00,0.288433333
12/14/2009 12:00,0.352066667
12/14/2009 13:00,0.289666667
12/14/2009 14:00,0.3048
12/14/2009 15:00,0.621266667
12/14/2009 16:00,0.7297
12/14/2009 17:00,1.950333333
12/14/2009 18:00,3.7024
12/14/2009 19:00,2.6369
12/14/2009 20:00,2.563033333
12/14/2009 21:00,4.021266667
12/14/2009 22:00,2.346366667
12/14/2009 23:00,0.747666667
12/15/2009 0:00,0.439866667
12/15/2009 1:00,0.329
12/15/2009 2:00,0.397166667
12/15/2009 3:00,0.333866667
12/15/2009 4:00,0.676733333
12/15/2009 5:00,0.738033333
12/15/2009 6:00,0.541133333
12/15/2009 7:00,2.048633333
12/15/2009 8:00,2.9002
12/15/2009 9:00,1.456433333
12/15/2009 10:00,1.511333333
12/15/2009 11:00,1.567933333
12/15/2009 12:00,1.493866667
12/15/2009 13:00,1.988
12/15/2009 14:00,1.608733333
12/15/2009 15:00,1.7425
12/15/2009 16:00,2.0676
12/15/2009 17:00,1.1582
12/15/2009 18:00,1.3862
12/15/2009 19:00,1.694033333
12/15/2009 20:00,1.722466667
12/15/2009 21:00,2.486266667
12/15/2009 22:00,1.704966667
12/15/2009 23:00,0.3421
12/16/2009 0:00,0.295033333
12/16/2009 1:00,0.307433333
12/16/2009 2:00,0.3292
12/16/2009 3:00,0.2972
12/16/2009 4:00,0.310966667
12/16/2009 5:00,0.783466667
12/16/2009 6:00,0.8216
12/16/2009 7:00,2.8514
12/16/2009 8:00,1.503566667
12/16/2009 9:00,1.447666667
12/16/2009 10:00,1.0434
12/16/2009 11:00,0.9025
12/16/2009 12:00,0.4337
12/16/2009 13:00,0.517166667
12/16/2009 14:00,0.8975
12/16/2009 15:00,1.5815
12/16/2009 16:00,1.549833333
12/16/2009 17:00,0.733566667
12/16/2009 18:00,0.598433333
12/16/2009 19:00,1.074866667
12/16/2009 20:00,2.563533333
12/16/2009 21:00,1.554733333
12/16/2009 22:00,0.351233333
12/16/2009 23:00,0.4984
12/17/2009 0:00,0.3283
12/17/2009 1:00,0.2895
12/17/2009 2:00,0.330166667
12/17/2009 3:00,0.3165
12/17/2009 4:00,0.922966667
12/17/2009 5:00,0.327266667
12/17/2009 6:00,1.376
12/17/2009 7:00,1.960333333
12/17/2009 8:00,2.257133333
12/17/2009 9:00,1.411266667
12/17/2009 10:00,1.387633333
12/17/2009 11:00,1.4512
12/17/2009 12:00,1.435666667
12/17/2009 13:00,1.441033333
12/17/2009 14:00,1.527733333
12/17/2009 15:00,1.465
12/17/2009 16:00,0.414433333
12/17/2009 17:00,0.705266667
12/17/2009 18:00,1.174233333
12/17/2009 19:00,2.610633333
12/17/2009 20:00,2.091766667
12/17/2009 21:00,1.3761
12/17/2009 22:00,1.567466667
12/17/2009 23:00,0.4521
12/18/2009 0:00,0.323666667
12/18/2009 1:00,0.291766667
12/18/2009 2:00,0.320533333
12/18/2009 3:00,0.321733333
12/18/2009 4:00,0.285333333
12/18/2009 5:00,0.318666667
12/18/2009 6:00,1.418566667
12/18/2009 7:00,2.459066667
12/18/2009 8:00,2.763066667
12/18/2009 9:00,2.016966667
12/18/2009 10:00,1.4238
12/18/2009 11:00,0.772033333
12/18/2009 12:00,0.4935
12/18/2009 13:00,0.564666667
12/18/2009 14:00,1.4088
12/18/2009 15:00,1.6655
12/18/2009 16:00,1.539233333
12/18/2009 17:00,1.170033333
12/18/2009 18:00,1.326133333
12/18/2009 19:00,2.241466667
12/18/2009 20:00,1.616666667
12/18/2009 21:00,2.3271
12/18/2009 22:00,1.480233333
12/18/2009 23:00,0.5299
12/19/2009 0:00,1.0469
12/19/2009 1:00,1.399566667
12/19/2009 2:00,1.384
12/19/2009 3:00,1.379966667
12/19/2009 4:00,1.4172
12/19/2009 5:00,1.944066667
12/19/2009 6:00,1.637866667
12/19/2009 7:00,3.369033333
12/19/2009 8:00,2.638433333
12/19/2009 9:00,1.418766667
12/19/2009 10:00,1.562233333
12/19/2009 11:00,2.5508
12/19/2009 12:00,2.7031
12/19/2009 13:00,2.210366667
12/19/2009 14:00,1.992433333
12/19/2009 15:00,1.630666667
12/19/2009 16:00,1.402966667
12/19/2009 17:00,1.395933333
12/19/2009 18:00,0.4681
12/19/2009 19:00,1.4564
12/19/2009 20:00,0.6323
12/19/2009 21:00,0.360433333
12/19/2009 22:00,0.369633333
12/19/2009 23:00,0.367733333
12/20/2009 0:00,0.337666667
12/20/2009 1:00,1.361866667
12/20/2009 2:00,0.601533333
12/20/2009 3:00,0.259966667
12/20/2009 4:00,0.2582
12/20/2009 5:00,0.2817
12/20/2009 6:00,0.2636
12/20/2009 7:00,0.250366667
12/20/2009 8:00,2.709733333
12/20/2009 9:00,2.110566667
12/20/2009 10:00,1.5639
12/20/2009 11:00,1.478633333
12/20/2009 12:00,1.503
12/20/2009 13:00,1.326033333
12/20/2009 14:00,0.358566667
12/20/2009 15:00,0.387
12/20/2009 16:00,0.3364
12/20/2009 17:00,0.3573
12/20/2009 18:00,0.3422
12/20/2009 19:00,0.369566667
12/20/2009 20:00,0.341466667
12/20/2009 21:00,0.984766667
12/20/2009 22:00,0.810366667
12/20/2009 23:00,0.475033333
12/21/2009 0:00,0.270033333
12/21/2009 1:00,0.254366667
12/21/2009 2:00,0.693666667
12/21/2009 3:00,0.597866667
12/21/2009 4:00,0.2446
12/21/2009 5:00,0.309666667
12/21/2009 6:00,0.572666667
12/21/2009 7:00,1.686733333
12/21/2009 8:00,1.040866667
12/21/2009 9:00,0.418566667
12/21/2009 10:00,0.442633333
12/21/2009 11:00,0.880266667
12/21/2009 12:00,1.867166667
12/21/2009 13:00,1.746666667
12/21/2009 14:00,1.584233333
12/21/2009 15:00,1.877966667
12/21/2009 16:00,2.019366667
12/21/2009 17:00,1.5836
12/21/2009 18:00,1.4088
12/21/2009 19:00,3.3253
12/21/2009 20:00,4.211433333
12/21/2009 21:00,2.932466667
12/21/2009 22:00,2.249066667
12/21/2009 23:00,1.6981
12/22/2009 0:00,0.4039
12/22/2009 1:00,0.292566667
12/22/2009 2:00,0.306133333
12/22/2009 3:00,0.274233333
12/22/2009 4:00,0.257766667
12/22/2009 5:00,0.2939
12/22/2009 6:00,1.1781
12/22/2009 7:00,2.0279
12/22/2009 8:00,1.5445
12/22/2009 9:00,1.9403
12/22/2009 10:00,1.3756
12/22/2009 11:00,1.685
12/22/2009 12:00,1.4463
12/22/2009 13:00,1.520466667
12/22/2009 14:00,1.1657
12/22/2009 15:00,0.493033333
12/22/2009 16:00,0.8711
12/22/2009 17:00,1.359933333
12/22/2009 18:00,2.5789
12/22/2009 19:00,2.710066667
12/22/2009 20:00,2.242133333
12/22/2009 21:00,2.4649
12/22/2009 22:00,1.594033333
12/22/2009 23:00,1.440566667
12/23/2009 0:00,1.355966667
12/23/2009 1:00,1.3705
12/23/2009 2:00,1.4141
12/23/2009 3:00,1.417066667
12/23/2009 4:00,1.3957
12/23/2009 5:00,1.394666667
12/23/2009 6:00,0.537866667
12/23/2009 7:00,1.694666667
12/23/2009 8:00,2.062
12/23/2009 9:00,1.3944
12/23/2009 10:00,0.898966667
12/23/2009 11:00,0.2493
12/23/2009 12:00,0.281133333
12/23/2009 13:00,0.2952
12/23/2009 14:00,0.2843
12/23/2009 15:00,0.255266667
12/23/2009 16:00,0.345633333
12/23/2009 17:00,0.9403
12/23/2009 18:00,1.783333333
12/23/2009 19:00,1.986533333
12/23/2009 20:00,0.9799
12/23/2009 21:00,1.221
12/23/2009 22:00,0.392466667
12/23/2009 23:00,0.303066667
12/24/2009 0:00,0.2536
12/24/2009 1:00,0.2609
12/24/2009 2:00,0.296066667
12/24/2009 3:00,0.2753
12/24/2009 4:00,0.245166667
12/24/2009 5:00,0.852766667
12/24/2009 6:00,0.468333333
12/24/2009 7:00,0.736766667
12/24/2009 8:00,1.0181
12/24/2009 9:00,1.0532
12/24/2009 10:00,0.552633333
12/24/2009 11:00,1.611466667
12/24/2009 12:00,1.6921
12/24/2009 13:00,1.492666667
12/24/2009 14:00,1.5016
12/24/2009 15:00,3.508666667
12/24/2009 16:00,4.533266667
12/24/2009 17:00,4.670966667
12/24/2009 18:00,4.562933333
12/24/2009 19:00,4.675233333
12/24/2009 20:00,4.393933333
12/24/2009 21:00,2.971733333
12/24/2009 22:00,2.957633333
12/24/2009 23:00,3.846533333
12/25/2009 0:00,1.6607
12/25/2009 1:00,1.4057
12/25/2009 2:00,1.0993
12/25/2009 3:00,0.309133333
12/25/2009 4:00,0.300333333
12/25/2009 5:00,0.350833333
12/25/2009 6:00,0.293033333
12/25/2009 7:00,0.431933333
12/25/2009 8:00,1.019166667
12/25/2009 9:00,2.032433333
12/25/2009 10:00,2.7851
12/25/2009 11:00,0.8776
12/25/2009 12:00,1.347733333
12/25/2009 13:00,0.992066667
12/25/2009 14:00,1.616266667
12/25/2009 15:00,3.662
12/25/2009 16:00,1.594833333
12/25/2009 17:00,3.2292
12/25/2009 18:00,2.629633333
12/25/2009 19:00,1.716233333
12/25/2009 20:00,1.4938
12/25/2009 21:00,1.493866667
12/25/2009 22:00,1.665366667
12/25/2009 23:00,1.454533333
12/26/2009 0:00,1.464966667
12/26/2009 1:00,1.4076
12/26/2009 2:00,1.3799
12/26/2009 3:00,1.411
12/26/2009 4:00,0.297033333
12/26/2009 5:00,0.311933333
12/26/2009 6:00,0.293133333
12/26/2009 7:00,0.3497
12/26/2009 8:00,0.525
12/26/2009 9:00,2.109766667
12/26/2009 10:00,2.855266667
12/26/2009 11:00,2.761133333
12/26/2009 12:00,2.4856
12/26/2009 13:00,1.861133333
12/26/2009 14:00,1.710666667
12/26/2009 15:00,0.470333333
12/26/2009 16:00,0.837033333
12/26/2009 17:00,2.160166667
12/26/2009 18:00,2.024566667
12/26/2009 19:00,2.446733333
12/26/2009 20:00,1.953566667
12/26/2009 21:00,1.943533333
12/26/2009 22:00,1.734933333
12/26/2009 23:00,1.598933333
12/27/2009 0:00,1.4993
12/27/2009 1:00,0.518133333
12/27/2009 2:00,0.324966667
12/27/2009 3:00,0.3011
12/27/2009 4:00,0.466
12/27/2009 5:00,0.2851
12/27/2009 6:00,0.3078
12/27/2009 7:00,0.330866667
12/27/2009 8:00,0.905966667
12/27/2009 9:00,1.052033333
12/27/2009 10:00,1.222066667
12/27/2009 11:00,1.436
12/27/2009 12:00,1.4527
12/27/2009 13:00,2.384066667
12/27/2009 14:00,1.867266667
12/27/2009 15:00,2.066433333
12/27/2009 16:00,2.059266667
12/27/2009 17:00,2.603466667
12/27/2009 18:00,2.884733333
12/27/2009 19:00,2.9728
12/27/2009 20:00,3.563266667
12/27/2009 21:00,2.780366667
12/27/2009 22:00,2.105866667
12/27/2009 23:00,1.2013
12/28/2009 0:00,0.444633333
12/28/2009 1:00,0.3302
12/28/2009 2:00,0.6073
12/28/2009 3:00,0.658033333
12/28/2009 4:00,0.341266667
12/28/2009 5:00,0.3228
12/28/2009 6:00,0.3431
12/28/2009 7:00,0.4018
12/28/2009 8:00,1.549066667
12/28/2009 9:00,2.515966667
12/28/2009 10:00,2.1973
12/28/2009 11:00,1.449833333
12/28/2009 12:00,1.4399
12/28/2009 13:00,1.4998
12/28/2009 14:00,1.464333333
12/28/2009 15:00,1.717633333
12/28/2009 16:00,2.247533333
12/28/2009 17:00,1.293
12/28/2009 18:00,3.1514
12/28/2009 19:00,3.157266667
12/28/2009 20:00,2.6082
12/28/2009 21:00,2.545066667
12/28/2009 22:00,1.9505
12/28/2009 23:00,0.6657
12/29/2009 0:00,0.334333333
12/29/2009 1:00,0.3395
12/29/2009 2:00,0.3364
12/29/2009 3:00,0.359833333
12/29/2009 4:00,0.3636
12/29/2009 5:00,0.536266667
12/29/2009 6:00,0.725433333
12/29/2009 7:00,0.909833333
12/29/2009 8:00,1.4683
12/29/2009 9:00,3.089066667
12/29/2009 10:00,2.157833333
12/29/2009 11:00,2.0806
12/29/2009 12:00,1.9888
12/29/2009 13:00,1.738933333
12/29/2009 14:00,3.2437
12/29/2009 15:00,2.813533333
12/29/2009 16:00,1.568533333
12/29/2009 17:00,1.790033333
12/29/2009 18:00,2.505833333
12/29/2009 19:00,1.613733333
12/29/2009 20:00,0.715
12/29/2009 21:00,0.952566667
12/29/2009 22:00,1.347466667
12/29/2009 23:00,1.153666667
12/30/2009 0:00,0.3637
12/30/2009 1:00,0.3535
12/30/2009 2:00,0.305066667
12/30/2009 3:00,0.366466667
12/30/2009 4:00,0.325633333
12/30/2009 5:00,0.346866667
12/30/2009 6:00,0.921533333
12/30/2009 7:00,0.432133333
12/30/2009 8:00,1.5753
12/30/2009 9:00,2.632366667
12/30/2009 10:00,2.6205
12/30/2009 11:00,3.367333333
12/30/2009 12:00,3.151
12/30/2009 13:00,2.802066667
12/30/2009 14:00,1.975
12/30/2009 15:00,1.528133333
12/30/2009 16:00,2.2588
12/30/2009 17:00,1.723466667
12/30/2009 18:00,1.5727
12/30/2009 19:00,3.7885
12/30/2009 20:00,4.1738
12/30/2009 21:00,2.965166667
12/30/2009 22:00,0.910266667
12/30/2009 23:00,0.392533333
12/31/2009 0:00,0.3377
12/31/2009 1:00,0.372033333
12/31/2009 2:00,0.3641
12/31/2009 3:00,0.363933333
12/31/2009 4:00,0.319466667
12/31/2009 5:00,0.958133333
12/31/2009 6:00,0.4273
12/31/2009 7:00,1.247033333
12/31/2009 8:00,1.630633333
12/31/2009 9:00,1.877533333
12/31/2009 10:00,2.067033333
12/31/2009 11:00,1.6127
12/31/2009 12:00,1.5583
12/31/2009 13:00,2.052166667
12/31/2009 14:00,1.4569
12/31/2009 15:00,1.5181
12/31/2009 16:00,1.416033333
12/31/2009 17:00,1.8123
12/31/2009 18:00,2.967866667
12/31/2009 19:00,3.062866667
12/31/2009 20:00,2.8425
12/31/2009 21:00,2.875366667
12/31/2009 22:00,2.034366667
12/31/2009 23:00,1.6905
01-01-2010 00:00,1.085866667
01-01-2010 01:00,0.651233333
01-01-2010 02:00,0.6346
01-01-2010 03:00,0.653
01-01-2010 04:00,0.646066667
01-01-2010 05:00,0.6284
01-01-2010 06:00,0.611066667
01-01-2010 07:00,0.612533333
01-01-2010 08:00,0.6601
01-01-2010 09:00,0.606066667
01-01-2010 10:00,1.471866667
01-01-2010 11:00,0.834533333
01-01-2010 12:00,0.606333333
01-01-2010 13:00,1.252266667
01-01-2010 14:00,1.956533333
01-01-2010 15:00,0.752433333
01-01-2010 16:00,2.800933333
01-01-2010 17:00,1.1622
01-01-2010 18:00,0.493066667
01-01-2010 19:00,0.407066667
01-01-2010 20:00,0.432766667
01-01-2010 21:00,0.454666667
01-01-2010 22:00,0.4023
01-01-2010 23:00,0.5883
01-02-2010 00:00,1.183
01-02-2010 01:00,0.3042
01-02-2010 02:00,0.318366667
01-02-2010 03:00,0.310166667
01-02-2010 04:00,0.332933333
01-02-2010 05:00,0.3153
01-02-2010 06:00,0.2982
01-02-2010 07:00,0.337866667
01-02-2010 08:00,0.4629
01-02-2010 09:00,1.324033333
01-02-2010 10:00,1.295633333
01-02-2010 11:00,0.391033333
01-02-2010 12:00,0.337
01-02-2010 13:00,0.301966667
01-02-2010 14:00,0.364
01-02-2010 15:00,0.348333333
01-02-2010 16:00,0.434633333
01-02-2010 17:00,2.3318
01-02-2010 18:00,3.4736
01-02-2010 19:00,2.067066667
01-02-2010 20:00,2.214
01-02-2010 21:00,1.4057
01-02-2010 22:00,1.063833333
01-02-2010 23:00,0.605566667
01-03-2010 00:00,0.401666667
01-03-2010 01:00,0.550933333
01-03-2010 02:00,0.713833333
01-03-2010 03:00,0.370066667
01-03-2010 04:00,0.339433333
01-03-2010 05:00,0.347433333
01-03-2010 06:00,0.338966667
01-03-2010 07:00,0.3551
01-03-2010 08:00,0.843966667
01-03-2010 09:00,1.174733333
01-03-2010 10:00,3.0859
01-03-2010 11:00,2.608566667
01-03-2010 12:00,2.978133333
01-03-2010 13:00,2.0765
01-03-2010 14:00,2.870733333
01-03-2010 15:00,1.8027
01-03-2010 16:00,2.048933333
01-03-2010 17:00,1.804833333
01-03-2010 18:00,1.214966667
01-03-2010 19:00,2.639833333
01-03-2010 20:00,3.2498
01-03-2010 21:00,2.004766667
01-03-2010 22:00,0.548633333
01-03-2010 23:00,0.3538
01-04-2010 00:00,0.3997
01-04-2010 01:00,0.3741
01-04-2010 02:00,0.354833333
01-04-2010 03:00,0.901
01-04-2010 04:00,0.390666667
01-04-2010 05:00,0.3498
01-04-2010 06:00,0.973833333
01-04-2010 07:00,2.6496
01-04-2010 08:00,1.479533333
01-04-2010 09:00,1.4785
01-04-2010 10:00,1.476666667
01-04-2010 11:00,1.485
01-04-2010 12:00,1.282233333
01-04-2010 13:00,0.3536
01-04-2010 14:00,0.4044
01-04-2010 15:00,0.375033333
01-04-2010 16:00,0.357733333
01-04-2010 17:00,0.772033333
01-04-2010 18:00,1.652366667
01-04-2010 19:00,2.4833
01-04-2010 20:00,1.933133333
01-04-2010 21:00,1.6252
01-04-2010 22:00,2.096166667
01-04-2010 23:00,1.0871
01-05-2010 00:00,0.383033333
01-05-2010 01:00,0.380666667
01-05-2010 02:00,0.366633333
01-05-2010 03:00,0.342666667
01-05-2010 04:00,0.3361
01-05-2010 05:00,0.314933333
01-05-2010 06:00,1.223033333
01-05-2010 07:00,2.356
01-05-2010 08:00,2.757766667
01-05-2010 09:00,2.1941
01-05-2010 10:00,1.549766667
01-05-2010 11:00,1.592066667
01-05-2010 12:00,1.526966667
01-05-2010 13:00,1.550866667
01-05-2010 14:00,1.764366667
01-05-2010 15:00,1.8659
01-05-2010 16:00,2.415666667
01-05-2010 17:00,2.7959
01-05-2010 18:00,2.608566667
01-05-2010 19:00,2.060133333
01-05-2010 20:00,1.449833333
01-05-2010 21:00,1.594966667
01-05-2010 22:00,2.915566667
01-05-2010 23:00,0.650833333
01-06-2010 00:00,0.840933333
01-06-2010 01:00,0.305733333
01-06-2010 02:00,0.350533333
01-06-2010 03:00,0.289533333
01-06-2010 04:00,0.314033333
01-06-2010 05:00,0.371866667
01-06-2010 06:00,1.615033333
01-06-2010 07:00,2.592866667
01-06-2010 08:00,1.396666667
01-06-2010 09:00,1.4173
01-06-2010 10:00,1.7487
01-06-2010 11:00,1.8101
01-06-2010 12:00,1.107
01-06-2010 13:00,1.150966667
01-06-2010 14:00,2.1142
01-06-2010 15:00,0.461933333
01-06-2010 16:00,0.374233333
01-06-2010 17:00,1.2201
01-06-2010 18:00,0.770066667
01-06-2010 19:00,1.480066667
01-06-2010 20:00,3.390633333
01-06-2010 21:00,2.598133333
01-06-2010 22:00,1.313766667
01-06-2010 23:00,0.585266667
01-07-2010 00:00,0.3341
01-07-2010 01:00,0.3224
01-07-2010 02:00,0.373266667
01-07-2010 03:00,0.3083
01-07-2010 04:00,0.318766667
01-07-2010 05:00,0.454133333
01-07-2010 06:00,1.0513
01-07-2010 07:00,1.888533333
01-07-2010 08:00,1.8627
01-07-2010 09:00,1.445533333
01-07-2010 10:00,1.4256
01-07-2010 11:00,1.3674
01-07-2010 12:00,1.3889
01-07-2010 13:00,1.4569
01-07-2010 14:00,0.544133333
01-07-2010 15:00,0.826233333
01-07-2010 16:00,0.305633333
01-07-2010 17:00,0.546633333
01-07-2010 18:00,1.691133333
01-07-2010 19:00,2.302766667
01-07-2010 20:00,3.2793
01-07-2010 21:00,2.6122
01-07-2010 22:00,2.4674
01-07-2010 23:00,0.917433333
01-08-2010 00:00,0.3375
01-08-2010 01:00,0.293933333
01-08-2010 02:00,0.306366667
01-08-2010 03:00,0.300833333
01-08-2010 04:00,0.3344
01-08-2010 05:00,0.316766667
01-08-2010 06:00,1.444033333
01-08-2010 07:00,2.3024
01-08-2010 08:00,1.950233333
01-08-2010 09:00,2.025966667
01-08-2010 10:00,1.4053
01-08-2010 11:00,1.4914
01-08-2010 12:00,1.704166667
01-08-2010 13:00,0.658033333
01-08-2010 14:00,1.557533333
01-08-2010 15:00,1.630733333
01-08-2010 16:00,0.938266667
01-08-2010 17:00,2.0946
01-08-2010 18:00,1.580966667
01-08-2010 19:00,2.514633333
01-08-2010 20:00,1.478266667
01-08-2010 21:00,2.1131
01-08-2010 22:00,0.808333333
01-08-2010 23:00,0.3657
01-09-2010 00:00,0.337233333
01-09-2010 01:00,0.331633333
01-09-2010 02:00,0.3569
01-09-2010 03:00,0.424366667
01-09-2010 04:00,0.7478
01-09-2010 05:00,0.3029
01-09-2010 06:00,0.642333333
01-09-2010 07:00,2.1698
01-09-2010 08:00,1.761166667
01-09-2010 09:00,2.127433333
01-09-2010 10:00,1.453066667
01-09-2010 11:00,1.434566667
01-09-2010 12:00,0.935366667
01-09-2010 13:00,0.5198
01-09-2010 14:00,3.411166667
01-09-2010 15:00,1.784133333
01-09-2010 16:00,0.874566667
01-09-2010 17:00,1.967533333
01-09-2010 18:00,4.300866667
01-09-2010 19:00,4.205133333
01-09-2010 20:00,1.9819
01-09-2010 21:00,2.985766667
01-09-2010 22:00,2.002633333
01-09-2010 23:00,1.890266667
01-10-2010 00:00,1.6086
01-10-2010 01:00,1.3486
01-10-2010 02:00,0.336266667
01-10-2010 03:00,0.301633333
01-10-2010 04:00,0.285066667
01-10-2010 05:00,0.286833333
01-10-2010 06:00,0.349133333
01-10-2010 07:00,0.284933333
01-10-2010 08:00,0.302366667
01-10-2010 09:00,1.081
01-10-2010 10:00,2.415266667
01-10-2010 11:00,3.223366667
01-10-2010 12:00,2.1081
01-10-2010 13:00,2.692533333
01-10-2010 14:00,3.705333333
01-10-2010 15:00,4.615966667
01-10-2010 16:00,3.570133333
01-10-2010 17:00,3.071033333
01-10-2010 18:00,2.943933333
01-10-2010 19:00,1.555766667
01-10-2010 20:00,2.2352
01-10-2010 21:00,2.028766667
01-10-2010 22:00,1.0731
01-10-2010 23:00,0.384833333
01-11-2010 00:00,0.311133333
01-11-2010 01:00,0.301833333
01-11-2010 02:00,0.296066667
01-11-2010 03:00,0.674766667
01-11-2010 04:00,0.7197
01-11-2010 05:00,0.310166667
01-11-2010 06:00,0.941033333
01-11-2010 07:00,2.518933333
01-11-2010 08:00,1.4617
01-11-2010 09:00,1.4417
01-11-2010 10:00,1.4748
01-11-2010 11:00,1.438633333
01-11-2010 12:00,0.781233333
01-11-2010 13:00,0.3907
01-11-2010 14:00,0.408433333
01-11-2010 15:00,0.439233333
01-11-2010 16:00,0.530333333
01-11-2010 17:00,0.688766667
01-11-2010 18:00,1.776866667
01-11-2010 19:00,1.851566667
01-11-2010 20:00,3.267066667
01-11-2010 21:00,1.4375
01-11-2010 22:00,0.8585
01-11-2010 23:00,0.990733333
01-12-2010 00:00,0.292566667
01-12-2010 01:00,0.314766667
01-12-2010 02:00,0.3415
01-12-2010 03:00,0.3704
01-12-2010 04:00,0.353866667
01-12-2010 05:00,0.2896
01-12-2010 06:00,1.1483
01-12-2010 07:00,2.272066667
01-12-2010 08:00,2.328833333
01-12-2010 09:00,1.6809
01-12-2010 10:00,2.145666667
01-12-2010 11:00,1.797733333
01-12-2010 12:00,2.5505
01-12-2010 13:00,3.273433333
01-12-2010 14:00,2.262566667
01-12-2010 15:00,0.439233333
01-12-2010 16:00,0.530333333
01-12-2010 17:00,0.688766667
01-12-2010 18:00,1.776866667
01-12-2010 19:00,1.851566667
01-12-2010 20:00,3.267066667
01-12-2010 21:00,1.4375
01-12-2010 22:00,0.8585
01-12-2010 23:00,0.990733333
1/13/2010 0:00,0.292566667
1/13/2010 1:00,0.314766667
1/13/2010 2:00,0.3415
1/13/2010 3:00,0.3704
1/13/2010 4:00,0.353866667
1/13/2010 5:00,0.2896
1/13/2010 6:00,1.1483
1/13/2010 7:00,2.272066667
1/13/2010 8:00,2.328833333
1/13/2010 9:00,1.6809
1/13/2010 10:00,2.145666667
1/13/2010 11:00,1.797733333
1/13/2010 12:00,2.5505
1/13/2010 13:00,3.273433333
1/13/2010 14:00,2.262566667
1/13/2010 15:00,0.439233333
1/13/2010 16:00,0.530333333
1/13/2010 17:00,0.688766667
1/13/2010 18:00,1.776866667
1/13/2010 19:00,1.851566667
1/13/2010 20:00,3.267066667
1/13/2010 21:00,1.4375
1/13/2010 22:00,0.8585
1/13/2010 23:00,0.990733333
1/14/2010 0:00,0.292566667
1/14/2010 1:00,0.314766667
1/14/2010 2:00,0.3415
1/14/2010 3:00,0.3704
1/14/2010 4:00,0.353866667
1/14/2010 5:00,0.2896
1/14/2010 6:00,1.1483
1/14/2010 7:00,2.272066667
1/14/2010 8:00,2.328833333
1/14/2010 9:00,1.6809
1/14/2010 10:00,2.145666667
1/14/2010 11:00,1.797733333
1/14/2010 12:00,2.5505
1/14/2010 13:00,3.273433333
1/14/2010 14:00,2.262566667
1/14/2010 15:00,0.439233333
1/14/2010 16:00,0.530333333
1/14/2010 17:00,0.688766667
1/14/2010 18:00,1.776866667
1/14/2010 19:00,3.079
1/14/2010 20:00,2.445733333
1/14/2010 21:00,1.958966667
1/14/2010 22:00,1.730333333
1/14/2010 23:00,1.198466667
1/15/2010 0:00,0.298833333
1/15/2010 1:00,0.2977
1/15/2010 2:00,0.3111
1/15/2010 3:00,0.314466667
1/15/2010 4:00,0.286266667
1/15/2010 5:00,0.306066667
1/15/2010 6:00,0.8389
1/15/2010 7:00,1.952966667
1/15/2010 8:00,2.071966667
1/15/2010 9:00,2.081666667
1/15/2010 10:00,1.4758
1/15/2010 11:00,1.511566667
1/15/2010 12:00,1.595566667
1/15/2010 13:00,1.547166667
1/15/2010 14:00,1.596433333
1/15/2010 15:00,0.591366667
1/15/2010 16:00,1.4676
1/15/2010 17:00,1.857466667
1/15/2010 18:00,1.558766667
1/15/2010 19:00,2.7051
1/15/2010 20:00,5.3368
1/15/2010 21:00,4.528766667
1/15/2010 22:00,1.130133333
1/15/2010 23:00,0.9502
1/16/2010 0:00,0.365266667
1/16/2010 1:00,0.306233333
1/16/2010 2:00,0.3183
1/16/2010 3:00,0.347066667
1/16/2010 4:00,0.310966667
1/16/2010 5:00,0.857133333
1/16/2010 6:00,0.6012
1/16/2010 7:00,2.528566667
1/16/2010 8:00,2.045433333
1/16/2010 9:00,1.839
1/16/2010 10:00,1.9892
1/16/2010 11:00,3.226633333
1/16/2010 12:00,3.667333333
1/16/2010 13:00,2.642433333
1/16/2010 14:00,1.638733333
1/16/2010 15:00,1.818166667
1/16/2010 16:00,0.739766667
1/16/2010 17:00,0.5843
1/16/2010 18:00,1.2418
1/16/2010 19:00,1.438466667
1/16/2010 20:00,2.553233333
1/16/2010 21:00,2.510566667
1/16/2010 22:00,1.2577
1/16/2010 23:00,1.0077
1/17/2010 0:00,0.907966667
1/17/2010 1:00,0.313533333
1/17/2010 2:00,0.290733333
1/17/2010 3:00,0.352866667
1/17/2010 4:00,0.302566667
1/17/2010 5:00,0.293966667
1/17/2010 6:00,0.327366667
1/17/2010 7:00,0.666366667
1/17/2010 8:00,1.2065
1/17/2010 9:00,0.480366667
1/17/2010 10:00,0.8764
1/17/2010 11:00,1.435166667
1/17/2010 12:00,1.5277
1/17/2010 13:00,2.549466667
1/17/2010 14:00,1.7861
1/17/2010 15:00,1.823833333
1/17/2010 16:00,1.652566667
1/17/2010 17:00,1.255266667
1/17/2010 18:00,1.606466667
1/17/2010 19:00,2.4836
1/17/2010 20:00,2.986966667
1/17/2010 21:00,3.280666667
1/17/2010 22:00,1.950633333
1/17/2010 23:00,1.418866667
1/18/2010 0:00,1.4343
1/18/2010 1:00,1.269133333
1/18/2010 2:00,0.290433333
1/18/2010 3:00,0.346366667
1/18/2010 4:00,0.294733333
1/18/2010 5:00,0.305933333
1/18/2010 6:00,0.9672
1/18/2010 7:00,2.441933333
1/18/2010 8:00,2.067733333
1/18/2010 9:00,1.988266667
1/18/2010 10:00,1.726633333
1/18/2010 11:00,1.5172
1/18/2010 12:00,1.629933333
1/18/2010 13:00,1.403966667
1/18/2010 14:00,0.423766667
1/18/2010 15:00,0.452666667
1/18/2010 16:00,0.479
1/18/2010 17:00,1.4955
1/18/2010 18:00,2.170466667
1/18/2010 19:00,1.9715
1/18/2010 20:00,1.822466667
1/18/2010 21:00,2.0274
1/18/2010 22:00,2.084
1/18/2010 23:00,0.7411
1/19/2010 0:00,0.501666667
1/19/2010 1:00,0.318833333
1/19/2010 2:00,0.2961
1/19/2010 3:00,0.341366667
1/19/2010 4:00,0.3001
1/19/2010 5:00,0.287033333
1/19/2010 6:00,1.494533333
1/19/2010 7:00,3.209466667
1/19/2010 8:00,1.780566667
1/19/2010 9:00,1.9222
1/19/2010 10:00,1.680333333
1/19/2010 11:00,1.5962
1/19/2010 12:00,1.7409
1/19/2010 13:00,1.549233333
1/19/2010 14:00,1.7052
1/19/2010 15:00,2.0589
1/19/2010 16:00,2.184166667
1/19/2010 17:00,2.169033333
1/19/2010 18:00,2.781166667
1/19/2010 19:00,4.453766667
1/19/2010 20:00,3.0153
1/19/2010 21:00,3.013933333
1/19/2010 22:00,1.605066667
1/19/2010 23:00,0.5534
1/20/2010 0:00,0.384233333
1/20/2010 1:00,0.389766667
1/20/2010 2:00,0.331966667
1/20/2010 3:00,0.311366667
1/20/2010 4:00,0.3394
1/20/2010 5:00,0.301933333
1/20/2010 6:00,1.5995
1/20/2010 7:00,3.6385
1/20/2010 8:00,1.8742
1/20/2010 9:00,2.1829
1/20/2010 10:00,1.6259
1/20/2010 11:00,1.787066667
1/20/2010 12:00,1.987
1/20/2010 13:00,3.1311
1/20/2010 14:00,0.7147
1/20/2010 15:00,0.514866667
1/20/2010 16:00,1.672166667
1/20/2010 17:00,1.014466667
1/20/2010 18:00,1.787566667
1/20/2010 19:00,3.338066667
1/20/2010 20:00,2.620766667
1/20/2010 21:00,3.284933333
1/20/2010 22:00,2.503833333
1/20/2010 23:00,1.859266667
1/21/2010 0:00,0.373766667
1/21/2010 1:00,0.3168
1/21/2010 2:00,0.294466667
1/21/2010 3:00,0.305866667
1/21/2010 4:00,0.3021
1/21/2010 5:00,0.3124
1/21/2010 6:00,1.316333333
1/21/2010 7:00,3.1362
1/21/2010 8:00,2.356233333
1/21/2010 9:00,1.530233333
1/21/2010 10:00,1.418833333
1/21/2010 11:00,1.400433333
1/21/2010 12:00,1.5111
1/21/2010 13:00,1.4874
1/21/2010 14:00,1.543966667
1/21/2010 15:00,1.501966667
1/21/2010 16:00,0.608833333
1/21/2010 17:00,0.7418
1/21/2010 18:00,1.967533333
1/21/2010 19:00,2.656366667
1/21/2010 20:00,2.921033333
1/21/2010 21:00,3.336133333
1/21/2010 22:00,2.420233333
1/21/2010 23:00,1.8709
1/22/2010 0:00,1.6609
1/22/2010 1:00,1.382333333
1/22/2010 2:00,0.6167
1/22/2010 3:00,0.313333333
1/22/2010 4:00,0.321866667
1/22/2010 5:00,0.366166667
1/22/2010 6:00,1.472033333
1/22/2010 7:00,1.807566667
1/22/2010 8:00,1.880333333
1/22/2010 9:00,1.884966667
1/22/2010 10:00,1.3752
1/22/2010 11:00,1.3471
1/22/2010 12:00,1.454966667
1/22/2010 13:00,1.0316
1/22/2010 14:00,0.2927
1/22/2010 15:00,1.377966667
1/22/2010 16:00,0.950066667
1/22/2010 17:00,0.651033333
1/22/2010 18:00,1.830266667
1/22/2010 19:00,1.735033333
1/22/2010 20:00,1.131766667
1/22/2010 21:00,1.466366667
1/22/2010 22:00,2.8046
1/22/2010 23:00,0.6889
1/23/2010 0:00,0.7044
1/23/2010 1:00,0.3388
1/23/2010 2:00,0.359366667
1/23/2010 3:00,0.299133333
1/23/2010 4:00,0.3061
1/23/2010 5:00,0.300933333
1/23/2010 6:00,1.204533333
1/23/2010 7:00,2.549333333
1/23/2010 8:00,2.4269
1/23/2010 9:00,1.7542
1/23/2010 10:00,2.037333333
1/23/2010 11:00,2.623866667
1/23/2010 12:00,2.0373
1/23/2010 13:00,1.8403
1/23/2010 14:00,0.7951
1/23/2010 15:00,0.892766667
1/23/2010 16:00,1.319833333
1/23/2010 17:00,1.7231
1/23/2010 18:00,5.265533333
1/23/2010 19:00,3.6132
1/23/2010 20:00,2.758333333
1/23/2010 21:00,3.067833333
1/23/2010 22:00,3.764366667
1/23/2010 23:00,1.522933333
1/24/2010 0:00,1.2687
1/24/2010 1:00,0.448033333
1/24/2010 2:00,0.3533
1/24/2010 3:00,0.3771
1/24/2010 4:00,0.329933333
1/24/2010 5:00,0.331333333
1/24/2010 6:00,0.328366667
1/24/2010 7:00,0.383766667
1/24/2010 8:00,0.915166667
1/24/2010 9:00,2.304966667
1/24/2010 10:00,2.965833333
1/24/2010 11:00,3.267966667
1/24/2010 12:00,4.427266667
1/24/2010 13:00,3.2928
1/24/2010 14:00,2.619533333
1/24/2010 15:00,2.927366667
1/24/2010 16:00,1.461433333
1/24/2010 17:00,1.478
1/24/2010 18:00,1.2204
1/24/2010 19:00,1.992133333
1/24/2010 20:00,2.393033333
1/24/2010 21:00,1.375066667
1/24/2010 22:00,1.0055
1/24/2010 23:00,0.356666667
1/25/2010 0:00,0.374033333
1/25/2010 1:00,0.330366667
1/25/2010 2:00,0.330666667
1/25/2010 3:00,0.4591
1/25/2010 4:00,0.938533333
1/25/2010 5:00,0.3037
1/25/2010 6:00,1.268166667
1/25/2010 7:00,2.471
1/25/2010 8:00,1.560833333
1/25/2010 9:00,1.463366667
1/25/2010 10:00,1.453066667
1/25/2010 11:00,1.3806
1/25/2010 12:00,1.4207
1/25/2010 13:00,0.866266667
1/25/2010 14:00,0.311533333
1/25/2010 15:00,0.363366667
1/25/2010 16:00,0.4125
1/25/2010 17:00,1.083366667
1/25/2010 18:00,1.810366667
1/25/2010 19:00,3.713333333
1/25/2010 20:00,2.795966667
1/25/2010 21:00,2.5376
1/25/2010 22:00,2.517133333
1/25/2010 23:00,2.0096
1/26/2010 0:00,2.074966667
1/26/2010 1:00,1.3999
1/26/2010 2:00,1.148266667
1/26/2010 3:00,0.322066667
1/26/2010 4:00,0.398833333
1/26/2010 5:00,0.331633333
1/26/2010 6:00,0.766366667
1/26/2010 7:00,1.6356
1/26/2010 8:00,2.432666667
1/26/2010 9:00,1.7511
1/26/2010 10:00,1.868533333
1/26/2010 11:00,1.7263
1/26/2010 12:00,1.9952
1/26/2010 13:00,2.099666667
1/26/2010 14:00,0.9804
1/26/2010 15:00,0.777866667
1/26/2010 16:00,0.6513
1/26/2010 17:00,1.202166667
1/26/2010 18:00,1.7009
1/26/2010 19:00,1.7123
1/26/2010 20:00,2.316433333
1/26/2010 21:00,1.636533333
1/26/2010 22:00,1.496433333
1/26/2010 23:00,2.033966667
1/27/2010 0:00,1.490666667
1/27/2010 1:00,1.410966667
1/27/2010 2:00,1.3965
1/27/2010 3:00,1.3098
1/27/2010 4:00,0.325166667
1/27/2010 5:00,0.368866667
1/27/2010 6:00,0.985566667
1/27/2010 7:00,2.837066667
1/27/2010 8:00,1.625
1/27/2010 9:00,1.813066667
1/27/2010 10:00,1.4292
1/27/2010 11:00,1.874033333
1/27/2010 12:00,1.7216
1/27/2010 13:00,1.517866667
1/27/2010 14:00,2.133733333
1/27/2010 15:00,0.5992
1/27/2010 16:00,1.0771
1/27/2010 17:00,4.079833333
1/27/2010 18:00,2.8956
1/27/2010 19:00,3.2714
1/27/2010 20:00,3.2618
1/27/2010 21:00,4.064066667
1/27/2010 22:00,2.850633333
1/27/2010 23:00,1.6763
1/28/2010 0:00,1.5276
1/28/2010 1:00,1.450533333
1/28/2010 2:00,1.459266667
1/28/2010 3:00,0.352733333
1/28/2010 4:00,0.336233333
1/28/2010 5:00,0.319866667
1/28/2010 6:00,0.8998
1/28/2010 7:00,3.0832
1/28/2010 8:00,1.9817
1/28/2010 9:00,1.453133333
1/28/2010 10:00,1.439266667
1/28/2010 11:00,1.442166667
1/28/2010 12:00,0.9839
1/28/2010 13:00,0.327533333
1/28/2010 14:00,0.352933333
1/28/2010 15:00,0.4372
1/28/2010 16:00,0.702166667
1/28/2010 17:00,1.188266667
1/28/2010 18:00,2.0725
1/28/2010 19:00,2.354966667
1/28/2010 20:00,3.058133333
1/28/2010 21:00,3.0337
1/28/2010 22:00,2.5349
1/28/2010 23:00,2.378866667
1/29/2010 0:00,1.470333333
1/29/2010 1:00,1.375633333
1/29/2010 2:00,1.429566667
1/29/2010 3:00,0.378866667
1/29/2010 4:00,0.378433333
1/29/2010 5:00,0.386
1/29/2010 6:00,1.2705
1/29/2010 7:00,3.298766667
1/29/2010 8:00,3.779
1/29/2010 9:00,1.904033333
1/29/2010 10:00,2.093666667
1/29/2010 11:00,2.1202
1/29/2010 12:00,1.7746
1/29/2010 13:00,1.585466667
1/29/2010 14:00,1.553866667
1/29/2010 15:00,1.558633333
1/29/2010 16:00,1.628433333
1/29/2010 17:00,2.1552
1/29/2010 18:00,1.816
1/29/2010 19:00,0.444766667
1/29/2010 20:00,0.427833333
1/29/2010 21:00,0.2927
1/29/2010 22:00,0.405566667
1/29/2010 23:00,1.3551
1/30/2010 0:00,0.6319
1/30/2010 1:00,0.426233333
1/30/2010 2:00,0.359466667
1/30/2010 3:00,0.292533333
1/30/2010 4:00,0.307833333
1/30/2010 5:00,0.282533333
1/30/2010 6:00,0.560566667
1/30/2010 7:00,2.8678
1/30/2010 8:00,3.303833333
1/30/2010 9:00,2.751633333
1/30/2010 10:00,1.468766667
1/30/2010 11:00,2.0038
1/30/2010 12:00,0.453033333
1/30/2010 13:00,1.9267
1/30/2010 14:00,2.413866667
1/30/2010 15:00,2.568866667
1/30/2010 16:00,2.826533333
1/30/2010 17:00,3.569166667
1/30/2010 18:00,5.142166667
1/30/2010 19:00,2.7153
1/30/2010 20:00,3.9136
1/30/2010 21:00,3.0032
1/30/2010 22:00,2.5942
1/30/2010 23:00,0.995266667
1/31/2010 0:00,0.3495
1/31/2010 1:00,0.3733
1/31/2010 2:00,0.485833333
1/31/2010 3:00,0.391266667
1/31/2010 4:00,0.329866667
1/31/2010 5:00,0.286766667
1/31/2010 6:00,1.007066667
1/31/2010 7:00,0.314766667
1/31/2010 8:00,0.381733333
1/31/2010 9:00,0.782566667
1/31/2010 10:00,0.553733333
1/31/2010 11:00,1.846233333
1/31/2010 12:00,1.096866667
1/31/2010 13:00,1.893033333
1/31/2010 14:00,1.740666667
1/31/2010 15:00,1.766033333
1/31/2010 16:00,1.455666667
1/31/2010 17:00,1.689733333
1/31/2010 18:00,2.467666667
1/31/2010 19:00,2.603033333
1/31/2010 20:00,2.963
1/31/2010 21:00,2.328133333
1/31/2010 22:00,1.993833333
1/31/2010 23:00,0.8863
02-01-2010 00:00,0.313833333
02-01-2010 01:00,0.313466667
02-01-2010 02:00,0.595633333
02-01-2010 03:00,0.7181
02-01-2010 04:00,0.303366667
02-01-2010 05:00,0.283333333
02-01-2010 06:00,1.463833333
02-01-2010 07:00,2.0536
02-01-2010 08:00,1.4446
02-01-2010 09:00,1.4007
02-01-2010 10:00,1.360433333
02-01-2010 11:00,1.4004
02-01-2010 12:00,1.3903
02-01-2010 13:00,0.9656
02-01-2010 14:00,0.335333333
02-01-2010 15:00,0.356033333
02-01-2010 16:00,0.290433333
02-01-2010 17:00,0.4374
02-01-2010 18:00,0.882566667
02-01-2010 19:00,2.779666667
02-01-2010 20:00,2.913866667
02-01-2010 21:00,1.526
02-01-2010 22:00,2.581066667
02-01-2010 23:00,2.120066667
02-02-2010 00:00,1.487366667
02-02-2010 01:00,1.0256
02-02-2010 02:00,0.372233333
02-02-2010 03:00,0.323066667
02-02-2010 04:00,0.298733333
02-02-2010 05:00,0.3019
02-02-2010 06:00,1.957866667
02-02-2010 07:00,1.8994
02-02-2010 08:00,2.533366667
02-02-2010 09:00,1.520633333
02-02-2010 10:00,1.4296
02-02-2010 11:00,1.435633333
02-02-2010 12:00,1.378633333
02-02-2010 13:00,1.385266667
02-02-2010 14:00,1.486466667
02-02-2010 15:00,1.435433333
02-02-2010 16:00,1.392833333
02-02-2010 17:00,0.6857
02-02-2010 18:00,1.8303
02-02-2010 19:00,3.0266
02-02-2010 20:00,2.744866667
02-02-2010 21:00,2.3579
02-02-2010 22:00,2.014633333
02-02-2010 23:00,1.633166667
02-03-2010 00:00,1.594033333
02-03-2010 01:00,1.447566667
02-03-2010 02:00,1.4201
02-03-2010 03:00,0.3551
02-03-2010 04:00,0.2987
02-03-2010 05:00,0.315
02-03-2010 06:00,1.537166667
02-03-2010 07:00,2.9544
02-03-2010 08:00,1.603866667
02-03-2010 09:00,2.054366667
02-03-2010 10:00,1.914266667
02-03-2010 11:00,1.4211
02-03-2010 12:00,3.172266667
02-03-2010 13:00,2.7109
02-03-2010 14:00,2.145333333
02-03-2010 15:00,3.2107
02-03-2010 16:00,1.8461
02-03-2010 17:00,1.771533333
02-03-2010 18:00,1.4186
02-03-2010 19:00,3.083166667
02-03-2010 20:00,2.7196
02-03-2010 21:00,4.5192
02-03-2010 22:00,3.0099
02-03-2010 23:00,1.8606
02-04-2010 00:00,1.3957
02-04-2010 01:00,1.435733333
02-04-2010 02:00,1.402133333
02-04-2010 03:00,1.424733333
02-04-2010 04:00,0.973333333
02-04-2010 05:00,0.325166667
02-04-2010 06:00,2.207633333
02-04-2010 07:00,2.4157
02-04-2010 08:00,1.844133333
02-04-2010 09:00,1.4279
02-04-2010 10:00,1.478366667
02-04-2010 11:00,1.448333333
02-04-2010 12:00,1.401266667
02-04-2010 13:00,1.425066667
02-04-2010 14:00,1.393033333
02-04-2010 15:00,1.498966667
02-04-2010 16:00,1.458733333
02-04-2010 17:00,1.327233333
02-04-2010 18:00,0.4907
02-04-2010 19:00,2.691666667
02-04-2010 20:00,3.128
02-04-2010 21:00,2.321133333
02-04-2010 22:00,2.012533333
02-04-2010 23:00,1.6773
02-05-2010 00:00,1.706566667
02-05-2010 01:00,1.5778
02-05-2010 02:00,0.986266667
02-05-2010 03:00,0.404166667
02-05-2010 04:00,0.378
02-05-2010 05:00,0.3624
02-05-2010 06:00,0.971766667
02-05-2010 07:00,1.954966667
02-05-2010 08:00,1.598
02-05-2010 09:00,1.7534
02-05-2010 10:00,1.424966667
02-05-2010 11:00,1.437666667
02-05-2010 12:00,1.796633333
02-05-2010 13:00,1.6752
02-05-2010 14:00,0.887266667
02-05-2010 15:00,1.922233333
02-05-2010 16:00,0.679633333
02-05-2010 17:00,0.4676
02-05-2010 18:00,0.738866667
02-05-2010 19:00,2.555133333
02-05-2010 20:00,2.7641
02-05-2010 21:00,2.565833333
02-05-2010 22:00,2.5207
02-05-2010 23:00,1.852366667
02-06-2010 00:00,1.2043
02-06-2010 01:00,0.3129
02-06-2010 02:00,0.310233333
02-06-2010 03:00,0.391833333
02-06-2010 04:00,0.366833333
02-06-2010 05:00,0.296
02-06-2010 06:00,1.3405
02-06-2010 07:00,2.4388
02-06-2010 08:00,1.463866667
02-06-2010 09:00,1.627066667
02-06-2010 10:00,2.579733333
02-06-2010 11:00,1.525833333
02-06-2010 12:00,1.584166667
02-06-2010 13:00,0.858866667
02-06-2010 14:00,1.875866667
02-06-2010 15:00,2.893133333
02-06-2010 16:00,2.8207
02-06-2010 17:00,1.737833333
02-06-2010 18:00,3.877433333
02-06-2010 19:00,3.84
02-06-2010 20:00,2.558233333
02-06-2010 21:00,2.9883
02-06-2010 22:00,2.8491
02-06-2010 23:00,3.4749
02-07-2010 00:00,1.0587
02-07-2010 01:00,1.010433333
02-07-2010 02:00,0.976966667
02-07-2010 03:00,0.4716
02-07-2010 04:00,0.320033333
02-07-2010 05:00,0.326333333
02-07-2010 06:00,0.314066667
02-07-2010 07:00,0.316066667
02-07-2010 08:00,1.5424
02-07-2010 09:00,1.3738
02-07-2010 10:00,2.190133333
02-07-2010 11:00,0.654566667
02-07-2010 12:00,0.305933333
02-07-2010 13:00,0.334433333
02-07-2010 14:00,1.1
02-07-2010 15:00,1.592133333
02-07-2010 16:00,0.7382
02-07-2010 17:00,1.335733333
02-07-2010 18:00,2.445833333
02-07-2010 19:00,2.7607
02-07-2010 20:00,1.959833333
02-07-2010 21:00,1.900466667
02-07-2010 22:00,1.2999
02-07-2010 23:00,0.766866667
02-08-2010 00:00,0.318966667
02-08-2010 01:00,0.297533333
02-08-2010 02:00,0.295933333
02-08-2010 03:00,0.344566667
02-08-2010 04:00,0.297633333
02-08-2010 05:00,0.3534
02-08-2010 06:00,1.025633333
02-08-2010 07:00,2.736633333
02-08-2010 08:00,1.7585
02-08-2010 09:00,2.448166667
02-08-2010 10:00,2.6538
02-08-2010 11:00,2.4104
02-08-2010 12:00,2.959866667
02-08-2010 13:00,1.844
02-08-2010 14:00,1.821633333
02-08-2010 15:00,1.709566667
02-08-2010 16:00,1.4102
02-08-2010 17:00,1.744033333
02-08-2010 18:00,3.112366667
02-08-2010 19:00,3.1667
02-08-2010 20:00,2.7671
02-08-2010 21:00,3.172333333
02-08-2010 22:00,2.874633333
02-08-2010 23:00,1.5137
02-09-2010 00:00,1.494566667
02-09-2010 01:00,1.428533333
02-09-2010 02:00,1.4159
02-09-2010 03:00,1.502
02-09-2010 04:00,1.492333333
02-09-2010 05:00,1.112866667
02-09-2010 06:00,1.415866667
02-09-2010 07:00,2.3627
02-09-2010 08:00,1.4901
02-09-2010 09:00,1.468966667
02-09-2010 10:00,1.658133333
02-09-2010 11:00,1.506733333
02-09-2010 12:00,1.639033333
02-09-2010 13:00,1.038766667
02-09-2010 14:00,0.794633333
02-09-2010 15:00,0.808866667
02-09-2010 16:00,0.704866667
02-09-2010 17:00,0.823833333
02-09-2010 18:00,1.9943
02-09-2010 19:00,3.5046
02-09-2010 20:00,2.7781
02-09-2010 21:00,3.229133333
02-09-2010 22:00,2.6368
02-09-2010 23:00,2.047233333
02-10-2010 00:00,1.538366667
02-10-2010 01:00,1.3825
02-10-2010 02:00,0.330866667
02-10-2010 03:00,0.319266667
02-10-2010 04:00,0.3342
02-10-2010 05:00,0.3726
02-10-2010 06:00,1.318533333
02-10-2010 07:00,2.674833333
02-10-2010 08:00,1.824733333
02-10-2010 09:00,1.373433333
02-10-2010 10:00,1.396266667
02-10-2010 11:00,2.089766667
02-10-2010 12:00,1.6123
02-10-2010 13:00,1.895133333
02-10-2010 14:00,0.989933333
02-10-2010 15:00,0.6435
02-10-2010 16:00,0.928533333
02-10-2010 17:00,1.468466667
02-10-2010 18:00,1.7703
02-10-2010 19:00,1.690966667
02-10-2010 20:00,1.6769
02-10-2010 21:00,2.8363
02-10-2010 22:00,1.548866667
02-10-2010 23:00,0.4314
02-11-2010 00:00,0.300366667
02-11-2010 01:00,0.299833333
02-11-2010 02:00,0.3058
02-11-2010 03:00,0.361166667
02-11-2010 04:00,0.6326
02-11-2010 05:00,0.661666667
02-11-2010 06:00,0.5568
02-11-2010 07:00,1.883733333
02-11-2010 08:00,1.880766667
02-11-2010 09:00,1.439933333
02-11-2010 10:00,1.404433333
02-11-2010 11:00,1.3643
02-11-2010 12:00,1.602433333
02-11-2010 13:00,0.871566667
02-11-2010 14:00,0.305733333
02-11-2010 15:00,0.3571
02-11-2010 16:00,0.477733333
02-11-2010 17:00,0.655266667
02-11-2010 18:00,1.436366667
02-11-2010 19:00,2.3199
02-11-2010 20:00,2.159933333
02-11-2010 21:00,0.829866667
02-11-2010 22:00,0.414266667
02-11-2010 23:00,0.3079
02-12-2010 00:00,0.3216
02-12-2010 01:00,0.3041
02-12-2010 02:00,0.9865
02-12-2010 03:00,0.320033333
02-12-2010 04:00,0.374566667
02-12-2010 05:00,0.2969
02-12-2010 06:00,1.569266667
02-12-2010 07:00,2.9396
02-12-2010 08:00,1.589533333
02-12-2010 09:00,2.1982
02-12-2010 10:00,2.152666667
02-12-2010 11:00,2.177533333
02-12-2010 12:00,1.635933333
02-12-2010 13:00,1.395666667
02-12-2010 14:00,1.440866667
02-12-2010 15:00,1.4407
02-12-2010 16:00,1.470966667
02-12-2010 17:00,0.773366667
02-12-2010 18:00,0.7121
02-12-2010 19:00,1.157133333
02-12-2010 20:00,2.1186
02-12-2010 21:00,1.264666667
02-12-2010 22:00,2.078666667
02-12-2010 23:00,0.8308
2/13/2010 0:00,0.319433333
2/13/2010 1:00,0.3305
2/13/2010 2:00,0.286966667
2/13/2010 3:00,0.292133333
2/13/2010 4:00,0.3372
2/13/2010 5:00,0.357166667
2/13/2010 6:00,1.142933333
2/13/2010 7:00,1.964
2/13/2010 8:00,2.061966667
2/13/2010 9:00,1.938633333
2/13/2010 10:00,2.6426
2/13/2010 11:00,1.502866667
2/13/2010 12:00,3.924133333
2/13/2010 13:00,3.271866667
2/13/2010 14:00,4.173933333
2/13/2010 15:00,2.005733333
2/13/2010 16:00,1.603566667
2/13/2010 17:00,1.579466667
2/13/2010 18:00,1.564066667
2/13/2010 19:00,1.5281
2/13/2010 20:00,1.587666667
2/13/2010 21:00,1.6402
2/13/2010 22:00,1.553833333
2/13/2010 23:00,1.583633333
2/14/2010 0:00,1.5946
2/14/2010 1:00,0.992133333
2/14/2010 2:00,0.5102
2/14/2010 3:00,0.5337
2/14/2010 4:00,0.484966667
2/14/2010 5:00,0.498533333
2/14/2010 6:00,0.4811
2/14/2010 7:00,0.483833333
2/14/2010 8:00,0.486
2/14/2010 9:00,0.452466667
2/14/2010 10:00,0.528333333
2/14/2010 11:00,1.4403
2/14/2010 12:00,1.399466667
2/14/2010 13:00,1.505333333
2/14/2010 14:00,1.6249
2/14/2010 15:00,1.853
2/14/2010 16:00,1.770266667
2/14/2010 17:00,1.976533333
2/14/2010 18:00,1.875966667
2/14/2010 19:00,2.3949
2/14/2010 20:00,2.2461
2/14/2010 21:00,1.260233333
2/14/2010 22:00,0.8746
2/14/2010 23:00,0.870766667
2/15/2010 0:00,0.569233333
2/15/2010 1:00,0.2867
2/15/2010 2:00,0.3025
2/15/2010 3:00,0.359
2/15/2010 4:00,0.3393
2/15/2010 5:00,0.295166667
2/15/2010 6:00,1.0412
2/15/2010 7:00,2.909333333
2/15/2010 8:00,1.422766667
2/15/2010 9:00,1.3833
2/15/2010 10:00,1.4215
2/15/2010 11:00,1.386833333
2/15/2010 12:00,1.4012
2/15/2010 13:00,1.4034
2/15/2010 14:00,1.444633333
2/15/2010 15:00,0.7568
2/15/2010 16:00,0.368266667
2/15/2010 17:00,0.543166667
2/15/2010 18:00,1.5169
2/15/2010 19:00,3.508133333
2/15/2010 20:00,4.619633333
2/15/2010 21:00,3.7538
2/15/2010 22:00,2.6901
2/15/2010 23:00,1.229333333
2/16/2010 0:00,0.374566667
2/16/2010 1:00,0.386666667
2/16/2010 2:00,0.398166667
2/16/2010 3:00,0.379466667
2/16/2010 4:00,0.440266667
2/16/2010 5:00,0.4183
2/16/2010 6:00,0.995633333
2/16/2010 7:00,2.500966667
2/16/2010 8:00,2.461433333
2/16/2010 9:00,2.004066667
2/16/2010 10:00,1.552733333
2/16/2010 11:00,1.653266667
2/16/2010 12:00,1.4228
2/16/2010 13:00,2.161966667
2/16/2010 14:00,1.800366667
2/16/2010 15:00,1.543666667
2/16/2010 16:00,0.728533333
2/16/2010 17:00,0.731466667
2/16/2010 18:00,0.807133333
2/16/2010 19:00,2.2343
2/16/2010 20:00,1.7398
2/16/2010 21:00,2.0071
2/16/2010 22:00,0.755566667
2/16/2010 23:00,0.464366667
2/17/2010 0:00,0.4308
2/17/2010 1:00,0.382066667
2/17/2010 2:00,0.3785
2/17/2010 3:00,0.385566667
2/17/2010 4:00,0.409533333
2/17/2010 5:00,1.032266667
2/17/2010 6:00,0.801833333
2/17/2010 7:00,1.397833333
2/17/2010 8:00,2.257366667
2/17/2010 9:00,2.4321
2/17/2010 10:00,1.7429
2/17/2010 11:00,1.632933333
2/17/2010 12:00,4.059933333
2/17/2010 13:00,2.0161
2/17/2010 14:00,1.662666667
2/17/2010 15:00,1.855233333
2/17/2010 16:00,0.6354
2/17/2010 17:00,1.321866667
2/17/2010 18:00,2.171033333
2/17/2010 19:00,1.8722
2/17/2010 20:00,3.199066667
2/17/2010 21:00,1.445766667
2/17/2010 22:00,0.3614
2/17/2010 23:00,0.3583
2/18/2010 0:00,0.3686
2/18/2010 1:00,0.307766667
2/18/2010 2:00,0.947566667
2/18/2010 3:00,0.3155
2/18/2010 4:00,0.294333333
2/18/2010 5:00,0.2955
2/18/2010 6:00,1.037233333
2/18/2010 7:00,2.3838
2/18/2010 8:00,1.868133333
2/18/2010 9:00,1.378666667
2/18/2010 10:00,1.395866667
2/18/2010 11:00,1.3963
2/18/2010 12:00,1.457133333
2/18/2010 13:00,2.310933333
2/18/2010 14:00,1.998566667
2/18/2010 15:00,1.5628
2/18/2010 16:00,1.2193
2/18/2010 17:00,0.334833333
2/18/2010 18:00,0.995066667
2/18/2010 19:00,2.904333333
2/18/2010 20:00,2.495066667
2/18/2010 21:00,1.161933333
2/18/2010 22:00,0.578166667
2/18/2010 23:00,0.3452
2/19/2010 0:00,0.340266667
2/19/2010 1:00,0.363433333
2/19/2010 2:00,0.309133333
2/19/2010 3:00,0.5898
2/19/2010 4:00,0.654766667
2/19/2010 5:00,0.2978
2/19/2010 6:00,0.6326
2/19/2010 7:00,2.723766667
2/19/2010 8:00,2.076566667
2/19/2010 9:00,2.294333333
2/19/2010 10:00,1.595866667
2/19/2010 11:00,2.097233333
2/19/2010 12:00,1.296033333
2/19/2010 13:00,0.374766667
2/19/2010 14:00,0.787466667
2/19/2010 15:00,0.317066667
2/19/2010 16:00,1.485566667
2/19/2010 17:00,1.2898
2/19/2010 18:00,0.6971
2/19/2010 19:00,2.703033333
2/19/2010 20:00,2.478
2/19/2010 21:00,2.505066667
2/19/2010 22:00,2.692833333
2/19/2010 23:00,1.957233333
2/20/2010 0:00,1.412233333
2/20/2010 1:00,1.400433333
2/20/2010 2:00,0.336733333
2/20/2010 3:00,0.3081
2/20/2010 4:00,0.3177
2/20/2010 5:00,0.295966667
2/20/2010 6:00,0.619766667
2/20/2010 7:00,2.276466667
2/20/2010 8:00,1.682933333
2/20/2010 9:00,2.011466667
2/20/2010 10:00,2.1596
2/20/2010 11:00,1.650433333
2/20/2010 12:00,1.505233333
2/20/2010 13:00,1.606066667
2/20/2010 14:00,1.457966667
2/20/2010 15:00,0.348433333
2/20/2010 16:00,0.348333333
2/20/2010 17:00,0.454166667
2/20/2010 18:00,3.0763
2/20/2010 19:00,2.8063
2/20/2010 20:00,2.222733333
2/20/2010 21:00,2.098666667
2/20/2010 22:00,1.938266667
2/20/2010 23:00,0.727833333
2/21/2010 0:00,0.315366667
2/21/2010 1:00,0.7261
2/21/2010 2:00,0.590033333
2/21/2010 3:00,0.319933333
2/21/2010 4:00,0.3369
2/21/2010 5:00,0.311333333
2/21/2010 6:00,0.322733333
2/21/2010 7:00,0.401366667
2/21/2010 8:00,1.268333333
2/21/2010 9:00,2.029133333
2/21/2010 10:00,1.250366667
2/21/2010 11:00,5.0908
2/21/2010 12:00,2.2082
2/21/2010 13:00,2.0606
2/21/2010 14:00,4.6382
2/21/2010 15:00,4.5135
2/21/2010 16:00,2.406433333
2/21/2010 17:00,3.2794
2/21/2010 18:00,1.977133333
2/21/2010 19:00,2.1541
2/21/2010 20:00,2.5315
2/21/2010 21:00,2.3259
2/21/2010 22:00,2.1686
2/21/2010 23:00,2.445933333
2/22/2010 0:00,1.7178
2/22/2010 1:00,0.560566667
2/22/2010 2:00,0.296833333
2/22/2010 3:00,0.320266667
2/22/2010 4:00,0.308766667
2/22/2010 5:00,0.393433333
2/22/2010 6:00,1.821
2/22/2010 7:00,3.0752
2/22/2010 8:00,1.8914
2/22/2010 9:00,1.871633333
2/22/2010 10:00,1.427366667
2/22/2010 11:00,1.419466667
2/22/2010 12:00,0.5645
2/22/2010 13:00,0.752966667
2/22/2010 14:00,0.3567
2/22/2010 15:00,0.351666667
2/22/2010 16:00,0.3861
2/22/2010 17:00,0.431866667
2/22/2010 18:00,0.6655
2/22/2010 19:00,0.9057
2/22/2010 20:00,2.616033333
2/22/2010 21:00,1.646833333
2/22/2010 22:00,0.4549
2/22/2010 23:00,0.330766667
2/23/2010 0:00,0.334133333
2/23/2010 1:00,0.315866667
2/23/2010 2:00,0.319933333
2/23/2010 3:00,0.371666667
2/23/2010 4:00,0.6367
2/23/2010 5:00,0.722633333
2/23/2010 6:00,0.475933333
2/23/2010 7:00,1.564433333
2/23/2010 8:00,1.654166667
2/23/2010 9:00,1.719233333
2/23/2010 10:00,1.550933333
2/23/2010 11:00,1.508366667
2/23/2010 12:00,1.040466667
2/23/2010 13:00,0.311366667
2/23/2010 14:00,0.305
2/23/2010 15:00,0.417666667
2/23/2010 16:00,0.342333333
2/23/2010 17:00,0.347333333
2/23/2010 18:00,1.1009
2/23/2010 19:00,2.690766667
2/23/2010 20:00,1.3579
2/23/2010 21:00,2.195866667
2/23/2010 22:00,2.694066667
2/23/2010 23:00,0.377
2/24/2010 0:00,0.3318
2/24/2010 1:00,0.352233333
2/24/2010 2:00,0.341566667
2/24/2010 3:00,0.3921
2/24/2010 4:00,0.384733333
2/24/2010 5:00,0.322133333
2/24/2010 6:00,1.288966667
2/24/2010 7:00,1.317366667
2/24/2010 8:00,3.356266667
2/24/2010 9:00,2.1056
2/24/2010 10:00,1.584566667
2/24/2010 11:00,1.8057
2/24/2010 12:00,1.815566667
2/24/2010 13:00,1.530966667
2/24/2010 14:00,1.501766667
2/24/2010 15:00,1.4699
2/24/2010 16:00,1.434
2/24/2010 17:00,1.426166667
2/24/2010 18:00,1.4903
2/24/2010 19:00,1.4791
2/24/2010 20:00,2.856933333
2/24/2010 21:00,1.4818
2/24/2010 22:00,1.243066667
2/24/2010 23:00,0.592033333
2/25/2010 0:00,0.6841
2/25/2010 1:00,0.414633333
2/25/2010 2:00,1.081466667
2/25/2010 3:00,0.3294
2/25/2010 4:00,0.2952
2/25/2010 5:00,0.295066667
2/25/2010 6:00,0.640066667
2/25/2010 7:00,1.804866667
2/25/2010 8:00,1.493366667
2/25/2010 9:00,1.4325
2/25/2010 10:00,1.5113
2/25/2010 11:00,1.7162
2/25/2010 12:00,1.6984
2/25/2010 13:00,1.555266667
2/25/2010 14:00,1.540933333
2/25/2010 15:00,1.490833333
2/25/2010 16:00,2.064266667
2/25/2010 17:00,2.047366667
2/25/2010 18:00,1.8576
2/25/2010 19:00,1.535166667
2/25/2010 20:00,1.413
2/25/2010 21:00,1.767033333
2/25/2010 22:00,1.6735
2/25/2010 23:00,0.9952
2/26/2010 0:00,0.6328
2/26/2010 1:00,0.335866667
2/26/2010 2:00,0.332066667
2/26/2010 3:00,0.687633333
2/26/2010 4:00,0.637
2/26/2010 5:00,0.38
2/26/2010 6:00,0.6094
2/26/2010 7:00,2.111433333
2/26/2010 8:00,0.942066667
2/26/2010 9:00,0.737266667
2/26/2010 10:00,1.296366667
2/26/2010 11:00,1.930333333
2/26/2010 12:00,1.653333333
2/26/2010 13:00,2.935533333
2/26/2010 14:00,1.411266667
2/26/2010 15:00,0.8488
2/26/2010 16:00,1.431433333
2/26/2010 17:00,1.635433333
2/26/2010 18:00,1.733166667
2/26/2010 19:00,2.701366667
2/26/2010 20:00,2.543766667
2/26/2010 21:00,2.937666667
2/26/2010 22:00,3.180366667
2/26/2010 23:00,1.691566667
2/27/2010 0:00,0.791
2/27/2010 1:00,0.3078
2/27/2010 2:00,0.378533333
2/27/2010 3:00,0.372033333
2/27/2010 4:00,0.301333333
2/27/2010 5:00,0.302633333
2/27/2010 6:00,0.3033
2/27/2010 7:00,0.542566667
2/27/2010 8:00,0.646666667
2/27/2010 9:00,1.544766667
2/27/2010 10:00,1.758133333
2/27/2010 11:00,2.752733333
2/27/2010 12:00,1.718166667
2/27/2010 13:00,2.061433333
2/27/2010 14:00,2.0583
2/27/2010 15:00,1.395533333
2/27/2010 16:00,2.101
2/27/2010 17:00,2.485666667
2/27/2010 18:00,2.631266667
2/27/2010 19:00,1.6353
2/27/2010 20:00,1.6345
2/27/2010 21:00,0.686433333
2/27/2010 22:00,0.5222
2/27/2010 23:00,0.4863
2/28/2010 0:00,0.570166667
2/28/2010 1:00,0.552066667
2/28/2010 2:00,0.548766667
2/28/2010 3:00,0.5045
2/28/2010 4:00,0.515266667
2/28/2010 5:00,1.184066667
2/28/2010 6:00,0.6705
2/28/2010 7:00,0.599
2/28/2010 8:00,0.497766667
2/28/2010 9:00,0.473733333
2/28/2010 10:00,0.4535
2/28/2010 11:00,0.2943
2/28/2010 12:00,0.329733333
2/28/2010 13:00,0.3858
2/28/2010 14:00,0.349833333
2/28/2010 15:00,1.258033333
2/28/2010 16:00,0.329133333
2/28/2010 17:00,0.308266667
2/28/2010 18:00,0.3589
2/28/2010 19:00,0.408966667
2/28/2010 20:00,0.3419
2/28/2010 21:00,0.285433333
2/28/2010 22:00,0.296133333
2/28/2010 23:00,0.345333333
03-01-2010 00:00,0.357433333
03-01-2010 01:00,1.062733333
03-01-2010 02:00,0.533166667
03-01-2010 03:00,0.292766667
03-01-2010 04:00,0.336866667
03-01-2010 05:00,0.366533333
03-01-2010 06:00,0.325966667
03-01-2010 07:00,0.289666667
03-01-2010 08:00,0.416266667
03-01-2010 09:00,0.3872
03-01-2010 10:00,0.399266667
03-01-2010 11:00,2.396633333
03-01-2010 12:00,2.122766667
03-01-2010 13:00,1.487566667
03-01-2010 14:00,1.443966667
03-01-2010 15:00,1.029833333
03-01-2010 16:00,0.9595
03-01-2010 17:00,0.924766667
03-01-2010 18:00,0.875966667
03-01-2010 19:00,0.848333333
03-01-2010 20:00,1.5795
03-01-2010 21:00,0.971166667
03-01-2010 22:00,1.234966667
03-01-2010 23:00,1.002633333
03-02-2010 00:00,0.480033333
03-02-2010 01:00,0.4935
03-02-2010 02:00,0.553666667
03-02-2010 03:00,0.552766667
03-02-2010 04:00,0.489266667
03-02-2010 05:00,0.505933333
03-02-2010 06:00,0.528066667
03-02-2010 07:00,0.489133333
03-02-2010 08:00,1.5749
03-02-2010 09:00,0.3081
03-02-2010 10:00,0.3351
03-02-2010 11:00,0.341366667
03-02-2010 12:00,0.577866667
03-02-2010 13:00,0.932766667
03-02-2010 14:00,0.359733333
03-02-2010 15:00,0.317766667
03-02-2010 16:00,0.3051
03-02-2010 17:00,0.327733333
03-02-2010 18:00,0.3562
03-02-2010 19:00,0.388333333
03-02-2010 20:00,0.321933333
03-02-2010 21:00,0.419266667
03-02-2010 22:00,1.000366667
03-02-2010 23:00,0.822866667
03-03-2010 00:00,0.767433333
03-03-2010 01:00,0.6553
03-03-2010 02:00,0.516566667
03-03-2010 03:00,0.3934
03-03-2010 04:00,0.350066667
03-03-2010 05:00,0.3809
03-03-2010 06:00,0.311666667
03-03-2010 07:00,1.040766667
03-03-2010 08:00,1.521733333
03-03-2010 09:00,1.4347
03-03-2010 10:00,1.449733333
03-03-2010 11:00,1.435133333
03-03-2010 12:00,0.606766667
03-03-2010 13:00,0.362533333
03-03-2010 14:00,0.3437
03-03-2010 15:00,0.411866667
03-03-2010 16:00,0.336266667
03-03-2010 17:00,0.363633333
03-03-2010 18:00,0.320566667
03-03-2010 19:00,0.321966667
03-03-2010 20:00,0.995833333
03-03-2010 21:00,0.5968
03-03-2010 22:00,0.343766667
03-03-2010 23:00,0.336133333
03-04-2010 00:00,0.337133333
03-04-2010 01:00,0.338166667
03-04-2010 02:00,0.3848
03-04-2010 03:00,0.341633333
03-04-2010 04:00,0.3218
03-04-2010 05:00,0.3137
03-04-2010 06:00,1.28
03-04-2010 07:00,0.403266667
03-04-2010 08:00,0.354866667
03-04-2010 09:00,0.370033333
03-04-2010 10:00,0.3516
03-04-2010 11:00,0.364066667
03-04-2010 12:00,0.3866
03-04-2010 13:00,0.385933333
03-04-2010 14:00,0.317166667
03-04-2010 15:00,0.325733333
03-04-2010 16:00,1.2828
03-04-2010 17:00,0.385833333
03-04-2010 18:00,0.636766667
03-04-2010 19:00,0.488633333
03-04-2010 20:00,0.484033333
03-04-2010 21:00,0.483433333
03-04-2010 22:00,0.499266667
03-04-2010 23:00,0.544066667
03-05-2010 00:00,0.501133333
03-05-2010 01:00,0.485566667
03-05-2010 02:00,1.3871
03-05-2010 03:00,0.576233333
03-05-2010 04:00,0.547933333
03-05-2010 05:00,0.5155
03-05-2010 06:00,0.4806
03-05-2010 07:00,0.468
03-05-2010 08:00,0.369533333
03-05-2010 09:00,0.359266667
03-05-2010 10:00,0.525033333
03-05-2010 11:00,0.506366667
03-05-2010 12:00,1.4802
03-05-2010 13:00,2.010933333
03-05-2010 14:00,2.059166667
03-05-2010 15:00,0.665466667
03-05-2010 16:00,0.403366667
03-05-2010 17:00,0.3437
03-05-2010 18:00,0.305666667
03-05-2010 19:00,1.620166667
03-05-2010 20:00,0.9943
03-05-2010 21:00,0.881333333
03-05-2010 22:00,0.920966667
03-05-2010 23:00,0.4879
03-06-2010 00:00,0.4579
03-06-2010 01:00,0.370166667
03-06-2010 02:00,0.303166667
03-06-2010 03:00,0.3353
03-06-2010 04:00,0.2996
03-06-2010 05:00,0.294633333
03-06-2010 06:00,0.625333333
03-06-2010 07:00,0.821266667
03-06-2010 08:00,0.323833333
03-06-2010 09:00,0.6305
03-06-2010 10:00,1.260966667
03-06-2010 11:00,1.1401
03-06-2010 12:00,0.338766667
03-06-2010 13:00,0.310033333
03-06-2010 14:00,0.330933333
03-06-2010 15:00,0.318833333
03-06-2010 16:00,1.003466667
03-06-2010 17:00,1.066733333
03-06-2010 18:00,0.4813
03-06-2010 19:00,0.4736
03-06-2010 20:00,0.4773
03-06-2010 21:00,0.506666667
03-06-2010 22:00,0.569866667
03-06-2010 23:00,0.504933333
03-07-2010 00:00,0.496466667
03-07-2010 01:00,1.148566667
03-07-2010 02:00,0.610066667
03-07-2010 03:00,0.532333333
03-07-2010 04:00,0.5289
03-07-2010 05:00,0.4928
03-07-2010 06:00,0.493866667
03-07-2010 07:00,0.4886
03-07-2010 08:00,0.518866667
03-07-2010 09:00,0.525266667
03-07-2010 10:00,0.437566667
03-07-2010 11:00,1.061233333
03-07-2010 12:00,0.3059
03-07-2010 13:00,0.293533333
03-07-2010 14:00,0.3666
03-07-2010 15:00,1.019033333
03-07-2010 16:00,0.769333333
03-07-2010 17:00,2.434866667
03-07-2010 18:00,2.575333333
03-07-2010 19:00,1.5285
03-07-2010 20:00,2.1405
03-07-2010 21:00,2.2098
03-07-2010 22:00,1.149433333
03-07-2010 23:00,0.747166667
03-08-2010 00:00,0.7092
03-08-2010 01:00,1.057566667
03-08-2010 02:00,0.359
03-08-2010 03:00,0.366033333
03-08-2010 04:00,0.3475
03-08-2010 05:00,0.405833333
03-08-2010 06:00,1.025966667
03-08-2010 07:00,2.926233333
03-08-2010 08:00,3.4103
03-08-2010 09:00,3.518333333
03-08-2010 10:00,2.1521
03-08-2010 11:00,1.852233333
03-08-2010 12:00,3.042466667
03-08-2010 13:00,2.3847
03-08-2010 14:00,2.026333333
03-08-2010 15:00,3.969
03-08-2010 16:00,2.0823
03-08-2010 17:00,1.571
03-08-2010 18:00,1.9182
03-08-2010 19:00,1.729333333
03-08-2010 20:00,2.448866667
03-08-2010 21:00,1.426933333
03-08-2010 22:00,1.5056
03-08-2010 23:00,0.383266667
03-09-2010 00:00,0.376433333
03-09-2010 01:00,0.359866667
03-09-2010 02:00,0.417366667
03-09-2010 03:00,0.393733333
03-09-2010 04:00,0.3563
03-09-2010 05:00,0.3386
03-09-2010 06:00,1.043
03-09-2010 07:00,2.705133333
03-09-2010 08:00,2.266133333
03-09-2010 09:00,1.560033333
03-09-2010 10:00,1.503133333
03-09-2010 11:00,1.6102
03-09-2010 12:00,1.640033333
03-09-2010 13:00,2.188966667
03-09-2010 14:00,0.765466667
03-09-2010 15:00,0.482466667
03-09-2010 16:00,0.864366667
03-09-2010 17:00,0.5411
03-09-2010 18:00,0.9225
03-09-2010 19:00,1.851033333
03-09-2010 20:00,2.746666667
03-09-2010 21:00,2.379566667
03-09-2010 22:00,1.558766667
03-09-2010 23:00,0.464333333
03-10-2010 00:00,1.134866667
03-10-2010 01:00,0.345866667
03-10-2010 02:00,0.348
03-10-2010 03:00,0.326766667
03-10-2010 04:00,0.3226
03-10-2010 05:00,0.387766667
03-10-2010 06:00,0.979833333
03-10-2010 07:00,2.568033333
03-10-2010 08:00,2.0532
03-10-2010 09:00,1.963233333
03-10-2010 10:00,1.4259
03-10-2010 11:00,1.4626
03-10-2010 12:00,1.775733333
03-10-2010 13:00,1.546466667
03-10-2010 14:00,1.7727
03-10-2010 15:00,1.788433333
03-10-2010 16:00,1.769733333
03-10-2010 17:00,1.769
03-10-2010 18:00,1.534066667
03-10-2010 19:00,1.086
03-10-2010 20:00,1.092033333
03-10-2010 21:00,1.378366667
03-10-2010 22:00,0.978933333
03-10-2010 23:00,0.567066667
03-11-2010 00:00,0.714
03-11-2010 01:00,0.837266667
03-11-2010 02:00,0.325466667
03-11-2010 03:00,0.3885
03-11-2010 04:00,0.320466667
03-11-2010 05:00,0.327266667
03-11-2010 06:00,0.923666667
03-11-2010 07:00,2.0521
03-11-2010 08:00,1.903233333
03-11-2010 09:00,1.4354
03-11-2010 10:00,1.489733333
03-11-2010 11:00,1.375033333
03-11-2010 12:00,1.379766667
03-11-2010 13:00,1.4112
03-11-2010 14:00,1.4503
03-11-2010 15:00,0.397333333
03-11-2010 16:00,0.2986
03-11-2010 17:00,0.3021
03-11-2010 18:00,1.4762
03-11-2010 19:00,2.490366667
03-11-2010 20:00,3.485733333
03-11-2010 21:00,3.946366667
03-11-2010 22:00,2.0787
03-11-2010 23:00,1.709366667
03-12-2010 00:00,1.3978
03-12-2010 01:00,0.3559
03-12-2010 02:00,0.301933333
03-12-2010 03:00,0.298266667
03-12-2010 04:00,0.307166667
03-12-2010 05:00,0.313033333
03-12-2010 06:00,0.373066667
03-12-2010 07:00,2.016766667
03-12-2010 08:00,2.374
03-12-2010 09:00,1.9429
03-12-2010 10:00,1.3724
03-12-2010 11:00,1.4427
03-12-2010 12:00,1.418666667
03-12-2010 13:00,1.413633333
03-12-2010 14:00,1.575733333
03-12-2010 15:00,1.289866667
03-12-2010 16:00,1.006566667
03-12-2010 17:00,0.668333333
03-12-2010 18:00,1.118733333
03-12-2010 19:00,2.923166667
03-12-2010 20:00,0.901833333
03-12-2010 21:00,0.799633333
03-12-2010 22:00,0.727633333
03-12-2010 23:00,1.084
3/13/2010 0:00,0.344766667
3/13/2010 1:00,0.310166667
3/13/2010 2:00,0.308733333
3/13/2010 3:00,0.369433333
3/13/2010 4:00,0.303366667
3/13/2010 5:00,0.312133333
3/13/2010 6:00,0.609366667
3/13/2010 7:00,2.109233333
3/13/2010 8:00,1.6128
3/13/2010 9:00,1.8924
3/13/2010 10:00,2.770066667
3/13/2010 11:00,2.0014
3/13/2010 12:00,2.324233333
3/13/2010 13:00,1.719
3/13/2010 14:00,3.040566667
3/13/2010 15:00,2.125566667
3/13/2010 16:00,0.909766667
3/13/2010 17:00,2.875266667
3/13/2010 18:00,3.8424
3/13/2010 19:00,3.420666667
3/13/2010 20:00,2.095033333
3/13/2010 21:00,1.4258
3/13/2010 22:00,1.454
3/13/2010 23:00,1.540666667
3/14/2010 0:00,1.516133333
3/14/2010 1:00,0.995066667
3/14/2010 2:00,0.329766667
3/14/2010 3:00,0.332533333
3/14/2010 4:00,0.396866667
3/14/2010 5:00,0.309933333
3/14/2010 6:00,0.305633333
3/14/2010 7:00,0.338666667
3/14/2010 8:00,0.327633333
3/14/2010 9:00,0.8662
3/14/2010 10:00,1.147633333
3/14/2010 11:00,1.025733333
3/14/2010 12:00,1.782033333
3/14/2010 13:00,1.759933333
3/14/2010 14:00,1.025166667
3/14/2010 15:00,1.040333333
3/14/2010 16:00,0.777666667
3/14/2010 17:00,1.5238
3/14/2010 18:00,1.173133333
3/14/2010 19:00,1.645133333
3/14/2010 20:00,1.506966667
3/14/2010 21:00,2.993066667
3/14/2010 22:00,1.7999
3/14/2010 23:00,1.192966667
3/15/2010 0:00,0.429666667
3/15/2010 1:00,0.3202
3/15/2010 2:00,0.562966667
3/15/2010 3:00,0.674733333
3/15/2010 4:00,0.306333333
3/15/2010 5:00,0.387833333
3/15/2010 6:00,0.648033333
3/15/2010 7:00,1.964333333
3/15/2010 8:00,1.428266667
3/15/2010 9:00,1.486266667
3/15/2010 10:00,1.520566667
3/15/2010 11:00,1.535566667
3/15/2010 12:00,1.6847
3/15/2010 13:00,1.418666667
3/15/2010 14:00,1.4522
3/15/2010 15:00,1.5035
3/15/2010 16:00,1.024733333
3/15/2010 17:00,0.4724
3/15/2010 18:00,0.488933333
3/15/2010 19:00,2.929233333
3/15/2010 20:00,2.7648
3/15/2010 21:00,2.557266667
3/15/2010 22:00,1.7437
3/15/2010 23:00,0.559266667
3/16/2010 0:00,0.312833333
3/16/2010 1:00,0.402133333
3/16/2010 2:00,0.3346
3/16/2010 3:00,0.299633333
3/16/2010 4:00,0.900633333
3/16/2010 5:00,0.338766667
3/16/2010 6:00,1.5128
3/16/2010 7:00,1.648066667
3/16/2010 8:00,2.039266667
3/16/2010 9:00,1.607066667
3/16/2010 10:00,1.428533333
3/16/2010 11:00,1.486
3/16/2010 12:00,1.3935
3/16/2010 13:00,0.603066667
3/16/2010 14:00,0.522733333
3/16/2010 15:00,0.638566667
3/16/2010 16:00,0.716233333
3/16/2010 17:00,0.719233333
3/16/2010 18:00,1.557366667
3/16/2010 19:00,1.713666667
3/16/2010 20:00,1.466133333
3/16/2010 21:00,1.6969
3/16/2010 22:00,1.926766667
3/16/2010 23:00,0.446333333
3/17/2010 0:00,0.347233333
3/17/2010 1:00,0.318833333
3/17/2010 2:00,0.4117
3/17/2010 3:00,0.380266667
3/17/2010 4:00,0.331833333
3/17/2010 5:00,0.319066667
3/17/2010 6:00,1.0988
3/17/2010 7:00,2.053033333
3/17/2010 8:00,2.006233333
3/17/2010 9:00,1.944233333
3/17/2010 10:00,1.441866667
3/17/2010 11:00,1.780533333
3/17/2010 12:00,2.943233333
3/17/2010 13:00,2.515133333
3/17/2010 14:00,1.702666667
3/17/2010 15:00,1.6951
3/17/2010 16:00,1.450066667
3/17/2010 17:00,1.270333333
3/17/2010 18:00,2.434033333
3/17/2010 19:00,1.700966667
3/17/2010 20:00,1.3442
3/17/2010 21:00,2.2485
3/17/2010 22:00,1.350533333
3/17/2010 23:00,0.3971
3/18/2010 0:00,0.3686
3/18/2010 1:00,0.388866667
3/18/2010 2:00,0.317066667
3/18/2010 3:00,0.334733333
3/18/2010 4:00,0.300166667
3/18/2010 5:00,0.635033333
3/18/2010 6:00,1.9907
3/18/2010 7:00,1.7793
3/18/2010 8:00,1.7546
3/18/2010 9:00,1.370633333
3/18/2010 10:00,1.512833333
3/18/2010 11:00,0.5765
3/18/2010 12:00,0.442266667
3/18/2010 13:00,0.410233333
3/18/2010 14:00,0.414866667
3/18/2010 15:00,0.807466667
3/18/2010 16:00,0.888733333
3/18/2010 17:00,1.252266667
3/18/2010 18:00,1.619866667
3/18/2010 19:00,2.497466667
3/18/2010 20:00,3.016966667
3/18/2010 21:00,1.9589
3/18/2010 22:00,0.8262
3/18/2010 23:00,0.580433333
3/19/2010 0:00,0.479866667
3/19/2010 1:00,0.526333333
3/19/2010 2:00,0.551366667
3/19/2010 3:00,0.734733333
3/19/2010 4:00,0.903
3/19/2010 5:00,0.511133333
3/19/2010 6:00,0.730766667
3/19/2010 7:00,1.4206
3/19/2010 8:00,1.810733333
3/19/2010 9:00,1.4098
3/19/2010 10:00,1.4702
3/19/2010 11:00,1.369766667
3/19/2010 12:00,1.440966667
3/19/2010 13:00,1.452733333
3/19/2010 14:00,1.599466667
3/19/2010 15:00,1.4221
3/19/2010 16:00,0.4469
3/19/2010 17:00,0.5118
3/19/2010 18:00,0.7758
3/19/2010 19:00,2.723866667
3/19/2010 20:00,1.881966667
3/19/2010 21:00,1.404666667
3/19/2010 22:00,1.476133333
3/19/2010 23:00,0.668366667
3/20/2010 0:00,1.132266667
3/20/2010 1:00,0.3904
3/20/2010 2:00,0.35
3/20/2010 3:00,0.539633333
3/20/2010 4:00,0.903
3/20/2010 5:00,0.511133333
3/20/2010 6:00,0.730766667
3/20/2010 7:00,1.4206
3/20/2010 8:00,1.810733333
3/20/2010 9:00,1.4098
3/20/2010 10:00,1.4702
3/20/2010 11:00,1.369766667
3/20/2010 12:00,1.440966667
3/20/2010 13:00,1.452733333
3/20/2010 14:00,1.599466667
3/20/2010 15:00,1.4221
3/20/2010 16:00,0.4469
3/20/2010 17:00,0.5118
3/20/2010 18:00,0.7758
3/20/2010 19:00,2.723866667
3/20/2010 20:00,1.881966667
3/20/2010 21:00,1.404666667
3/20/2010 22:00,1.476133333
3/20/2010 23:00,0.668366667
3/21/2010 0:00,1.132266667
3/21/2010 1:00,0.3904
3/21/2010 2:00,0.35
3/21/2010 3:00,0.539633333
3/21/2010 4:00,0.903
3/21/2010 5:00,0.511133333
3/21/2010 6:00,0.730766667
3/21/2010 7:00,1.4206
3/21/2010 8:00,1.810733333
3/21/2010 9:00,1.4098
3/21/2010 10:00,1.4702
3/21/2010 11:00,1.369766667
3/21/2010 12:00,1.440966667
3/21/2010 13:00,1.267066667
3/21/2010 14:00,1.740033333
3/21/2010 15:00,1.844333333
3/21/2010 16:00,1.361533333
3/21/2010 17:00,0.416933333
3/21/2010 18:00,0.517966667
3/21/2010 19:00,2.523766667
3/21/2010 20:00,2.4922
3/21/2010 21:00,2.499
3/21/2010 22:00,0.693
3/21/2010 23:00,0.850666667
3/22/2010 0:00,0.572333333
3/22/2010 1:00,0.313233333
3/22/2010 2:00,0.910133333
3/22/2010 3:00,0.3066
3/22/2010 4:00,0.376233333
3/22/2010 5:00,0.371966667
3/22/2010 6:00,1.419466667
3/22/2010 7:00,1.8172
3/22/2010 8:00,1.414466667
3/22/2010 9:00,1.372433333
3/22/2010 10:00,1.402666667
3/22/2010 11:00,1.368266667
3/22/2010 12:00,1.6665
3/22/2010 13:00,1.5623
3/22/2010 14:00,1.472333333
3/22/2010 15:00,1.394166667
3/22/2010 16:00,1.239733333
3/22/2010 17:00,0.3116
3/22/2010 18:00,0.765566667
3/22/2010 19:00,1.4284
3/22/2010 20:00,2.133666667
3/22/2010 21:00,1.900066667
3/22/2010 22:00,1.1565
3/22/2010 23:00,0.300666667
3/23/2010 0:00,0.336
3/23/2010 1:00,1.046066667
3/23/2010 2:00,0.3766
3/23/2010 3:00,0.372633333
3/23/2010 4:00,0.3324
3/23/2010 5:00,0.289633333
3/23/2010 6:00,0.488166667
3/23/2010 7:00,1.279533333
3/23/2010 8:00,2.216033333
3/23/2010 9:00,1.945866667
3/23/2010 10:00,1.640666667
3/23/2010 11:00,1.4788
3/23/2010 12:00,1.470833333
3/23/2010 13:00,1.383666667
3/23/2010 14:00,1.608666667
3/23/2010 15:00,2.227
3/23/2010 16:00,1.017833333
3/23/2010 17:00,0.579433333
3/23/2010 18:00,0.527266667
3/23/2010 19:00,2.4463
3/23/2010 20:00,2.495966667
3/23/2010 21:00,2.5015
3/23/2010 22:00,1.8261
3/23/2010 23:00,0.4824
3/24/2010 0:00,0.301833333
3/24/2010 1:00,0.3469
3/24/2010 2:00,0.313766667
3/24/2010 3:00,0.748033333
3/24/2010 4:00,0.670266667
3/24/2010 5:00,0.3399
3/24/2010 6:00,1.3865
3/24/2010 7:00,1.7335
3/24/2010 8:00,1.788366667
3/24/2010 9:00,1.748
3/24/2010 10:00,1.803133333
3/24/2010 11:00,3.181866667
3/24/2010 12:00,2.174366667
3/24/2010 13:00,2.583633333
3/24/2010 14:00,3.053566667
3/24/2010 15:00,1.509866667
3/24/2010 16:00,0.6813
3/24/2010 17:00,0.7332
3/24/2010 18:00,0.639
3/24/2010 19:00,1.321466667
3/24/2010 20:00,2.077533333
3/24/2010 21:00,2.395966667
3/24/2010 22:00,1.2585
3/24/2010 23:00,0.4554
3/25/2010 0:00,0.455533333
3/25/2010 1:00,0.480566667
3/25/2010 2:00,0.472033333
3/25/2010 3:00,0.5093
3/25/2010 4:00,0.458533333
3/25/2010 5:00,0.982733333
3/25/2010 6:00,1.215266667
3/25/2010 7:00,1.953233333
3/25/2010 8:00,2.008133333
3/25/2010 9:00,1.728466667
3/25/2010 10:00,1.7499
3/25/2010 11:00,1.705866667
3/25/2010 12:00,1.8108
3/25/2010 13:00,1.526866667
3/25/2010 14:00,0.4686
3/25/2010 15:00,0.338233333
3/25/2010 16:00,0.3402
3/25/2010 17:00,0.385
3/25/2010 18:00,0.799533333
3/25/2010 19:00,1.596733333
3/25/2010 20:00,2.431766667
3/25/2010 21:00,2.121633333
3/25/2010 22:00,1.593866667
3/25/2010 23:00,0.865266667
3/26/2010 0:00,0.337566667
3/26/2010 1:00,0.4082
3/26/2010 2:00,0.374033333
3/26/2010 3:00,0.3037
3/26/2010 4:00,0.3336
3/26/2010 5:00,0.294666667
3/26/2010 6:00,1.181366667
3/26/2010 7:00,2.297
3/26/2010 8:00,1.825933333
3/26/2010 9:00,1.913966667
3/26/2010 10:00,1.389366667
3/26/2010 11:00,1.2097
3/26/2010 12:00,0.770833333
3/26/2010 13:00,0.4882
3/26/2010 14:00,0.588
3/26/2010 15:00,1.051366667
3/26/2010 16:00,1.498566667
3/26/2010 17:00,1.4938
3/26/2010 18:00,0.923266667
3/26/2010 19:00,1.128066667
3/26/2010 20:00,2.1902
3/26/2010 21:00,2.8192
3/26/2010 22:00,1.5934
3/26/2010 23:00,1.1074
3/27/2010 0:00,0.501166667
3/27/2010 1:00,0.368533333
3/27/2010 2:00,0.3234
3/27/2010 3:00,0.3461
3/27/2010 4:00,0.378866667
3/27/2010 5:00,0.964066667
3/27/2010 6:00,0.457733333
3/27/2010 7:00,0.444666667
3/27/2010 8:00,0.647766667
3/27/2010 9:00,1.9255
3/27/2010 10:00,2.4765
3/27/2010 11:00,1.9903
3/27/2010 12:00,1.409833333
3/27/2010 13:00,1.4331
3/27/2010 14:00,1.3928
3/27/2010 15:00,1.357233333
3/27/2010 16:00,1.7537
3/27/2010 17:00,2.780066667
3/27/2010 18:00,3.492466667
3/27/2010 19:00,1.254633333
3/27/2010 20:00,1.060433333
3/27/2010 21:00,1.267533333
3/27/2010 22:00,1.462766667
3/27/2010 23:00,1.310333333
3/28/2010 0:00,1.024933333
3/28/2010 1:00,0.4747
3/28/2010 2:00,1.2585
3/28/2010 3:00,1.2407
3/28/2010 4:00,0.3775
3/28/2010 5:00,0.403266667
3/28/2010 6:00,0.3094
3/28/2010 7:00,0.3426
3/28/2010 8:00,0.483233333
3/28/2010 9:00,0.495266667
3/28/2010 10:00,2.0171
3/28/2010 11:00,2.130366667
3/28/2010 12:00,0.9101
3/28/2010 13:00,1.12
3/28/2010 14:00,2.519366667
3/28/2010 15:00,0.623166667
3/28/2010 16:00,0.792233333
3/28/2010 17:00,0.767633333
3/28/2010 18:00,0.893166667
3/28/2010 19:00,2.7665
3/28/2010 20:00,3.0072
3/28/2010 21:00,2.5727
3/28/2010 22:00,2.6212
3/28/2010 23:00,0.8194
3/29/2010 0:00,0.3637
3/29/2010 1:00,0.367533333
3/29/2010 2:00,0.351033333
3/29/2010 3:00,0.394966667
3/29/2010 4:00,0.473966667
3/29/2010 5:00,0.8832
3/29/2010 6:00,0.605766667
3/29/2010 7:00,2.251633333
3/29/2010 8:00,1.407466667
3/29/2010 9:00,1.4613
3/29/2010 10:00,1.4277
3/29/2010 11:00,1.478433333
3/29/2010 12:00,1.469966667
3/29/2010 13:00,1.5208
3/29/2010 14:00,1.419266667
3/29/2010 15:00,1.4636
3/29/2010 16:00,1.4545
3/29/2010 17:00,1.480833333
3/29/2010 18:00,0.893533333
3/29/2010 19:00,0.8447
3/29/2010 20:00,1.533366667
3/29/2010 21:00,2.041633333
3/29/2010 22:00,0.872933333
3/29/2010 23:00,0.5838
3/30/2010 0:00,0.4822
3/30/2010 1:00,0.445233333
3/30/2010 2:00,0.412266667
3/30/2010 3:00,0.448766667
3/30/2010 4:00,0.523866667
3/30/2010 5:00,1.208
3/30/2010 6:00,0.516866667
3/30/2010 7:00,2.576133333
3/30/2010 8:00,2.6258
3/30/2010 9:00,2.013066667
3/30/2010 10:00,1.761433333
3/30/2010 11:00,1.4778
3/30/2010 12:00,1.447433333
3/30/2010 13:00,2.249666667
3/30/2010 14:00,1.5428
3/30/2010 15:00,1.143166667
3/30/2010 16:00,0.885
3/30/2010 17:00,0.899266667
3/30/2010 18:00,0.678
3/30/2010 19:00,0.948666667
3/30/2010 20:00,1.7603
3/30/2010 21:00,2.970233333
3/30/2010 22:00,2.272766667
3/30/2010 23:00,0.4855
3/31/2010 0:00,0.4668
3/31/2010 1:00,0.324533333
3/31/2010 2:00,0.333066667
3/31/2010 3:00,0.297366667
3/31/2010 4:00,0.2953
3/31/2010 5:00,0.630033333
3/31/2010 6:00,1.0479
3/31/2010 7:00,1.844533333
3/31/2010 8:00,2.200966667
3/31/2010 9:00,2.257033333
3/31/2010 10:00,1.406
3/31/2010 11:00,1.9393
3/31/2010 12:00,2.007166667
3/31/2010 13:00,3.135033333
3/31/2010 14:00,0.491533333
3/31/2010 15:00,0.973
3/31/2010 16:00,2.060533333
3/31/2010 17:00,0.8503
3/31/2010 18:00,1.109633333
3/31/2010 19:00,1.9378
3/31/2010 20:00,2.167433333
3/31/2010 21:00,2.6199
3/31/2010 22:00,1.226066667
3/31/2010 23:00,0.442133333
04-01-2010 00:00,0.368
04-01-2010 01:00,0.374366667
04-01-2010 02:00,0.308666667
04-01-2010 03:00,0.3153
04-01-2010 04:00,0.412066667
04-01-2010 05:00,0.956
04-01-2010 06:00,0.7115
04-01-2010 07:00,1.897633333
04-01-2010 08:00,1.739433333
04-01-2010 09:00,1.410666667
04-01-2010 10:00,1.427833333
04-01-2010 11:00,1.392233333
04-01-2010 12:00,1.4118
04-01-2010 13:00,1.362233333
04-01-2010 14:00,1.1203
04-01-2010 15:00,0.3688
04-01-2010 16:00,0.437333333
04-01-2010 17:00,0.340833333
04-01-2010 18:00,0.6947
04-01-2010 19:00,1.9912
04-01-2010 20:00,2.848733333
04-01-2010 21:00,2.488166667
04-01-2010 22:00,2.331266667
04-01-2010 23:00,1.414933333
04-02-2010 00:00,0.727833333
04-02-2010 01:00,0.2971
04-02-2010 02:00,0.369366667
04-02-2010 03:00,0.351966667
04-02-2010 04:00,0.2988
04-02-2010 05:00,0.2917
04-02-2010 06:00,1.0766
04-02-2010 07:00,1.919566667
04-02-2010 08:00,1.747633333
04-02-2010 09:00,1.903033333
04-02-2010 10:00,1.5308
04-02-2010 11:00,1.490233333
04-02-2010 12:00,1.829833333
04-02-2010 13:00,0.4873
04-02-2010 14:00,0.733766667
04-02-2010 15:00,1.5366
04-02-2010 16:00,1.578333333
04-02-2010 17:00,1.514633333
04-02-2010 18:00,0.875833333
04-02-2010 19:00,1.525266667
04-02-2010 20:00,2.263066667
04-02-2010 21:00,1.546533333
04-02-2010 22:00,1.164566667
04-02-2010 23:00,0.416666667
04-03-2010 00:00,0.758766667
04-03-2010 01:00,0.569966667
04-03-2010 02:00,0.300133333
04-03-2010 03:00,0.337866667
04-03-2010 04:00,0.3004
04-03-2010 05:00,0.285933333
04-03-2010 06:00,0.655533333
04-03-2010 07:00,2.519433333
04-03-2010 08:00,1.9786
04-03-2010 09:00,1.632733333
04-03-2010 10:00,2.1151
04-03-2010 11:00,2.311466667
04-03-2010 12:00,1.721533333
04-03-2010 13:00,1.661766667
04-03-2010 14:00,1.576166667
04-03-2010 15:00,1.490033333
04-03-2010 16:00,1.556666667
04-03-2010 17:00,1.517566667
04-03-2010 18:00,1.523566667
04-03-2010 19:00,1.514933333
04-03-2010 20:00,1.590333333
04-03-2010 21:00,1.156066667
04-03-2010 22:00,0.444833333
04-03-2010 23:00,0.568566667
04-04-2010 00:00,0.555866667
04-04-2010 01:00,0.339066667
04-04-2010 02:00,0.961066667
04-04-2010 03:00,0.5775
04-04-2010 04:00,0.412333333
04-04-2010 05:00,0.293933333
04-04-2010 06:00,0.307566667
04-04-2010 07:00,0.5575
04-04-2010 08:00,0.563266667
04-04-2010 09:00,1.3287
04-04-2010 10:00,1.626466667
04-04-2010 11:00,1.028833333
04-04-2010 12:00,2.0579
04-04-2010 13:00,1.551733333
04-04-2010 14:00,1.494933333
04-04-2010 15:00,2.7866
04-04-2010 16:00,2.345166667
04-04-2010 17:00,2.762133333
04-04-2010 18:00,2.0107
04-04-2010 19:00,2.0158
04-04-2010 20:00,1.156566667
04-04-2010 21:00,0.429066667
04-04-2010 22:00,0.506066667
04-04-2010 23:00,0.504366667
04-05-2010 00:00,0.362366667
04-05-2010 01:00,0.288866667
04-05-2010 02:00,0.447333333
04-05-2010 03:00,0.831333333
04-05-2010 04:00,0.3
04-05-2010 05:00,0.3066
04-05-2010 06:00,0.357533333
04-05-2010 07:00,0.8574
04-05-2010 08:00,0.417533333
04-05-2010 09:00,1.123866667
04-05-2010 10:00,2.7682
04-05-2010 11:00,1.323366667
04-05-2010 12:00,0.851
04-05-2010 13:00,0.348833333
04-05-2010 14:00,0.2985
04-05-2010 15:00,0.5606
04-05-2010 16:00,0.5683
04-05-2010 17:00,0.444666667
04-05-2010 18:00,1.384066667
04-05-2010 19:00,0.650166667
04-05-2010 20:00,1.2092
04-05-2010 21:00,2.0313
04-05-2010 22:00,0.6023
04-05-2010 23:00,0.313666667
04-06-2010 00:00,0.315233333
04-06-2010 01:00,0.390033333
04-06-2010 02:00,0.353533333
04-06-2010 03:00,0.296533333
04-06-2010 04:00,0.3238
04-06-2010 05:00,0.958266667
04-06-2010 06:00,0.498766667
04-06-2010 07:00,0.935
04-06-2010 08:00,1.728
04-06-2010 09:00,1.8342
04-06-2010 10:00,2.051766667
04-06-2010 11:00,1.922133333
04-06-2010 12:00,1.5462
04-06-2010 13:00,1.570433333
04-06-2010 14:00,1.994266667
04-06-2010 15:00,1.9803
04-06-2010 16:00,0.777033333
04-06-2010 17:00,0.737966667
04-06-2010 18:00,0.7173
04-06-2010 19:00,0.8582
04-06-2010 20:00,3.1991
04-06-2010 21:00,2.512866667
04-06-2010 22:00,2.0876
04-06-2010 23:00,0.842333333
04-07-2010 00:00,0.344433333
04-07-2010 01:00,0.364666667
04-07-2010 02:00,0.934533333
04-07-2010 03:00,0.478666667
04-07-2010 04:00,0.398933333
04-07-2010 05:00,0.429733333
04-07-2010 06:00,0.996433333
04-07-2010 07:00,2.464066667
04-07-2010 08:00,1.4139
04-07-2010 09:00,1.365366667
04-07-2010 10:00,1.4228
04-07-2010 11:00,1.933333333
04-07-2010 12:00,1.600733333
04-07-2010 13:00,1.6148
04-07-2010 14:00,2.012733333
04-07-2010 15:00,0.638766667
04-07-2010 16:00,0.430766667
04-07-2010 17:00,0.3765
04-07-2010 18:00,0.436333333
04-07-2010 19:00,0.7996
04-07-2010 20:00,2.7103
04-07-2010 21:00,1.761033333
04-07-2010 22:00,1.327966667
04-07-2010 23:00,0.359966667
04-08-2010 00:00,0.401333333
04-08-2010 01:00,0.967966667
04-08-2010 02:00,0.517733333
04-08-2010 03:00,0.344266667
04-08-2010 04:00,0.305633333
04-08-2010 05:00,0.363133333
04-08-2010 06:00,0.680033333
04-08-2010 07:00,2.0141
04-08-2010 08:00,1.864866667
04-08-2010 09:00,1.458733333
04-08-2010 10:00,1.452766667
04-08-2010 11:00,1.448433333
04-08-2010 12:00,1.570066667
04-08-2010 13:00,1.5657
04-08-2010 14:00,1.231866667
04-08-2010 15:00,0.403766667
04-08-2010 16:00,0.356833333
04-08-2010 17:00,0.558066667
04-08-2010 18:00,0.849466667
04-08-2010 19:00,1.5706
04-08-2010 20:00,2.654266667
04-08-2010 21:00,2.519433333
04-08-2010 22:00,1.9635
04-08-2010 23:00,0.424433333
04-09-2010 00:00,0.315433333
04-09-2010 01:00,0.331466667
04-09-2010 02:00,0.285366667
04-09-2010 03:00,0.3654
04-09-2010 04:00,0.355966667
04-09-2010 05:00,0.3725
04-09-2010 06:00,0.864333333
04-09-2010 07:00,2.019533333
04-09-2010 08:00,2.094133333
04-09-2010 09:00,1.929833333
04-09-2010 10:00,1.444166667
04-09-2010 11:00,1.4657
04-09-2010 12:00,1.205966667
04-09-2010 13:00,0.336533333
04-09-2010 14:00,0.4758
04-09-2010 15:00,0.438833333
04-09-2010 16:00,1.399066667
04-09-2010 17:00,1.293766667
04-09-2010 18:00,0.456433333
04-09-2010 19:00,0.530133333
04-09-2010 20:00,0.4002
04-09-2010 21:00,0.5482
04-09-2010 22:00,1.173966667
04-09-2010 23:00,0.4531
04-10-2010 00:00,0.4239
04-10-2010 01:00,0.322633333
04-10-2010 02:00,0.336733333
04-10-2010 03:00,0.290366667
04-10-2010 04:00,0.352033333
04-10-2010 05:00,0.826433333
04-10-2010 06:00,0.795933333
04-10-2010 07:00,2.013666667
04-10-2010 08:00,1.476133333
04-10-2010 09:00,1.3856
04-10-2010 10:00,1.590333333
04-10-2010 11:00,0.523466667
04-10-2010 12:00,0.5199
04-10-2010 13:00,0.399866667
04-10-2010 14:00,0.296766667
04-10-2010 15:00,0.3648
04-10-2010 16:00,0.515333333
04-10-2010 17:00,1.342566667
04-10-2010 18:00,2.154233333
04-10-2010 19:00,1.352966667
04-10-2010 20:00,0.7757
04-10-2010 21:00,0.356133333
04-10-2010 22:00,0.843066667
04-10-2010 23:00,0.578233333
04-11-2010 00:00,1.3165
04-11-2010 01:00,0.327466667
04-11-2010 02:00,0.319366667
04-11-2010 03:00,0.324233333
04-11-2010 04:00,0.293966667
04-11-2010 05:00,0.3772
04-11-2010 06:00,0.3535
04-11-2010 07:00,0.398133333
04-11-2010 08:00,0.652
04-11-2010 09:00,2.0326
04-11-2010 10:00,1.159266667
04-11-2010 11:00,1.285866667
04-11-2010 12:00,1.6204
04-11-2010 13:00,1.518533333
04-11-2010 14:00,0.395233333
04-11-2010 15:00,0.3291
04-11-2010 16:00,0.538266667
04-11-2010 17:00,0.425466667
04-11-2010 18:00,1.771266667
04-11-2010 19:00,1.673966667
04-11-2010 20:00,3.816133333
04-11-2010 21:00,3.883133333
04-11-2010 22:00,1.566566667
04-11-2010 23:00,0.344066667
04-12-2010 00:00,0.389666667
04-12-2010 01:00,0.361633333
04-12-2010 02:00,0.374766667
04-12-2010 03:00,0.7748
04-12-2010 04:00,0.386366667
04-12-2010 05:00,0.3044
04-12-2010 06:00,0.810566667
04-12-2010 07:00,1.997
04-12-2010 08:00,1.4841
04-12-2010 09:00,1.405066667
04-12-2010 10:00,1.4629
04-12-2010 11:00,1.7349
04-12-2010 12:00,1.733966667
04-12-2010 13:00,1.468433333
04-12-2010 14:00,1.340133333
04-12-2010 15:00,0.3314
04-12-2010 16:00,0.293666667
04-12-2010 17:00,0.550033333
04-12-2010 18:00,0.7302
04-12-2010 19:00,1.427933333
04-12-2010 20:00,2.2655
04-12-2010 21:00,1.3589
04-12-2010 22:00,0.6724
04-12-2010 23:00,0.3317
4/13/2010 0:00,0.999766667
4/13/2010 1:00,0.307166667
4/13/2010 2:00,0.401233333
4/13/2010 3:00,0.348866667
4/13/2010 4:00,0.317666667
4/13/2010 5:00,0.2788
4/13/2010 6:00,1.005066667
4/13/2010 7:00,2.116
4/13/2010 8:00,2.084266667
4/13/2010 9:00,1.488666667
4/13/2010 10:00,1.547766667
4/13/2010 11:00,1.781766667
4/13/2010 12:00,1.449633333
4/13/2010 13:00,1.5696
4/13/2010 14:00,0.8866
4/13/2010 15:00,0.425366667
4/13/2010 16:00,1.0045
4/13/2010 17:00,0.954033333
4/13/2010 18:00,0.603033333
4/13/2010 19:00,1.5782
4/13/2010 20:00,1.336466667
4/13/2010 21:00,1.704366667
4/13/2010 22:00,0.678133333
4/13/2010 23:00,0.344766667
4/14/2010 0:00,0.359266667
4/14/2010 1:00,0.329833333
4/14/2010 2:00,0.292433333
4/14/2010 3:00,0.369533333
4/14/2010 4:00,0.386566667
4/14/2010 5:00,1.001666667
4/14/2010 6:00,0.894666667
4/14/2010 7:00,2.4942
4/14/2010 8:00,1.433133333
4/14/2010 9:00,1.466566667
4/14/2010 10:00,1.549866667
4/14/2010 11:00,2.185
4/14/2010 12:00,0.444066667
4/14/2010 13:00,2.3073
4/14/2010 14:00,2.362966667
4/14/2010 15:00,1.504033333
4/14/2010 16:00,0.408566667
4/14/2010 17:00,0.3639
4/14/2010 18:00,0.376466667
4/14/2010 19:00,1.130933333
4/14/2010 20:00,2.422433333
4/14/2010 21:00,1.7586
4/14/2010 22:00,1.4196
4/14/2010 23:00,0.411133333
4/15/2010 0:00,0.3946
4/15/2010 1:00,0.3522
4/15/2010 2:00,0.8861
4/15/2010 3:00,0.423466667
4/15/2010 4:00,0.298766667
4/15/2010 5:00,0.362733333
4/15/2010 6:00,1.006966667
4/15/2010 7:00,1.9865
4/15/2010 8:00,1.8532
4/15/2010 9:00,1.382033333
4/15/2010 10:00,1.378
4/15/2010 11:00,1.364366667
4/15/2010 12:00,1.5094
4/15/2010 13:00,1.7104
4/15/2010 14:00,1.680166667
4/15/2010 15:00,1.426766667
4/15/2010 16:00,1.285766667
4/15/2010 17:00,0.9111
4/15/2010 18:00,1.134633333
4/15/2010 19:00,1.771833333
4/15/2010 20:00,2.085766667
4/15/2010 21:00,3.028166667
4/15/2010 22:00,2.2938
4/15/2010 23:00,0.676233333
4/16/2010 0:00,0.393333333
4/16/2010 1:00,0.372633333
4/16/2010 2:00,0.392866667
4/16/2010 3:00,0.424666667
4/16/2010 4:00,0.311166667
4/16/2010 5:00,0.356066667
4/16/2010 6:00,1.2841
4/16/2010 7:00,2.072633333
4/16/2010 8:00,1.8254
4/16/2010 9:00,2.351166667
4/16/2010 10:00,1.184
4/16/2010 11:00,0.398066667
4/16/2010 12:00,2.085966667
4/16/2010 13:00,1.459766667
4/16/2010 14:00,0.81
4/16/2010 15:00,1.093933333
4/16/2010 16:00,1.555633333
4/16/2010 17:00,1.4293
4/16/2010 18:00,1.590866667
4/16/2010 19:00,2.077066667
4/16/2010 20:00,0.691933333
4/16/2010 21:00,0.9129
4/16/2010 22:00,0.3702
4/16/2010 23:00,0.5907
4/17/2010 0:00,0.391366667
4/17/2010 1:00,0.3883
4/17/2010 2:00,0.870766667
4/17/2010 3:00,0.530866667
4/17/2010 4:00,0.352966667
4/17/2010 5:00,0.301066667
4/17/2010 6:00,0.646966667
4/17/2010 7:00,2.041133333
4/17/2010 8:00,1.739433333
4/17/2010 9:00,1.8058
4/17/2010 10:00,3.585466667
4/17/2010 11:00,1.221666667
4/17/2010 12:00,1.2541
4/17/2010 13:00,0.600533333
4/17/2010 14:00,1.607066667
4/17/2010 15:00,1.6395
4/17/2010 16:00,1.5345
4/17/2010 17:00,1.4811
4/17/2010 18:00,1.4724
4/17/2010 19:00,0.746133333
4/17/2010 20:00,0.370733333
4/17/2010 21:00,0.3261
4/17/2010 22:00,0.3832
4/17/2010 23:00,0.6707
4/18/2010 0:00,0.680333333
4/18/2010 1:00,0.328033333
4/18/2010 2:00,0.770266667
4/18/2010 3:00,0.8058
4/18/2010 4:00,0.364933333
4/18/2010 5:00,0.415333333
4/18/2010 6:00,0.318266667
4/18/2010 7:00,0.513366667
4/18/2010 8:00,0.401933333
4/18/2010 9:00,0.408733333
4/18/2010 10:00,2.000766667
4/18/2010 11:00,1.9001
4/18/2010 12:00,2.280633333
4/18/2010 13:00,1.4932
4/18/2010 14:00,1.414466667
4/18/2010 15:00,1.1437
4/18/2010 16:00,0.406033333
4/18/2010 17:00,0.394766667
4/18/2010 18:00,1.247633333
4/18/2010 19:00,1.6654
4/18/2010 20:00,1.822566667
4/18/2010 21:00,2.1953
4/18/2010 22:00,1.1288
4/18/2010 23:00,0.5014
4/19/2010 0:00,0.3788
4/19/2010 1:00,0.361633333
4/19/2010 2:00,0.441266667
4/19/2010 3:00,0.3892
4/19/2010 4:00,0.354433333
4/19/2010 5:00,0.319266667
4/19/2010 6:00,1.065066667
4/19/2010 7:00,0.580033333
4/19/2010 8:00,0.374633333
4/19/2010 9:00,1.0736
4/19/2010 10:00,2.2938
4/19/2010 11:00,1.798266667
4/19/2010 12:00,1.699733333
4/19/2010 13:00,1.5137
4/19/2010 14:00,1.414533333
4/19/2010 15:00,1.450966667
4/19/2010 16:00,1.473666667
4/19/2010 17:00,2.682733333
4/19/2010 18:00,2.148533333
4/19/2010 19:00,2.193466667
4/19/2010 20:00,1.841633333
4/19/2010 21:00,1.6705
4/19/2010 22:00,0.612933333
4/19/2010 23:00,0.344166667
4/20/2010 0:00,1.068266667
4/20/2010 1:00,0.428866667
4/20/2010 2:00,0.4137
4/20/2010 3:00,0.351033333
4/20/2010 4:00,0.3545
4/20/2010 5:00,0.301266667
4/20/2010 6:00,0.444433333
4/20/2010 7:00,1.7821
4/20/2010 8:00,1.5909
4/20/2010 9:00,1.886133333
4/20/2010 10:00,1.864466667
4/20/2010 11:00,1.584766667
4/20/2010 12:00,1.575466667
4/20/2010 13:00,1.659866667
4/20/2010 14:00,1.485733333
4/20/2010 15:00,1.451133333
4/20/2010 16:00,1.528033333
4/20/2010 17:00,1.562533333
4/20/2010 18:00,1.255633333
4/20/2010 19:00,1.406
4/20/2010 20:00,2.4154
4/20/2010 21:00,2.270566667
4/20/2010 22:00,1.423533333
4/20/2010 23:00,0.456133333
4/21/2010 0:00,0.950833333
4/21/2010 1:00,0.745833333
4/21/2010 2:00,0.359466667
4/21/2010 3:00,0.3177
4/21/2010 4:00,0.417333333
4/21/2010 5:00,0.420066667
4/21/2010 6:00,0.472766667
4/21/2010 7:00,1.123333333
4/21/2010 8:00,1.497733333
4/21/2010 9:00,1.251433333
4/21/2010 10:00,1.787033333
4/21/2010 11:00,1.7057
4/21/2010 12:00,1.461633333
4/21/2010 13:00,1.452066667
4/21/2010 14:00,1.5218
4/21/2010 15:00,0.9395
4/21/2010 16:00,0.457833333
4/21/2010 17:00,1.276733333
4/21/2010 18:00,1.314566667
4/21/2010 19:00,0.589333333
4/21/2010 20:00,1.2491
4/21/2010 21:00,1.681466667
4/21/2010 22:00,1.515333333
4/21/2010 23:00,1.8233
4/22/2010 0:00,0.6506
4/22/2010 1:00,0.3698
4/22/2010 2:00,0.4421
4/22/2010 3:00,0.416966667
4/22/2010 4:00,0.928433333
4/22/2010 5:00,0.411666667
4/22/2010 6:00,0.3484
4/22/2010 7:00,0.4622
4/22/2010 8:00,0.883066667
4/22/2010 9:00,1.710966667
4/22/2010 10:00,1.8938
4/22/2010 11:00,2.047933333
4/22/2010 12:00,2.2073
4/22/2010 13:00,1.9411
4/22/2010 14:00,1.578233333
4/22/2010 15:00,1.415133333
4/22/2010 16:00,1.465
4/22/2010 17:00,1.030033333
4/22/2010 18:00,0.488533333
4/22/2010 19:00,0.5151
4/22/2010 20:00,0.874633333
4/22/2010 21:00,1.4799
4/22/2010 22:00,0.369033333
4/22/2010 23:00,0.418466667
4/23/2010 0:00,0.3996
4/23/2010 1:00,0.309233333
4/23/2010 2:00,0.3478
4/23/2010 3:00,0.345166667
4/23/2010 4:00,0.369
4/23/2010 5:00,0.3976
4/23/2010 6:00,1.367333333
4/23/2010 7:00,0.875733333
4/23/2010 8:00,1.722433333
4/23/2010 9:00,1.531166667
4/23/2010 10:00,1.5628
4/23/2010 11:00,1.434333333
4/23/2010 12:00,1.443166667
4/23/2010 13:00,1.4595
4/23/2010 14:00,1.559866667
4/23/2010 15:00,0.748333333
4/23/2010 16:00,0.4193
4/23/2010 17:00,0.406433333
4/23/2010 18:00,0.351166667
4/23/2010 19:00,0.8642
4/23/2010 20:00,0.6341
4/23/2010 21:00,0.4116
4/23/2010 22:00,0.363933333
4/23/2010 23:00,0.3518
4/24/2010 0:00,0.302533333
4/24/2010 1:00,0.392633333
4/24/2010 2:00,0.434566667
4/24/2010 3:00,0.3771
4/24/2010 4:00,0.3519
4/24/2010 5:00,1.091033333
4/24/2010 6:00,0.379466667
4/24/2010 7:00,0.412966667
4/24/2010 8:00,0.344766667
4/24/2010 9:00,0.354333333
4/24/2010 10:00,0.3441
4/24/2010 11:00,0.354766667
4/24/2010 12:00,0.529633333
4/24/2010 13:00,0.6028
4/24/2010 14:00,0.543
4/24/2010 15:00,1.242133333
4/24/2010 16:00,0.6988
4/24/2010 17:00,1.680833333
4/24/2010 18:00,2.4453
4/24/2010 19:00,2.478066667
4/24/2010 20:00,2.0275
4/24/2010 21:00,3.143333333
4/24/2010 22:00,3.0312
4/24/2010 23:00,1.7442
4/25/2010 0:00,1.636633333
4/25/2010 1:00,2.761133333
4/25/2010 2:00,1.933533333
4/25/2010 3:00,1.650733333
4/25/2010 4:00,1.866
4/25/2010 5:00,1.773366667
4/25/2010 6:00,0.426266667
4/25/2010 7:00,0.416633333
4/25/2010 8:00,0.421066667
4/25/2010 9:00,0.420033333
4/25/2010 10:00,1.905666667
4/25/2010 11:00,1.823933333
4/25/2010 12:00,1.983966667
4/25/2010 13:00,1.914133333
4/25/2010 14:00,0.7066
4/25/2010 15:00,0.428533333
4/25/2010 16:00,0.443933333
4/25/2010 17:00,0.3283
4/25/2010 18:00,0.382766667
4/25/2010 19:00,0.435366667
4/25/2010 20:00,0.368333333
4/25/2010 21:00,0.367833333
4/25/2010 22:00,0.921433333
4/25/2010 23:00,0.396166667
4/26/2010 0:00,0.4195
4/26/2010 1:00,0.3576
4/26/2010 2:00,0.3525
4/26/2010 3:00,0.361466667
4/26/2010 4:00,0.398933333
4/26/2010 5:00,0.3567
4/26/2010 6:00,0.355833333
4/26/2010 7:00,0.358333333
4/26/2010 8:00,1.172233333
4/26/2010 9:00,0.575566667
4/26/2010 10:00,0.399
4/26/2010 11:00,0.515766667
4/26/2010 12:00,0.414666667
4/26/2010 13:00,0.590566667
4/26/2010 14:00,0.424766667
4/26/2010 15:00,1.711366667
4/26/2010 16:00,0.9776
4/26/2010 17:00,0.376
4/26/2010 18:00,0.485133333
4/26/2010 19:00,1.483033333
4/26/2010 20:00,1.4643
4/26/2010 21:00,1.425766667
4/26/2010 22:00,2.184333333
4/26/2010 23:00,0.8843
4/27/2010 0:00,0.905666667
4/27/2010 1:00,0.844933333
4/27/2010 2:00,0.837266667
4/27/2010 3:00,0.784933333
4/27/2010 4:00,0.884433333
4/27/2010 5:00,0.8395
4/27/2010 6:00,0.829666667
4/27/2010 7:00,0.805
4/27/2010 8:00,2.263166667
4/27/2010 9:00,1.505666667
4/27/2010 10:00,1.4813
4/27/2010 11:00,1.448866667
4/27/2010 12:00,1.530833333
4/27/2010 13:00,1.018033333
4/27/2010 14:00,0.5066
4/27/2010 15:00,0.445233333
4/27/2010 16:00,0.4316
4/27/2010 17:00,0.338166667
4/27/2010 18:00,0.413533333
4/27/2010 19:00,0.3387
4/27/2010 20:00,0.4153
4/27/2010 21:00,0.3497
4/27/2010 22:00,0.443133333
4/27/2010 23:00,1.187766667
4/28/2010 0:00,0.415833333
4/28/2010 1:00,0.337666667
4/28/2010 2:00,0.351
4/28/2010 3:00,0.322766667
4/28/2010 4:00,0.404066667
4/28/2010 5:00,0.3438
4/28/2010 6:00,0.352933333
4/28/2010 7:00,0.369833333
4/28/2010 8:00,0.381
4/28/2010 9:00,0.745433333
4/28/2010 10:00,1.4462
4/28/2010 11:00,1.011033333
4/28/2010 12:00,0.460666667
4/28/2010 13:00,0.324866667
4/28/2010 14:00,0.388233333
4/28/2010 15:00,0.386733333
4/28/2010 16:00,0.440233333
4/28/2010 17:00,0.379433333
4/28/2010 18:00,0.474466667
4/28/2010 19:00,1.349033333
4/28/2010 20:00,1.829466667
4/28/2010 21:00,1.0706
4/28/2010 22:00,0.3947
4/28/2010 23:00,0.4843
4/29/2010 0:00,1.5426
4/29/2010 1:00,0.793366667
4/29/2010 2:00,0.703566667
4/29/2010 3:00,0.701633333
4/29/2010 4:00,0.724933333
4/29/2010 5:00,0.606266667
4/29/2010 6:00,0.7924
4/29/2010 7:00,1.445233333
4/29/2010 8:00,1.614833333
4/29/2010 9:00,1.8318
4/29/2010 10:00,1.2689
4/29/2010 11:00,0.353633333
4/29/2010 12:00,0.3387
4/29/2010 13:00,0.3834
4/29/2010 14:00,0.4287
4/29/2010 15:00,0.374933333
4/29/2010 16:00,0.350066667
4/29/2010 17:00,0.5626
4/29/2010 18:00,0.804266667
4/29/2010 19:00,1.268333333
4/29/2010 20:00,0.378533333
4/29/2010 21:00,0.347233333
4/29/2010 22:00,0.3579
4/29/2010 23:00,0.421566667
4/30/2010 0:00,0.415566667
4/30/2010 1:00,0.3475
4/30/2010 2:00,0.364466667
4/30/2010 3:00,0.35
4/30/2010 4:00,1.040366667
4/30/2010 5:00,0.529266667
4/30/2010 6:00,0.344833333
4/30/2010 7:00,0.330433333
4/30/2010 8:00,0.3597
4/30/2010 9:00,0.938866667
4/30/2010 10:00,1.261433333
4/30/2010 11:00,0.615766667
4/30/2010 12:00,1.9986
4/30/2010 13:00,0.977
4/30/2010 14:00,1.485333333
4/30/2010 15:00,0.860533333
4/30/2010 16:00,0.9906
4/30/2010 17:00,2.843633333
4/30/2010 18:00,0.709833333
4/30/2010 19:00,0.363633333
4/30/2010 20:00,0.350533333
4/30/2010 21:00,0.351333333
4/30/2010 22:00,0.430466667
4/30/2010 23:00,0.3841
05-01-2010 00:00,0.3496
05-01-2010 01:00,0.4738
05-01-2010 02:00,0.7753
05-01-2010 03:00,0.388933333
05-01-2010 04:00,0.350833333
05-01-2010 05:00,0.3363
05-01-2010 06:00,0.373166667
05-01-2010 07:00,0.415733333
05-01-2010 08:00,0.311333333
05-01-2010 09:00,0.3417
05-01-2010 10:00,1.2088
05-01-2010 11:00,2.6106
05-01-2010 12:00,1.578133333
05-01-2010 13:00,0.5086
05-01-2010 14:00,2.5501
05-01-2010 15:00,1.169233333
05-01-2010 16:00,0.504433333
05-01-2010 17:00,0.4151
05-01-2010 18:00,0.3371
05-01-2010 19:00,0.524033333
05-01-2010 20:00,0.886233333
05-01-2010 21:00,1.569366667
05-01-2010 22:00,2.591233333
05-01-2010 23:00,1.432966667
05-02-2010 00:00,0.358566667
05-02-2010 01:00,0.356533333
05-02-2010 02:00,0.390833333
05-02-2010 03:00,0.3836
05-02-2010 04:00,0.364033333
05-02-2010 05:00,0.362266667
05-02-2010 06:00,0.350033333
05-02-2010 07:00,1.518233333
05-02-2010 08:00,1.540966667
05-02-2010 09:00,1.636
05-02-2010 10:00,0.833533333
05-02-2010 11:00,1.614166667
05-02-2010 12:00,3.563066667
05-02-2010 13:00,3.525233333
05-02-2010 14:00,1.914633333
05-02-2010 15:00,2.280533333
05-02-2010 16:00,1.789833333
05-02-2010 17:00,1.799133333
05-02-2010 18:00,1.793466667
05-02-2010 19:00,3.7739
05-02-2010 20:00,2.5308
05-02-2010 21:00,2.776
05-02-2010 22:00,0.617933333
05-02-2010 23:00,0.391866667
05-03-2010 00:00,0.412233333
05-03-2010 01:00,0.374966667
05-03-2010 02:00,0.3439
05-03-2010 03:00,0.340633333
05-03-2010 04:00,1.099933333
05-03-2010 05:00,0.3263
05-03-2010 06:00,0.771433333
05-03-2010 07:00,2.0927
05-03-2010 08:00,1.4167
05-03-2010 09:00,1.382033333
05-03-2010 10:00,1.371166667
05-03-2010 11:00,1.322633333
05-03-2010 12:00,0.982766667
05-03-2010 13:00,0.3752
05-03-2010 14:00,0.341766667
05-03-2010 15:00,0.3299
05-03-2010 16:00,0.352933333
05-03-2010 17:00,0.37
05-03-2010 18:00,0.5389
05-03-2010 19:00,2.156833333
05-03-2010 20:00,2.644466667
05-03-2010 21:00,2.3928
05-03-2010 22:00,1.4212
05-03-2010 23:00,0.3603
05-04-2010 00:00,0.3779
05-04-2010 01:00,0.333533333
05-04-2010 02:00,0.3046
05-04-2010 03:00,0.379266667
05-04-2010 04:00,0.339333333
05-04-2010 05:00,0.292933333
05-04-2010 06:00,0.896766667
05-04-2010 07:00,1.1859
05-04-2010 08:00,1.922233333
05-04-2010 09:00,1.937466667
05-04-2010 10:00,1.892533333
05-04-2010 11:00,1.446833333
05-04-2010 12:00,1.3913
05-04-2010 13:00,1.323633333
05-04-2010 14:00,1.3724
05-04-2010 15:00,1.388966667
05-04-2010 16:00,0.754333333
05-04-2010 17:00,0.5214
05-04-2010 18:00,0.7041
05-04-2010 19:00,1.391966667
05-04-2010 20:00,1.978633333
05-04-2010 21:00,1.403066667
05-04-2010 22:00,1.182866667
05-04-2010 23:00,0.5607
05-05-2010 00:00,0.361333333
05-05-2010 01:00,0.298633333
05-05-2010 02:00,0.378633333
05-05-2010 03:00,0.843766667
05-05-2010 04:00,0.57
05-05-2010 05:00,0.292033333
05-05-2010 06:00,0.611366667
05-05-2010 07:00,1.519533333
05-05-2010 08:00,1.241633333
05-05-2010 09:00,2.3683
05-05-2010 10:00,2.189966667
05-05-2010 11:00,1.518966667
05-05-2010 12:00,1.479866667
05-05-2010 13:00,1.456766667
05-05-2010 14:00,2.427533333
05-05-2010 15:00,1.9371
05-05-2010 16:00,0.454466667
05-05-2010 17:00,0.584533333
05-05-2010 18:00,0.768566667
05-05-2010 19:00,1.329833333
05-05-2010 20:00,1.882633333
05-05-2010 21:00,3.1247
05-05-2010 22:00,1.803166667
05-05-2010 23:00,0.645133333
05-06-2010 00:00,0.3465
05-06-2010 01:00,0.389666667
05-06-2010 02:00,0.3371
05-06-2010 03:00,0.6175
05-06-2010 04:00,0.7809
05-06-2010 05:00,0.323266667
05-06-2010 06:00,0.5272
05-06-2010 07:00,1.224933333
05-06-2010 08:00,1.726233333
05-06-2010 09:00,1.393066667
05-06-2010 10:00,1.316466667
05-06-2010 11:00,1.431966667
05-06-2010 12:00,1.498933333
05-06-2010 13:00,1.248166667
05-06-2010 14:00,0.455466667
05-06-2010 15:00,0.5316
05-06-2010 16:00,0.347166667
05-06-2010 17:00,0.4518
05-06-2010 18:00,1.2337
05-06-2010 19:00,1.817866667
05-06-2010 20:00,1.406066667
05-06-2010 21:00,0.924933333
05-06-2010 22:00,0.878666667
05-06-2010 23:00,0.445
05-07-2010 00:00,0.3311
05-07-2010 01:00,0.326666667
05-07-2010 02:00,0.3429
05-07-2010 03:00,0.360466667
05-07-2010 04:00,1.0356
05-07-2010 05:00,0.361733333
05-07-2010 06:00,1.225066667
05-07-2010 07:00,2.043266667
05-07-2010 08:00,1.717666667
05-07-2010 09:00,1.863
05-07-2010 10:00,1.321766667
05-07-2010 11:00,1.378633333
05-07-2010 12:00,1.629833333
05-07-2010 13:00,0.673333333
05-07-2010 14:00,0.6678
05-07-2010 15:00,1.344866667
05-07-2010 16:00,0.909366667
05-07-2010 17:00,0.369633333
05-07-2010 18:00,0.5626
05-07-2010 19:00,1.475533333
05-07-2010 20:00,2.290966667
05-07-2010 21:00,2.299966667
05-07-2010 22:00,1.558233333
05-07-2010 23:00,1.310066667
05-08-2010 00:00,1.030933333
05-08-2010 01:00,2.135833333
05-08-2010 02:00,1.2079
05-08-2010 03:00,0.9025
05-08-2010 04:00,0.3192
05-08-2010 05:00,0.390766667
05-08-2010 06:00,0.333666667
05-08-2010 07:00,0.3592
05-08-2010 08:00,0.501333333
05-08-2010 09:00,2.422233333
05-08-2010 10:00,2.693766667
05-08-2010 11:00,2.1389
05-08-2010 12:00,1.4613
05-08-2010 13:00,1.443266667
05-08-2010 14:00,1.4543
05-08-2010 15:00,0.608233333
05-08-2010 16:00,0.353733333
05-08-2010 17:00,0.355066667
05-08-2010 18:00,0.3776
05-08-2010 19:00,0.326366667
05-08-2010 20:00,0.4219
05-08-2010 21:00,3.273033333
05-08-2010 22:00,0.5933
05-08-2010 23:00,0.4527
05-09-2010 00:00,0.418433333
05-09-2010 01:00,0.504333333
05-09-2010 02:00,0.405133333
05-09-2010 03:00,0.4043
05-09-2010 04:00,0.3339
05-09-2010 05:00,0.341366667
05-09-2010 06:00,0.911866667
05-09-2010 07:00,0.5787
05-09-2010 08:00,0.4759
05-09-2010 09:00,0.720633333
05-09-2010 10:00,2.589
05-09-2010 11:00,2.080066667
05-09-2010 12:00,1.5217
05-09-2010 13:00,1.5006
05-09-2010 14:00,1.673033333
05-09-2010 15:00,0.9791
05-09-2010 16:00,0.559666667
05-09-2010 17:00,1.0072
05-09-2010 18:00,0.924366667
05-09-2010 19:00,1.8075
05-09-2010 20:00,2.4892
05-09-2010 21:00,2.359266667
05-09-2010 22:00,1.115233333
05-09-2010 23:00,0.408
05-10-2010 00:00,0.4233
05-10-2010 01:00,0.349866667
05-10-2010 02:00,0.410433333
05-10-2010 03:00,0.3747
05-10-2010 04:00,0.359
05-10-2010 05:00,0.8362
05-10-2010 06:00,0.633
05-10-2010 07:00,1.866666667
05-10-2010 08:00,1.474066667
05-10-2010 09:00,1.3697
05-10-2010 10:00,1.4806
05-10-2010 11:00,1.4476
05-10-2010 12:00,1.158133333
05-10-2010 13:00,0.396833333
05-10-2010 14:00,0.642166667
05-10-2010 15:00,0.4062
05-10-2010 16:00,0.427033333
05-10-2010 17:00,0.419733333
05-10-2010 18:00,0.431066667
05-10-2010 19:00,1.1695
05-10-2010 20:00,2.410666667
05-10-2010 21:00,2.9157
05-10-2010 22:00,1.6507
05-10-2010 23:00,1.412
05-11-2010 00:00,1.478766667
05-11-2010 01:00,1.447633333
05-11-2010 02:00,1.457666667
05-11-2010 03:00,0.3954
05-11-2010 04:00,0.407033333
05-11-2010 05:00,0.3084
05-11-2010 06:00,0.729933333
05-11-2010 07:00,2.1199
05-11-2010 08:00,2.2432
05-11-2010 09:00,1.596366667
05-11-2010 10:00,1.6475
05-11-2010 11:00,1.604066667
05-11-2010 12:00,1.2644
05-11-2010 13:00,1.0311
05-11-2010 14:00,0.469133333
05-11-2010 15:00,0.4855
05-11-2010 16:00,0.760166667
05-11-2010 17:00,0.8795
05-11-2010 18:00,1.137633333
05-11-2010 19:00,2.062433333
05-11-2010 20:00,1.088066667
05-11-2010 21:00,0.555866667
05-11-2010 22:00,0.4442
05-11-2010 23:00,0.5756
05-12-2010 00:00,0.3264
05-12-2010 01:00,0.986166667
05-12-2010 02:00,0.501466667
05-12-2010 03:00,0.3509
05-12-2010 04:00,0.3149
05-12-2010 05:00,0.319766667
05-12-2010 06:00,0.944966667
05-12-2010 07:00,2.461333333
05-12-2010 08:00,2.1047
05-12-2010 09:00,1.6658
05-12-2010 10:00,1.516966667
05-12-2010 11:00,1.922566667
05-12-2010 12:00,1.847033333
05-12-2010 13:00,1.440833333
05-12-2010 14:00,2.985533333
05-12-2010 15:00,1.8542
05-12-2010 16:00,1.460866667
05-12-2010 17:00,3.076066667
05-12-2010 18:00,0.686933333
05-12-2010 19:00,0.541166667
05-12-2010 20:00,1.723133333
05-12-2010 21:00,1.7869
05-12-2010 22:00,1.561
05-12-2010 23:00,1.544033333
5/13/2010 0:00,0.3472
5/13/2010 1:00,0.3643
5/13/2010 2:00,0.3389
5/13/2010 3:00,0.3558
5/13/2010 4:00,0.349866667
5/13/2010 5:00,0.3187
5/13/2010 6:00,0.369466667
5/13/2010 7:00,0.302866667
5/13/2010 8:00,1.471133333
5/13/2010 9:00,0.366166667
5/13/2010 10:00,1.4741
5/13/2010 11:00,1.957766667
5/13/2010 12:00,1.9802
5/13/2010 13:00,1.407566667
5/13/2010 14:00,1.483733333
5/13/2010 15:00,1.008333333
5/13/2010 16:00,0.6708
5/13/2010 17:00,0.889733333
5/13/2010 18:00,2.979233333
5/13/2010 19:00,1.361733333
5/13/2010 20:00,1.8061
5/13/2010 21:00,1.885
5/13/2010 22:00,2.018133333
5/13/2010 23:00,0.408666667
5/14/2010 0:00,0.3763
5/14/2010 1:00,0.397233333
5/14/2010 2:00,0.382233333
5/14/2010 3:00,0.385
5/14/2010 4:00,0.379533333
5/14/2010 5:00,0.336366667
5/14/2010 6:00,1.0338
5/14/2010 7:00,1.606433333
5/14/2010 8:00,2.3067
5/14/2010 9:00,2.398033333
5/14/2010 10:00,1.489566667
5/14/2010 11:00,1.510866667
5/14/2010 12:00,1.640266667
5/14/2010 13:00,1.5645
5/14/2010 14:00,1.5472
5/14/2010 15:00,1.500166667
5/14/2010 16:00,1.5976
5/14/2010 17:00,1.597733333
5/14/2010 18:00,1.729566667
5/14/2010 19:00,1.897566667
5/14/2010 20:00,1.637266667
5/14/2010 21:00,0.612133333
5/14/2010 22:00,0.383266667
5/14/2010 23:00,0.3931
5/15/2010 0:00,0.394333333
5/15/2010 1:00,0.354
5/15/2010 2:00,0.379633333
5/15/2010 3:00,0.345866667
5/15/2010 4:00,0.3608
5/15/2010 5:00,1.104433333
5/15/2010 6:00,0.639833333
5/15/2010 7:00,1.982933333
5/15/2010 8:00,1.8605
5/15/2010 9:00,2.017066667
5/15/2010 10:00,1.280433333
5/15/2010 11:00,0.504633333
5/15/2010 12:00,0.785633333
5/15/2010 13:00,1.646466667
5/15/2010 14:00,0.885466667
5/15/2010 15:00,0.561233333
5/15/2010 16:00,0.504266667
5/15/2010 17:00,0.553066667
5/15/2010 18:00,0.8153
5/15/2010 19:00,1.9753
5/15/2010 20:00,3.084166667
5/15/2010 21:00,3.789566667
5/15/2010 22:00,2.7681
5/15/2010 23:00,3.819833333
5/16/2010 0:00,1.875533333
5/16/2010 1:00,1.767666667
5/16/2010 2:00,1.956666667
5/16/2010 3:00,1.4462
5/16/2010 4:00,0.349933333
5/16/2010 5:00,0.430766667
5/16/2010 6:00,0.343266667
5/16/2010 7:00,0.375266667
5/16/2010 8:00,0.4897
5/16/2010 9:00,1.7532
5/16/2010 10:00,1.490233333
5/16/2010 11:00,0.651466667
5/16/2010 12:00,0.692333333
5/16/2010 13:00,1.909466667
5/16/2010 14:00,3.486166667
5/16/2010 15:00,1.1775
5/16/2010 16:00,0.4786
5/16/2010 17:00,0.551966667
5/16/2010 18:00,1.0913
5/16/2010 19:00,3.168866667
5/16/2010 20:00,2.577166667
5/16/2010 21:00,2.7816
5/16/2010 22:00,2.5823
5/16/2010 23:00,1.579933333
5/17/2010 0:00,0.9766
5/17/2010 1:00,0.3819
5/17/2010 2:00,0.4126
5/17/2010 3:00,0.335066667
5/17/2010 4:00,0.4157
5/17/2010 5:00,0.331333333
5/17/2010 6:00,0.842433333
5/17/2010 7:00,1.9666
5/17/2010 8:00,1.482066667
5/17/2010 9:00,1.485766667
5/17/2010 10:00,1.522166667
5/17/2010 11:00,1.460133333
5/17/2010 12:00,1.5701
5/17/2010 13:00,1.4874
5/17/2010 14:00,1.415
5/17/2010 15:00,1.470333333
5/17/2010 16:00,1.658233333
5/17/2010 17:00,1.608466667
5/17/2010 18:00,0.660133333
5/17/2010 19:00,0.804366667
5/17/2010 20:00,1.5936
5/17/2010 21:00,1.750933333
5/17/2010 22:00,1.0803
5/17/2010 23:00,0.425133333
5/18/2010 0:00,0.3448
5/18/2010 1:00,0.4057
5/18/2010 2:00,0.341666667
5/18/2010 3:00,0.409066667
5/18/2010 4:00,0.9974
5/18/2010 5:00,0.4423
5/18/2010 6:00,0.820733333
5/18/2010 7:00,1.8852
5/18/2010 8:00,1.452866667
5/18/2010 9:00,1.4544
5/18/2010 10:00,1.5289
5/18/2010 11:00,1.5529
5/18/2010 12:00,1.4756
5/18/2010 13:00,1.467666667
5/18/2010 14:00,1.1409
5/18/2010 15:00,0.699833333
5/18/2010 16:00,0.725133333
5/18/2010 17:00,0.6493
5/18/2010 18:00,0.610733333
5/18/2010 19:00,0.856
5/18/2010 20:00,1.986266667
5/18/2010 21:00,1.1105
5/18/2010 22:00,0.788433333
5/18/2010 23:00,0.5401
5/19/2010 0:00,0.5312
5/19/2010 1:00,0.8957
5/19/2010 2:00,0.755666667
5/19/2010 3:00,0.491033333
5/19/2010 4:00,0.458366667
5/19/2010 5:00,0.4892
5/19/2010 6:00,0.598766667
5/19/2010 7:00,1.2334
5/19/2010 8:00,1.7
5/19/2010 9:00,1.822466667
5/19/2010 10:00,1.485466667
5/19/2010 11:00,1.718966667
5/19/2010 12:00,1.548833333
5/19/2010 13:00,0.345033333
5/19/2010 14:00,0.900433333
5/19/2010 15:00,0.943533333
5/19/2010 16:00,0.3992
5/19/2010 17:00,0.412
5/19/2010 18:00,0.512733333
5/19/2010 19:00,1.070966667
5/19/2010 20:00,2.3201
5/19/2010 21:00,1.114366667
5/19/2010 22:00,0.7745
5/19/2010 23:00,1.257266667
5/20/2010 0:00,0.403866667
5/20/2010 1:00,0.439533333
5/20/2010 2:00,0.390433333
5/20/2010 3:00,0.420566667
5/20/2010 4:00,0.328833333
5/20/2010 5:00,0.404566667
5/20/2010 6:00,0.602
5/20/2010 7:00,1.700366667
5/20/2010 8:00,1.7838
5/20/2010 9:00,1.422433333
5/20/2010 10:00,1.485633333
5/20/2010 11:00,1.445633333
5/20/2010 12:00,1.433266667
5/20/2010 13:00,0.874433333
5/20/2010 14:00,0.6854
5/20/2010 15:00,0.366966667
5/20/2010 16:00,0.458666667
5/20/2010 17:00,0.416866667
5/20/2010 18:00,1.474733333
5/20/2010 19:00,0.840366667
5/20/2010 20:00,0.443366667
5/20/2010 21:00,0.4269
5/20/2010 22:00,0.413866667
5/20/2010 23:00,0.569133333
5/21/2010 0:00,0.410633333
5/21/2010 1:00,0.820933333
5/21/2010 2:00,0.697033333
5/21/2010 3:00,0.4191
5/21/2010 4:00,0.343166667
5/21/2010 5:00,0.411466667
5/21/2010 6:00,0.408
5/21/2010 7:00,1.4021
5/21/2010 8:00,2.0987
5/21/2010 9:00,2.0111
5/21/2010 10:00,1.553533333
5/21/2010 11:00,1.549
5/21/2010 12:00,0.823166667
5/21/2010 13:00,0.390333333
5/21/2010 14:00,0.6574
5/21/2010 15:00,1.3532
5/21/2010 16:00,0.537033333
5/21/2010 17:00,0.3586
5/21/2010 18:00,0.447633333
5/21/2010 19:00,0.8801
5/21/2010 20:00,1.737566667
5/21/2010 21:00,0.908433333
5/21/2010 22:00,0.909
5/21/2010 23:00,0.446033333
5/22/2010 0:00,0.455733333
5/22/2010 1:00,0.496133333
5/22/2010 2:00,0.9549
5/22/2010 3:00,0.575966667
5/22/2010 4:00,0.463466667
5/22/2010 5:00,0.425066667
5/22/2010 6:00,0.862233333
5/22/2010 7:00,1.889333333
5/22/2010 8:00,2.113766667
5/22/2010 9:00,2.0202
5/22/2010 10:00,2.104433333
5/22/2010 11:00,2.977733333
5/22/2010 12:00,2.9287
5/22/2010 13:00,1.323233333
5/22/2010 14:00,1.719633333
5/22/2010 15:00,1.708166667
5/22/2010 16:00,1.623966667
5/22/2010 17:00,1.373666667
5/22/2010 18:00,0.5486
5/22/2010 19:00,1.635866667
5/22/2010 20:00,2.604766667
5/22/2010 21:00,1.864633333
5/22/2010 22:00,1.626633333
5/22/2010 23:00,0.6327
5/23/2010 0:00,0.6506
5/23/2010 1:00,0.538066667
5/23/2010 2:00,0.366033333
5/23/2010 3:00,0.438833333
5/23/2010 4:00,0.390533333
5/23/2010 5:00,1.0787
5/23/2010 6:00,0.412633333
5/23/2010 7:00,0.5722
5/23/2010 8:00,0.578033333
5/23/2010 9:00,2.038066667
5/23/2010 10:00,1.419166667
5/23/2010 11:00,1.3234
5/23/2010 12:00,0.6875
5/23/2010 13:00,1.491066667
5/23/2010 14:00,1.849733333
5/23/2010 15:00,1.788566667
5/23/2010 16:00,1.782633333
5/23/2010 17:00,0.913266667
5/23/2010 18:00,0.614566667
5/23/2010 19:00,0.660966667
5/23/2010 20:00,0.743133333
5/23/2010 21:00,1.958933333
5/23/2010 22:00,1.5712
5/23/2010 23:00,0.924766667
5/24/2010 0:00,0.474766667
5/24/2010 1:00,0.473033333
5/24/2010 2:00,0.463366667
5/24/2010 3:00,0.429966667
5/24/2010 4:00,0.3994
5/24/2010 5:00,0.4326
5/24/2010 6:00,1.044533333
5/24/2010 7:00,0.581466667
5/24/2010 8:00,0.834533333
5/24/2010 9:00,0.6686
5/24/2010 10:00,1.289466667
5/24/2010 11:00,0.5929
5/24/2010 12:00,1.492866667
5/24/2010 13:00,0.477166667
5/24/2010 14:00,0.452766667
5/24/2010 15:00,0.400533333
5/24/2010 16:00,0.959033333
5/24/2010 17:00,1.694266667
5/24/2010 18:00,1.705833333
5/24/2010 19:00,1.3048
5/24/2010 20:00,2.253833333
5/24/2010 21:00,2.447
5/24/2010 22:00,1.105466667
5/24/2010 23:00,0.377333333
5/25/2010 0:00,0.327333333
5/25/2010 1:00,0.382633333
5/25/2010 2:00,0.3298
5/25/2010 3:00,0.365733333
5/25/2010 4:00,0.344033333
5/25/2010 5:00,0.343033333
5/25/2010 6:00,0.5341
5/25/2010 7:00,1.688733333
5/25/2010 8:00,1.713966667
5/25/2010 9:00,1.501566667
5/25/2010 10:00,1.530533333
5/25/2010 11:00,1.427566667
5/25/2010 12:00,0.796466667
5/25/2010 13:00,0.3499
5/25/2010 14:00,0.337
5/25/2010 15:00,0.3472
5/25/2010 16:00,0.4753
5/25/2010 17:00,0.586766667
5/25/2010 18:00,0.491333333
5/25/2010 19:00,1.329866667
5/25/2010 20:00,1.9245
5/25/2010 21:00,1.8886
5/25/2010 22:00,0.596733333
5/25/2010 23:00,0.3644
5/26/2010 0:00,0.3423
5/26/2010 1:00,0.336466667
5/26/2010 2:00,0.3501
5/26/2010 3:00,0.3263
5/26/2010 4:00,0.339133333
5/26/2010 5:00,0.336266667
5/26/2010 6:00,0.839533333
5/26/2010 7:00,1.574366667
5/26/2010 8:00,2.3483
5/26/2010 9:00,2.327066667
5/26/2010 10:00,1.633166667
5/26/2010 11:00,1.6315
5/26/2010 12:00,0.761666667
5/26/2010 13:00,1.4149
5/26/2010 14:00,0.388633333
5/26/2010 15:00,0.388266667
5/26/2010 16:00,0.338966667
5/26/2010 17:00,0.4154
5/26/2010 18:00,0.5874
5/26/2010 19:00,2.6902
5/26/2010 20:00,2.1698
5/26/2010 21:00,0.7276
5/26/2010 22:00,0.534933333
5/26/2010 23:00,0.329133333
5/27/2010 0:00,0.312766667
5/27/2010 1:00,0.309166667
5/27/2010 2:00,0.3158
5/27/2010 3:00,0.624666667
5/27/2010 4:00,0.6682
5/27/2010 5:00,0.277933333
5/27/2010 6:00,0.500966667
5/27/2010 7:00,1.0825
5/27/2010 8:00,1.671566667
5/27/2010 9:00,1.683333333
5/27/2010 10:00,1.337966667
5/27/2010 11:00,1.355033333
5/27/2010 12:00,1.541933333
5/27/2010 13:00,1.714833333
5/27/2010 14:00,0.453533333
5/27/2010 15:00,0.7421
5/27/2010 16:00,0.3142
5/27/2010 17:00,0.472133333
5/27/2010 18:00,0.620066667
5/27/2010 19:00,1.063166667
5/27/2010 20:00,1.8888
5/27/2010 21:00,1.404233333
5/27/2010 22:00,0.886733333
5/27/2010 23:00,0.814066667
5/28/2010 0:00,0.5976
5/28/2010 1:00,0.383233333
5/28/2010 2:00,0.307
5/28/2010 3:00,0.3154
5/28/2010 4:00,0.255533333
5/28/2010 5:00,0.272033333
5/28/2010 6:00,0.997266667
5/28/2010 7:00,1.3094
5/28/2010 8:00,1.599433333
5/28/2010 9:00,1.809733333
5/28/2010 10:00,1.5336
5/28/2010 11:00,1.261233333
5/28/2010 12:00,0.7979
5/28/2010 13:00,0.784833333
5/28/2010 14:00,0.988233333
5/28/2010 15:00,1.3665
5/28/2010 16:00,1.459133333
5/28/2010 17:00,1.310666667
5/28/2010 18:00,0.887366667
5/28/2010 19:00,0.725433333
5/28/2010 20:00,0.602766667
5/28/2010 21:00,0.878233333
5/28/2010 22:00,1.5304
5/28/2010 23:00,1.3298
5/29/2010 0:00,0.5915
5/29/2010 1:00,0.4802
5/29/2010 2:00,0.3274
5/29/2010 3:00,0.300166667
5/29/2010 4:00,0.233866667
5/29/2010 5:00,0.309466667
5/29/2010 6:00,0.589366667
5/29/2010 7:00,1.814733333
5/29/2010 8:00,1.426
5/29/2010 9:00,1.329433333
5/29/2010 10:00,2.656866667
5/29/2010 11:00,1.086133333
5/29/2010 12:00,2.097966667
5/29/2010 13:00,1.662966667
5/29/2010 14:00,2.031033333
5/29/2010 15:00,1.0608
5/29/2010 16:00,0.8701
5/29/2010 17:00,1.250366667
5/29/2010 18:00,3.412
5/29/2010 19:00,2.405466667
5/29/2010 20:00,1.650866667
5/29/2010 21:00,2.2383
5/29/2010 22:00,2.0489
5/29/2010 23:00,2.289566667
5/30/2010 0:00,0.878
5/30/2010 1:00,1.4239
5/30/2010 2:00,0.525
5/30/2010 3:00,0.464966667
5/30/2010 4:00,0.4492
5/30/2010 5:00,0.475766667
5/30/2010 6:00,0.4659
5/30/2010 7:00,0.726266667
5/30/2010 8:00,1.373866667
5/30/2010 9:00,0.632566667
5/30/2010 10:00,1.663566667
5/30/2010 11:00,1.351133333
5/30/2010 12:00,0.8259
5/30/2010 13:00,0.781733333
5/30/2010 14:00,0.406266667
5/30/2010 15:00,1.664466667
5/30/2010 16:00,1.0025
5/30/2010 17:00,2.586
5/30/2010 18:00,1.824366667
5/30/2010 19:00,2.1343
5/30/2010 20:00,3.004366667
5/30/2010 21:00,2.281966667
5/30/2010 22:00,0.495566667
5/30/2010 23:00,0.3241
5/31/2010 0:00,0.288666667
5/31/2010 1:00,0.2657
5/31/2010 2:00,0.2944
5/31/2010 3:00,0.264166667
5/31/2010 4:00,0.281533333
5/31/2010 5:00,0.266033333
5/31/2010 6:00,1.297133333
5/31/2010 7:00,1.804966667
5/31/2010 8:00,1.832933333
5/31/2010 9:00,1.3662
5/31/2010 10:00,1.338233333
5/31/2010 11:00,1.354966667
5/31/2010 12:00,1.073166667
5/31/2010 13:00,0.328866667
5/31/2010 14:00,0.273866667
5/31/2010 15:00,0.485933333
5/31/2010 16:00,1.585
5/31/2010 17:00,1.194333333
5/31/2010 18:00,1.717433333
5/31/2010 19:00,1.2718
5/31/2010 20:00,0.600133333
5/31/2010 21:00,1.251733333
5/31/2010 22:00,1.4027
5/31/2010 23:00,0.501133333
06-01-2010 00:00,0.300333333
06-01-2010 01:00,0.313366667
06-01-2010 02:00,0.252166667
06-01-2010 03:00,0.310466667
06-01-2010 04:00,0.2316
06-01-2010 05:00,0.300033333
06-01-2010 06:00,0.614366667
06-01-2010 07:00,1.605033333
06-01-2010 08:00,1.933066667
06-01-2010 09:00,1.997266667
06-01-2010 10:00,1.352733333
06-01-2010 11:00,1.344166667
06-01-2010 12:00,1.676866667
06-01-2010 13:00,1.602066667
06-01-2010 14:00,1.445366667
06-01-2010 15:00,1.478466667
06-01-2010 16:00,0.909333333
06-01-2010 17:00,0.3416
06-01-2010 18:00,0.352333333
06-01-2010 19:00,0.3855
06-01-2010 20:00,0.5895
06-01-2010 21:00,0.521833333
06-01-2010 22:00,0.6503
06-01-2010 23:00,0.641633333
06-02-2010 00:00,0.3203
06-02-2010 01:00,0.7598
06-02-2010 02:00,1.100166667
06-02-2010 03:00,0.249433333
06-02-2010 04:00,0.280266667
06-02-2010 05:00,0.2608
06-02-2010 06:00,0.6466
06-02-2010 07:00,1.742233333
06-02-2010 08:00,1.347133333
06-02-2010 09:00,1.330033333
06-02-2010 10:00,1.137
06-02-2010 11:00,0.722333333
06-02-2010 12:00,0.413566667
06-02-2010 13:00,0.4407
06-02-2010 14:00,0.271433333
06-02-2010 15:00,1.062366667
06-02-2010 16:00,0.302266667
06-02-2010 17:00,0.310033333
06-02-2010 18:00,0.280033333
06-02-2010 19:00,0.349433333
06-02-2010 20:00,0.911433333
06-02-2010 21:00,1.2373
06-02-2010 22:00,0.611833333
06-02-2010 23:00,0.2618
06-03-2010 00:00,0.523466667
06-03-2010 01:00,0.255866667
06-03-2010 02:00,0.3059
06-03-2010 03:00,1.005633333
06-03-2010 04:00,0.2177
06-03-2010 05:00,0.308866667
06-03-2010 06:00,0.937133333
06-03-2010 07:00,1.711233333
06-03-2010 08:00,2.2531
06-03-2010 09:00,1.8671
06-03-2010 10:00,1.3756
06-03-2010 11:00,1.328866667
06-03-2010 12:00,1.933833333
06-03-2010 13:00,2.3048
06-03-2010 14:00,1.375633333
06-03-2010 15:00,1.357866667
06-03-2010 16:00,0.295833333
06-03-2010 17:00,0.308566667
06-03-2010 18:00,0.398966667
06-03-2010 19:00,1.247566667
06-03-2010 20:00,0.395533333
06-03-2010 21:00,0.6004
06-03-2010 22:00,0.578566667
06-03-2010 23:00,0.3484
06-04-2010 00:00,0.3002
06-04-2010 01:00,1.353833333
06-04-2010 02:00,0.307733333
06-04-2010 03:00,0.256433333
06-04-2010 04:00,0.280133333
06-04-2010 05:00,0.334566667
06-04-2010 06:00,1.216166667
06-04-2010 07:00,1.645433333
06-04-2010 08:00,1.570633333
06-04-2010 09:00,1.847633333
06-04-2010 10:00,1.332866667
06-04-2010 11:00,1.1925
06-04-2010 12:00,0.580633333
06-04-2010 13:00,0.987633333
06-04-2010 14:00,1.028533333
06-04-2010 15:00,1.396366667
06-04-2010 16:00,1.4777
06-04-2010 17:00,0.8026
06-04-2010 18:00,0.496033333
06-04-2010 19:00,0.371733333
06-04-2010 20:00,0.4455
06-04-2010 21:00,1.800833333
06-04-2010 22:00,1.329333333
06-04-2010 23:00,1.320866667
06-05-2010 00:00,1.981933333
06-05-2010 01:00,0.9362
06-05-2010 02:00,0.356566667
06-05-2010 03:00,0.269433333
06-05-2010 04:00,0.3643
06-05-2010 05:00,0.317866667
06-05-2010 06:00,0.662266667
06-05-2010 07:00,1.586233333
06-05-2010 08:00,1.4944
06-05-2010 09:00,1.4394
06-05-2010 10:00,1.142566667
06-05-2010 11:00,1.6338
06-05-2010 12:00,2.373866667
06-05-2010 13:00,0.9036
06-05-2010 14:00,1.3759
06-05-2010 15:00,1.207166667
06-05-2010 16:00,2.077066667
06-05-2010 17:00,0.900166667
06-05-2010 18:00,2.0113
06-05-2010 19:00,1.8069
06-05-2010 20:00,1.7313
06-05-2010 21:00,0.648933333
06-05-2010 22:00,3.024566667
06-05-2010 23:00,3.248333333
06-06-2010 00:00,2.7726
06-06-2010 01:00,1.397233333
06-06-2010 02:00,0.4164
06-06-2010 03:00,0.426233333
06-06-2010 04:00,0.381033333
06-06-2010 05:00,0.403766667
06-06-2010 06:00,0.3208
06-06-2010 07:00,0.441066667
06-06-2010 08:00,0.422566667
06-06-2010 09:00,1.316533333
06-06-2010 10:00,0.7921
06-06-2010 11:00,0.3429
06-06-2010 12:00,2.481433333
06-06-2010 13:00,1.9768
06-06-2010 14:00,1.526133333
06-06-2010 15:00,1.4523
06-06-2010 16:00,2.7384
06-06-2010 17:00,2.608033333
06-06-2010 18:00,0.526533333
06-06-2010 19:00,0.408733333
06-06-2010 20:00,0.4997
06-06-2010 21:00,2.141166667
06-06-2010 22:00,2.5723
06-06-2010 23:00,0.748433333
06-07-2010 00:00,0.267366667
06-07-2010 01:00,0.3768
06-07-2010 02:00,0.313233333
06-07-2010 03:00,0.366266667
06-07-2010 04:00,0.310633333
06-07-2010 05:00,0.280933333
06-07-2010 06:00,0.790766667
06-07-2010 07:00,1.7549
06-07-2010 08:00,1.7765
06-07-2010 09:00,1.890366667
06-07-2010 10:00,0.800033333
06-07-2010 11:00,0.351666667
06-07-2010 12:00,0.417266667
06-07-2010 13:00,0.4156
06-07-2010 14:00,0.298866667
06-07-2010 15:00,0.349033333
06-07-2010 16:00,0.3284
06-07-2010 17:00,1.0391
06-07-2010 18:00,0.615566667
06-07-2010 19:00,0.940133333
06-07-2010 20:00,1.068
06-07-2010 21:00,0.903066667
06-07-2010 22:00,0.833
06-07-2010 23:00,0.380533333
06-08-2010 00:00,0.6259
06-08-2010 01:00,0.8197
06-08-2010 02:00,0.2473
06-08-2010 03:00,0.335366667
06-08-2010 04:00,0.311233333
06-08-2010 05:00,0.341633333
06-08-2010 06:00,0.486866667
06-08-2010 07:00,1.849566667
06-08-2010 08:00,2.210333333
06-08-2010 09:00,1.991166667
06-08-2010 10:00,1.452066667
06-08-2010 11:00,1.451866667
06-08-2010 12:00,1.3902
06-08-2010 13:00,1.403766667
06-08-2010 14:00,0.321766667
06-08-2010 15:00,0.445033333
06-08-2010 16:00,0.560933333
06-08-2010 17:00,0.624366667
06-08-2010 18:00,0.728166667
06-08-2010 19:00,1.420366667
06-08-2010 20:00,1.0441
06-08-2010 21:00,1.4155
06-08-2010 22:00,0.5682
06-08-2010 23:00,0.655166667
06-09-2010 00:00,0.353766667
06-09-2010 01:00,0.3973
06-09-2010 02:00,0.260533333
06-09-2010 03:00,0.373333333
06-09-2010 04:00,0.320166667
06-09-2010 05:00,0.384266667
06-09-2010 06:00,0.893166667
06-09-2010 07:00,1.9536
06-09-2010 08:00,1.355633333
06-09-2010 09:00,1.401333333
06-09-2010 10:00,1.6439
06-09-2010 11:00,1.6741
06-09-2010 12:00,0.509333333
06-09-2010 13:00,2.4124
06-09-2010 14:00,0.864533333
06-09-2010 15:00,0.944033333
06-09-2010 16:00,0.362233333
06-09-2010 17:00,1.437966667
06-09-2010 18:00,1.556333333
06-09-2010 19:00,1.235833333
06-09-2010 20:00,1.917866667
06-09-2010 21:00,1.513966667
06-09-2010 22:00,1.147766667
06-09-2010 23:00,0.664666667
06-10-2010 00:00,0.404266667
06-10-2010 01:00,0.326866667
06-10-2010 02:00,0.317366667
06-10-2010 03:00,0.323733333
06-10-2010 04:00,0.75
06-10-2010 05:00,0.682166667
06-10-2010 06:00,0.553833333
06-10-2010 07:00,1.4263
06-10-2010 08:00,1.792333333
06-10-2010 09:00,1.354966667
06-10-2010 10:00,1.4778
06-10-2010 11:00,1.3937
06-10-2010 12:00,1.435333333
06-10-2010 13:00,1.101433333
06-10-2010 14:00,0.374833333
06-10-2010 15:00,0.324366667
06-10-2010 16:00,0.379133333
06-10-2010 17:00,0.440233333
06-10-2010 18:00,0.683866667
06-10-2010 19:00,1.055166667
06-10-2010 20:00,1.736233333
06-10-2010 21:00,1.070866667
06-10-2010 22:00,0.524933333
06-10-2010 23:00,0.323433333
06-11-2010 00:00,0.3402
06-11-2010 01:00,0.3791
06-11-2010 02:00,0.316233333
06-11-2010 03:00,0.3017
06-11-2010 04:00,0.332033333
06-11-2010 05:00,0.251866667
06-11-2010 06:00,1.624666667
06-11-2010 07:00,1.876033333
06-11-2010 08:00,2.0137
06-11-2010 09:00,1.8483
06-11-2010 10:00,1.425133333
06-11-2010 11:00,1.4143
06-11-2010 12:00,1.759433333
06-11-2010 13:00,1.320533333
06-11-2010 14:00,0.4647
06-11-2010 15:00,1.005533333
06-11-2010 16:00,1.104933333
06-11-2010 17:00,0.520233333
06-11-2010 18:00,0.473066667
06-11-2010 19:00,1.751666667
06-11-2010 20:00,0.5838
06-11-2010 21:00,1.1657
06-11-2010 22:00,1.096533333
06-11-2010 23:00,1.1418
06-12-2010 00:00,0.974533333
06-12-2010 01:00,0.423566667
06-12-2010 02:00,0.802533333
06-12-2010 03:00,0.318566667
06-12-2010 04:00,0.342433333
06-12-2010 05:00,0.3234
06-12-2010 06:00,0.606366667
06-12-2010 07:00,1.691466667
06-12-2010 08:00,1.713333333
06-12-2010 09:00,1.3865
06-12-2010 10:00,1.3559
06-12-2010 11:00,0.921
06-12-2010 12:00,2.112933333
06-12-2010 13:00,1.575366667
06-12-2010 14:00,0.993433333
06-12-2010 15:00,1.700366667
06-12-2010 16:00,1.687633333
06-12-2010 17:00,1.707266667
06-12-2010 18:00,2.114733333
06-12-2010 19:00,2.5192
06-12-2010 20:00,1.6606
06-12-2010 21:00,1.8441
06-12-2010 22:00,2.356766667
06-12-2010 23:00,1.7577
6/13/2010 0:00,1.208333333
6/13/2010 1:00,0.308366667
6/13/2010 2:00,0.605533333
6/13/2010 3:00,0.487366667
6/13/2010 4:00,0.8913
6/13/2010 5:00,0.2724
6/13/2010 6:00,0.326133333
6/13/2010 7:00,0.5486
6/13/2010 8:00,0.434733333
6/13/2010 9:00,0.585866667
6/13/2010 10:00,2.933266667
6/13/2010 11:00,2.7022
6/13/2010 12:00,0.960366667
6/13/2010 13:00,2.159766667
6/13/2010 14:00,2.039066667
6/13/2010 15:00,0.6412
6/13/2010 16:00,0.4927
6/13/2010 17:00,1.105733333
6/13/2010 18:00,1.153933333
6/13/2010 19:00,2.030266667
6/13/2010 20:00,1.2484
6/13/2010 21:00,2.564333333
6/13/2010 22:00,1.6214
6/13/2010 23:00,0.584666667
6/14/2010 0:00,0.639466667
6/14/2010 1:00,0.347066667
6/14/2010 2:00,0.865066667
6/14/2010 3:00,0.332633333
6/14/2010 4:00,0.3246
6/14/2010 5:00,0.290933333
6/14/2010 6:00,0.581766667
6/14/2010 7:00,1.513066667
6/14/2010 8:00,1.430066667
6/14/2010 9:00,1.407666667
6/14/2010 10:00,1.3794
6/14/2010 11:00,1.375233333
6/14/2010 12:00,1.870966667
6/14/2010 13:00,1.093966667
6/14/2010 14:00,0.383166667
6/14/2010 15:00,0.291533333
6/14/2010 16:00,0.334833333
6/14/2010 17:00,0.247866667
6/14/2010 18:00,0.387
6/14/2010 19:00,0.775833333
6/14/2010 20:00,1.617833333
6/14/2010 21:00,1.360333333
6/14/2010 22:00,0.8282
6/14/2010 23:00,0.621233333
6/15/2010 0:00,0.410933333
6/15/2010 1:00,0.286033333
6/15/2010 2:00,0.296133333
6/15/2010 3:00,0.289133333
6/15/2010 4:00,0.750666667
6/15/2010 5:00,0.653566667
6/15/2010 6:00,0.604866667
6/15/2010 7:00,0.802666667
6/15/2010 8:00,1.330733333
6/15/2010 9:00,1.420166667
6/15/2010 10:00,0.773933333
6/15/2010 11:00,1.281166667
6/15/2010 12:00,1.1593
6/15/2010 13:00,1.524266667
6/15/2010 14:00,1.392866667
6/15/2010 15:00,0.671533333
6/15/2010 16:00,0.294433333
6/15/2010 17:00,0.350433333
6/15/2010 18:00,0.306733333
6/15/2010 19:00,0.760133333
6/15/2010 20:00,1.618266667
6/15/2010 21:00,1.255433333
6/15/2010 22:00,1.2378
6/15/2010 23:00,0.928233333
6/16/2010 0:00,0.915533333
6/16/2010 1:00,0.894966667
6/16/2010 2:00,1.311633333
6/16/2010 3:00,0.798366667
6/16/2010 4:00,0.767866667
6/16/2010 5:00,0.7974
6/16/2010 6:00,0.792833333
6/16/2010 7:00,0.704133333
6/16/2010 8:00,1.957566667
6/16/2010 9:00,1.933633333
6/16/2010 10:00,1.519966667
6/16/2010 11:00,1.3837
6/16/2010 12:00,1.419533333
6/16/2010 13:00,1.632733333
6/16/2010 14:00,0.8742
6/16/2010 15:00,1.551266667
6/16/2010 16:00,1.477566667
6/16/2010 17:00,1.317733333
6/16/2010 18:00,1.352733333
6/16/2010 19:00,0.342766667
6/16/2010 20:00,0.8107
6/16/2010 21:00,2.253966667
6/16/2010 22:00,1.8435
6/16/2010 23:00,0.8139
6/17/2010 0:00,0.363466667
6/17/2010 1:00,0.362
6/17/2010 2:00,0.345933333
6/17/2010 3:00,0.285166667
6/17/2010 4:00,0.351466667
6/17/2010 5:00,0.332666667
6/17/2010 6:00,1.4129
6/17/2010 7:00,0.875033333
6/17/2010 8:00,0.891066667
6/17/2010 9:00,0.300733333
6/17/2010 10:00,0.837166667
6/17/2010 11:00,1.4385
6/17/2010 12:00,1.3938
6/17/2010 13:00,1.669333333
6/17/2010 14:00,0.610766667
6/17/2010 15:00,0.349766667
6/17/2010 16:00,0.3119
6/17/2010 17:00,0.284766667
6/17/2010 18:00,0.318633333
6/17/2010 19:00,0.310933333
6/17/2010 20:00,1.755866667
6/17/2010 21:00,0.860333333
6/17/2010 22:00,0.794466667
6/17/2010 23:00,0.676966667
6/18/2010 0:00,0.646133333
6/18/2010 1:00,0.726333333
6/18/2010 2:00,0.2578
6/18/2010 3:00,0.325733333
6/18/2010 4:00,0.2423
6/18/2010 5:00,0.3099
6/18/2010 6:00,0.5345
6/18/2010 7:00,1.2368
6/18/2010 8:00,1.922433333
6/18/2010 9:00,1.557766667
6/18/2010 10:00,1.810866667
6/18/2010 11:00,1.699466667
6/18/2010 12:00,1.4279
6/18/2010 13:00,1.485133333
6/18/2010 14:00,1.0346
6/18/2010 15:00,0.273033333
6/18/2010 16:00,0.452333333
6/18/2010 17:00,0.987366667
6/18/2010 18:00,0.495366667
6/18/2010 19:00,0.639066667
6/18/2010 20:00,1.750566667
6/18/2010 21:00,1.0089
6/18/2010 22:00,0.9618
6/18/2010 23:00,0.419166667
6/19/2010 0:00,0.6301
6/19/2010 1:00,0.8099
6/19/2010 2:00,0.499766667
6/19/2010 3:00,0.368233333
6/19/2010 4:00,0.279533333
6/19/2010 5:00,0.358133333
6/19/2010 6:00,0.341266667
6/19/2010 7:00,0.478466667
6/19/2010 8:00,0.8383
6/19/2010 9:00,1.623333333
6/19/2010 10:00,1.891566667
6/19/2010 11:00,1.812166667
6/19/2010 12:00,0.509333333
6/19/2010 13:00,1.6337
6/19/2010 14:00,0.881433333
6/19/2010 15:00,0.5696
6/19/2010 16:00,1.764066667
6/19/2010 17:00,1.033866667
6/19/2010 18:00,0.390833333
6/19/2010 19:00,0.377266667
6/19/2010 20:00,0.690666667
6/19/2010 21:00,2.291966667
6/19/2010 22:00,2.407933333
6/19/2010 23:00,1.122233333
6/20/2010 0:00,0.573366667
6/20/2010 1:00,0.376833333
6/20/2010 2:00,0.254466667
6/20/2010 3:00,0.360433333
6/20/2010 4:00,0.231
6/20/2010 5:00,0.352133333
6/20/2010 6:00,0.230566667
6/20/2010 7:00,0.337466667
6/20/2010 8:00,0.984866667
6/20/2010 9:00,1.029266667
6/20/2010 10:00,1.497633333
6/20/2010 11:00,1.533866667
6/20/2010 12:00,1.7917
6/20/2010 13:00,1.501233333
6/20/2010 14:00,1.432
6/20/2010 15:00,0.4014
6/20/2010 16:00,0.5437
6/20/2010 17:00,1.916233333
6/20/2010 18:00,2.605866667
6/20/2010 19:00,3.0546
6/20/2010 20:00,2.105266667
6/20/2010 21:00,1.786233333
6/20/2010 22:00,1.730066667
6/20/2010 23:00,1.245633333
6/21/2010 0:00,0.274366667
6/21/2010 1:00,0.352466667
6/21/2010 2:00,0.939333333
6/21/2010 3:00,0.3492
6/21/2010 4:00,0.245233333
6/21/2010 5:00,0.358533333
6/21/2010 6:00,0.277166667
6/21/2010 7:00,0.9789
6/21/2010 8:00,1.478266667
6/21/2010 9:00,1.455266667
6/21/2010 10:00,1.289533333
6/21/2010 11:00,1.413466667
6/21/2010 12:00,1.1166
6/21/2010 13:00,0.6603
6/21/2010 14:00,1.5395
6/21/2010 15:00,2.51
6/21/2010 16:00,0.3795
6/21/2010 17:00,1.3744
6/21/2010 18:00,2.516233333
6/21/2010 19:00,1.944933333
6/21/2010 20:00,1.837333333
6/21/2010 21:00,1.3321
6/21/2010 22:00,2.334566667
6/21/2010 23:00,0.7243
6/22/2010 0:00,0.334733333
6/22/2010 1:00,0.270033333
6/22/2010 2:00,0.2868
6/22/2010 3:00,0.2776
6/22/2010 4:00,0.286366667
6/22/2010 5:00,0.258566667
6/22/2010 6:00,0.6382
6/22/2010 7:00,2.0322
6/22/2010 8:00,1.797866667
6/22/2010 9:00,1.8582
6/22/2010 10:00,1.75
6/22/2010 11:00,1.174033333
6/22/2010 12:00,0.645366667
6/22/2010 13:00,1.318266667
6/22/2010 14:00,0.838566667
6/22/2010 15:00,0.6612
6/22/2010 16:00,0.459166667
6/22/2010 17:00,2.080266667
6/22/2010 18:00,1.5902
6/22/2010 19:00,1.0886
6/22/2010 20:00,1.075333333
6/22/2010 21:00,1.250733333
6/22/2010 22:00,2.210133333
6/22/2010 23:00,1.1607
6/23/2010 0:00,0.307166667
6/23/2010 1:00,0.2552
6/23/2010 2:00,0.289433333
6/23/2010 3:00,0.2841
6/23/2010 4:00,0.278766667
6/23/2010 5:00,0.266733333
6/23/2010 6:00,0.519133333
6/23/2010 7:00,1.5606
6/23/2010 8:00,1.3922
6/23/2010 9:00,1.441433333
6/23/2010 10:00,2.048533333
6/23/2010 11:00,1.505133333
6/23/2010 12:00,1.2449
6/23/2010 13:00,0.2992
6/23/2010 14:00,0.375
6/23/2010 15:00,0.3711
6/23/2010 16:00,0.3139
6/23/2010 17:00,0.554733333
6/23/2010 18:00,1.748266667
6/23/2010 19:00,1.9592
6/23/2010 20:00,1.229066667
6/23/2010 21:00,3.9411
6/23/2010 22:00,1.4779
6/23/2010 23:00,0.3716
6/24/2010 0:00,0.3514
6/24/2010 1:00,0.340433333
6/24/2010 2:00,0.4146
6/24/2010 3:00,0.5252
6/24/2010 4:00,0.703266667
6/24/2010 5:00,0.387766667
6/24/2010 6:00,0.423566667
6/24/2010 7:00,1.382466667
6/24/2010 8:00,1.710933333
6/24/2010 9:00,1.412966667
6/24/2010 10:00,0.902966667
6/24/2010 11:00,0.369433333
6/24/2010 12:00,0.370866667
6/24/2010 13:00,0.3719
6/24/2010 14:00,0.324033333
6/24/2010 15:00,0.3697
6/24/2010 16:00,0.335833333
6/24/2010 17:00,0.425433333
6/24/2010 18:00,0.6879
6/24/2010 19:00,1.5256
6/24/2010 20:00,1.2801
6/24/2010 21:00,1.440666667
6/24/2010 22:00,1.817066667
6/24/2010 23:00,0.3889
6/25/2010 0:00,0.298566667
6/25/2010 1:00,0.3066
6/25/2010 2:00,0.283833333
6/25/2010 3:00,0.339466667
6/25/2010 4:00,0.337666667
6/25/2010 5:00,0.284266667
6/25/2010 6:00,1.040866667
6/25/2010 7:00,1.419233333
6/25/2010 8:00,1.174333333
6/25/2010 9:00,1.496233333
6/25/2010 10:00,1.431366667
6/25/2010 11:00,1.621933333
6/25/2010 12:00,1.961366667
6/25/2010 13:00,0.972466667
6/25/2010 14:00,0.283366667
6/25/2010 15:00,0.270433333
6/25/2010 16:00,0.319133333
6/25/2010 17:00,0.3674
6/25/2010 18:00,0.284366667
6/25/2010 19:00,0.305566667
6/25/2010 20:00,0.329266667
6/25/2010 21:00,1.3311
6/25/2010 22:00,1.495266667
6/25/2010 23:00,0.369866667
6/26/2010 0:00,0.365833333
6/26/2010 1:00,0.287666667
6/26/2010 2:00,0.293333333
6/26/2010 3:00,0.359333333
6/26/2010 4:00,0.3156
6/26/2010 5:00,0.861366667
6/26/2010 6:00,0.471433333
6/26/2010 7:00,0.500133333
6/26/2010 8:00,0.328133333
6/26/2010 9:00,0.894533333
6/26/2010 10:00,1.838933333
6/26/2010 11:00,0.835066667
6/26/2010 12:00,1.445
6/26/2010 13:00,1.064233333
6/26/2010 14:00,0.432033333
6/26/2010 15:00,0.431733333
6/26/2010 16:00,0.863766667
6/26/2010 17:00,1.452766667
6/26/2010 18:00,1.415466667
6/26/2010 19:00,0.355066667
6/26/2010 20:00,0.354466667
6/26/2010 21:00,0.304966667
6/26/2010 22:00,0.347433333
6/26/2010 23:00,0.542033333
6/27/2010 0:00,0.353133333
6/27/2010 1:00,0.5367
6/27/2010 2:00,0.845466667
6/27/2010 3:00,0.363766667
6/27/2010 4:00,0.305933333
6/27/2010 5:00,0.2873
6/27/2010 6:00,0.328933333
6/27/2010 7:00,0.4841
6/27/2010 8:00,0.331866667
6/27/2010 9:00,1.532533333
6/27/2010 10:00,1.0246
6/27/2010 11:00,0.553133333
6/27/2010 12:00,1.0512
6/27/2010 13:00,1.640966667
6/27/2010 14:00,1.525133333
6/27/2010 15:00,0.9024
6/27/2010 16:00,0.876766667
6/27/2010 17:00,0.609566667
6/27/2010 18:00,0.771333333
6/27/2010 19:00,0.426433333
6/27/2010 20:00,0.397233333
6/27/2010 21:00,0.834733333
6/27/2010 22:00,2.066933333
6/27/2010 23:00,0.949233333
6/28/2010 0:00,0.352833333
6/28/2010 1:00,0.3554
6/28/2010 2:00,0.564833333
6/28/2010 3:00,0.483266667
6/28/2010 4:00,0.3338
6/28/2010 5:00,0.3305
6/28/2010 6:00,1.094233333
6/28/2010 7:00,1.412633333
6/28/2010 8:00,1.539733333
6/28/2010 9:00,1.022833333
6/28/2010 10:00,0.325666667
6/28/2010 11:00,0.933666667
6/28/2010 12:00,0.658466667
6/28/2010 13:00,0.548066667
6/28/2010 14:00,1.041966667
6/28/2010 15:00,1.6852
6/28/2010 16:00,1.054933333
6/28/2010 17:00,1.661433333
6/28/2010 18:00,1.810233333
6/28/2010 19:00,1.3352
6/28/2010 20:00,0.975833333
6/28/2010 21:00,1.144666667
6/28/2010 22:00,1.7551
6/28/2010 23:00,2.101833333
6/29/2010 0:00,1.007366667
6/29/2010 1:00,0.6357
6/29/2010 2:00,0.3406
6/29/2010 3:00,0.3275
6/29/2010 4:00,0.399366667
6/29/2010 5:00,0.4139
6/29/2010 6:00,0.4432
6/29/2010 7:00,1.124066667
6/29/2010 8:00,1.822066667
6/29/2010 9:00,1.604366667
6/29/2010 10:00,1.920266667
6/29/2010 11:00,0.8169
6/29/2010 12:00,0.511766667
6/29/2010 13:00,0.9936
6/29/2010 14:00,0.950933333
6/29/2010 15:00,0.400533333
6/29/2010 16:00,0.602
6/29/2010 17:00,1.2671
6/29/2010 18:00,0.764466667
6/29/2010 19:00,0.942366667
6/29/2010 20:00,1.032866667
6/29/2010 21:00,1.719233333
6/29/2010 22:00,2.3195
6/29/2010 23:00,0.4538
6/30/2010 0:00,0.344033333
6/30/2010 1:00,0.460266667
6/30/2010 2:00,0.6691
6/30/2010 3:00,0.313066667
6/30/2010 4:00,0.293533333
6/30/2010 5:00,0.946733333
6/30/2010 6:00,0.538266667
6/30/2010 7:00,1.061533333
6/30/2010 8:00,1.193166667
6/30/2010 9:00,0.368533333
6/30/2010 10:00,0.309033333
6/30/2010 11:00,0.6882
6/30/2010 12:00,1.175133333
6/30/2010 13:00,1.3315
6/30/2010 14:00,1.4013
6/30/2010 15:00,1.039433333
6/30/2010 16:00,0.639633333
6/30/2010 17:00,1.403733333
6/30/2010 18:00,1.337333333
6/30/2010 19:00,1.291733333
6/30/2010 20:00,1.1515
6/30/2010 21:00,1.409066667
6/30/2010 22:00,1.6365
6/30/2010 23:00,2.0666
07-01-2010 00:00,3.329033333
07-01-2010 01:00,0.867
07-01-2010 02:00,0.3796
07-01-2010 03:00,0.379133333
07-01-2010 04:00,0.420066667
07-01-2010 05:00,0.4192
07-01-2010 06:00,0.411466667
07-01-2010 07:00,0.375066667
07-01-2010 08:00,0.429733333
07-01-2010 09:00,0.474733333
07-01-2010 10:00,1.475733333
07-01-2010 11:00,1.500333333
07-01-2010 12:00,1.521933333
07-01-2010 13:00,1.1035
07-01-2010 14:00,1.086866667
07-01-2010 15:00,1.150566667
07-01-2010 16:00,1.2556
07-01-2010 17:00,0.975766667
07-01-2010 18:00,1.362566667
07-01-2010 19:00,0.4723
07-01-2010 20:00,0.482366667
07-01-2010 21:00,0.720133333
07-01-2010 22:00,1.043266667
07-01-2010 23:00,0.8474
07-02-2010 00:00,1.397733333
07-02-2010 01:00,0.5759
07-02-2010 02:00,0.520933333
07-02-2010 03:00,1.6122
07-02-2010 04:00,1.1039
07-02-2010 05:00,0.848066667
07-02-2010 06:00,0.424733333
07-02-2010 07:00,0.438433333
07-02-2010 08:00,0.429033333
07-02-2010 09:00,0.386566667
07-02-2010 10:00,0.465333333
07-02-2010 11:00,1.0549
07-02-2010 12:00,0.660866667
07-02-2010 13:00,0.492666667
07-02-2010 14:00,0.808333333
07-02-2010 15:00,0.643666667
07-02-2010 16:00,1.145233333
07-02-2010 17:00,0.503233333
07-02-2010 18:00,0.605933333
07-02-2010 19:00,1.479233333
07-02-2010 20:00,1.508733333
07-02-2010 21:00,1.110266667
07-02-2010 22:00,0.407766667
07-02-2010 23:00,0.3918
07-03-2010 00:00,0.4521
07-03-2010 01:00,0.5863
07-03-2010 02:00,1.490933333
07-03-2010 03:00,0.7368
07-03-2010 04:00,0.3784
07-03-2010 05:00,0.477566667
07-03-2010 06:00,0.501266667
07-03-2010 07:00,1.127633333
07-03-2010 08:00,0.389333333
07-03-2010 09:00,0.417533333
07-03-2010 10:00,0.440866667
07-03-2010 11:00,0.699166667
07-03-2010 12:00,0.749466667
07-03-2010 13:00,0.508733333
07-03-2010 14:00,0.463933333
07-03-2010 15:00,0.406966667
07-03-2010 16:00,0.378533333
07-03-2010 17:00,0.4646
07-03-2010 18:00,1.028833333
07-03-2010 19:00,1.013
07-03-2010 20:00,1.2177
07-03-2010 21:00,1.1374
07-03-2010 22:00,1.7139
07-03-2010 23:00,1.886933333
07-04-2010 00:00,1.8255
07-04-2010 01:00,1.6225
07-04-2010 02:00,1.809033333
07-04-2010 03:00,1.724066667
07-04-2010 04:00,1.630666667
07-04-2010 05:00,1.554633333
07-04-2010 06:00,1.559133333
07-04-2010 07:00,2.219133333
07-04-2010 08:00,1.3802
07-04-2010 09:00,1.2342
07-04-2010 10:00,1.5537
07-04-2010 11:00,1.227766667
07-04-2010 12:00,0.296933333
07-04-2010 13:00,0.3886
07-04-2010 14:00,0.3716
07-04-2010 15:00,0.3176
07-04-2010 16:00,0.311833333
07-04-2010 17:00,0.372966667
07-04-2010 18:00,0.3919
07-04-2010 19:00,0.304766667
07-04-2010 20:00,0.430766667
07-04-2010 21:00,1.3955
07-04-2010 22:00,0.832933333
07-04-2010 23:00,0.878866667
07-05-2010 00:00,0.411033333
07-05-2010 01:00,0.394066667
07-05-2010 02:00,0.342666667
07-05-2010 03:00,0.340166667
07-05-2010 04:00,0.379633333
07-05-2010 05:00,0.354133333
07-05-2010 06:00,0.3179
07-05-2010 07:00,0.7785
07-05-2010 08:00,1.075966667
07-05-2010 09:00,0.347733333
07-05-2010 10:00,0.299
07-05-2010 11:00,0.334366667
07-05-2010 12:00,0.603733333
07-05-2010 13:00,0.589533333
07-05-2010 14:00,1.270966667
07-05-2010 15:00,1.474166667
07-05-2010 16:00,1.2203
07-05-2010 17:00,0.305666667
07-05-2010 18:00,0.317366667
07-05-2010 19:00,0.981366667
07-05-2010 20:00,1.3027
07-05-2010 21:00,1.871233333
07-05-2010 22:00,1.7087
07-05-2010 23:00,1.5456
07-06-2010 00:00,0.628166667
07-06-2010 01:00,0.3193
07-06-2010 02:00,0.366966667
07-06-2010 03:00,0.3574
07-06-2010 04:00,0.2714
07-06-2010 05:00,0.3137
07-06-2010 06:00,0.358633333
07-06-2010 07:00,1.2641
07-06-2010 08:00,1.388333333
07-06-2010 09:00,1.381866667
07-06-2010 10:00,1.367833333
07-06-2010 11:00,0.2816
07-06-2010 12:00,0.329033333
07-06-2010 13:00,0.6975
07-06-2010 14:00,0.737166667
07-06-2010 15:00,0.5567
07-06-2010 16:00,0.708766667
07-06-2010 17:00,0.5396
07-06-2010 18:00,0.571366667
07-06-2010 19:00,1.2738
07-06-2010 20:00,1.530766667
07-06-2010 21:00,0.739533333
07-06-2010 22:00,0.312
07-06-2010 23:00,0.470033333
07-07-2010 00:00,0.383
07-07-2010 01:00,0.6799
07-07-2010 02:00,0.313966667
07-07-2010 03:00,0.383833333
07-07-2010 04:00,0.2915
07-07-2010 05:00,0.287233333
07-07-2010 06:00,0.9415
07-07-2010 07:00,0.309666667
07-07-2010 08:00,1.006066667
07-07-2010 09:00,0.3377
07-07-2010 10:00,0.315766667
07-07-2010 11:00,0.338366667
07-07-2010 12:00,0.503066667
07-07-2010 13:00,0.546833333
07-07-2010 14:00,1.414366667
07-07-2010 15:00,0.849833333
07-07-2010 16:00,0.325933333
07-07-2010 17:00,0.372833333
07-07-2010 18:00,0.342766667
07-07-2010 19:00,0.608
07-07-2010 20:00,1.461366667
07-07-2010 21:00,0.614733333
07-07-2010 22:00,0.9587
07-07-2010 23:00,0.3262
07-08-2010 00:00,0.407866667
07-08-2010 01:00,0.506733333
07-08-2010 02:00,0.334733333
07-08-2010 03:00,0.329933333
07-08-2010 04:00,0.3731
07-08-2010 05:00,0.325266667
07-08-2010 06:00,0.5512
07-08-2010 07:00,1.539233333
07-08-2010 08:00,1.199166667
07-08-2010 09:00,0.296
07-08-2010 10:00,0.499233333
07-08-2010 11:00,0.364666667
07-08-2010 12:00,0.3126
07-08-2010 13:00,1.0795
07-08-2010 14:00,1.847533333
07-08-2010 15:00,0.8857
07-08-2010 16:00,1.661066667
07-08-2010 17:00,0.3451
07-08-2010 18:00,0.531166667
07-08-2010 19:00,0.6069
07-08-2010 20:00,1.9543
07-08-2010 21:00,1.289166667
07-08-2010 22:00,1.695066667
07-08-2010 23:00,1.275633333
07-09-2010 00:00,1.363366667
07-09-2010 01:00,0.420333333
07-09-2010 02:00,0.533233333
07-09-2010 03:00,0.426133333
07-09-2010 04:00,0.467733333
07-09-2010 05:00,0.6376
07-09-2010 06:00,0.916333333
07-09-2010 07:00,1.059266667
07-09-2010 08:00,0.609933333
07-09-2010 09:00,0.647
07-09-2010 10:00,0.8554
07-09-2010 11:00,0.4712
07-09-2010 12:00,0.5798
07-09-2010 13:00,1.201666667
07-09-2010 14:00,0.675633333
07-09-2010 15:00,0.604966667
07-09-2010 16:00,0.631466667
07-09-2010 17:00,0.503733333
07-09-2010 18:00,0.589366667
07-09-2010 19:00,0.537233333
07-09-2010 20:00,0.961133333
07-09-2010 21:00,0.599966667
07-09-2010 22:00,1.465033333
07-09-2010 23:00,1.300433333
07-10-2010 00:00,0.641266667
07-10-2010 01:00,0.404666667
07-10-2010 02:00,0.4186
07-10-2010 03:00,1.134833333
07-10-2010 04:00,0.383633333
07-10-2010 05:00,0.3547
07-10-2010 06:00,0.351633333
07-10-2010 07:00,0.3391
07-10-2010 08:00,0.516633333
07-10-2010 09:00,1.988333333
07-10-2010 10:00,1.0447
07-10-2010 11:00,0.486133333
07-10-2010 12:00,0.416933333
07-10-2010 13:00,1.545066667
07-10-2010 14:00,2.083
07-10-2010 15:00,1.435633333
07-10-2010 16:00,0.856633333
07-10-2010 17:00,0.8923
07-10-2010 18:00,0.436933333
07-10-2010 19:00,0.888233333
07-10-2010 20:00,1.192033333
07-10-2010 21:00,0.430833333
07-10-2010 22:00,0.633166667
07-10-2010 23:00,0.366733333
07-11-2010 00:00,0.347966667
07-11-2010 01:00,0.429866667
07-11-2010 02:00,0.4083
07-11-2010 03:00,0.361166667
07-11-2010 04:00,0.342333333
07-11-2010 05:00,0.5
07-11-2010 06:00,0.757766667
07-11-2010 07:00,0.336933333
07-11-2010 08:00,0.510666667
07-11-2010 09:00,0.459733333
07-11-2010 10:00,1.535433333
07-11-2010 11:00,1.474133333
07-11-2010 12:00,0.686166667
07-11-2010 13:00,0.759466667
07-11-2010 14:00,0.4771
07-11-2010 15:00,0.521133333
07-11-2010 16:00,0.6413
07-11-2010 17:00,0.600066667
07-11-2010 18:00,0.7756
07-11-2010 19:00,1.948733333
07-11-2010 20:00,0.691366667
07-11-2010 21:00,0.941366667
07-11-2010 22:00,1.7915
07-11-2010 23:00,2.594766667
07-12-2010 00:00,1.100533333
07-12-2010 01:00,0.3849
07-12-2010 02:00,0.468733333
07-12-2010 03:00,0.341066667
07-12-2010 04:00,0.362533333
07-12-2010 05:00,0.372133333
07-12-2010 06:00,0.5445
07-12-2010 07:00,0.836533333
07-12-2010 08:00,0.944233333
07-12-2010 09:00,0.6024
07-12-2010 10:00,0.759166667
07-12-2010 11:00,0.628533333
07-12-2010 12:00,0.7223
07-12-2010 13:00,0.621266667
07-12-2010 14:00,0.521633333
07-12-2010 15:00,0.542933333
07-12-2010 16:00,0.353033333
07-12-2010 17:00,1.1607
07-12-2010 18:00,0.688433333
07-12-2010 19:00,0.5362
07-12-2010 20:00,1.504066667
07-12-2010 21:00,1.997566667
07-12-2010 22:00,1.863566667
07-12-2010 23:00,0.635933333
7/13/2010 0:00,0.3786
7/13/2010 1:00,0.435766667
7/13/2010 2:00,0.330166667
7/13/2010 3:00,0.3643
7/13/2010 4:00,0.4013
7/13/2010 5:00,0.389966667
7/13/2010 6:00,0.392466667
7/13/2010 7:00,1.143333333
7/13/2010 8:00,1.614433333
7/13/2010 9:00,1.710533333
7/13/2010 10:00,0.622933333
7/13/2010 11:00,0.601133333
7/13/2010 12:00,0.573866667
7/13/2010 13:00,1.4215
7/13/2010 14:00,1.736666667
7/13/2010 15:00,1.0986
7/13/2010 16:00,0.493133333
7/13/2010 17:00,0.489866667
7/13/2010 18:00,1.068966667
7/13/2010 19:00,1.358066667
7/13/2010 20:00,1.5689
7/13/2010 21:00,2.114333333
7/13/2010 22:00,1.849466667
7/13/2010 23:00,0.876933333
7/14/2010 0:00,0.497166667
7/14/2010 1:00,0.6503
7/14/2010 2:00,0.4663
7/14/2010 3:00,0.353233333
7/14/2010 4:00,0.395266667
7/14/2010 5:00,0.380266667
7/14/2010 6:00,0.4553
7/14/2010 7:00,0.936066667
7/14/2010 8:00,0.6037
7/14/2010 9:00,0.577633333
7/14/2010 10:00,0.497633333
7/14/2010 11:00,1.036133333
7/14/2010 12:00,1.1338
7/14/2010 13:00,1.240333333
7/14/2010 14:00,1.438666667
7/14/2010 15:00,1.074766667
7/14/2010 16:00,0.525
7/14/2010 17:00,0.487333333
7/14/2010 18:00,0.5254
7/14/2010 19:00,0.766566667
7/14/2010 20:00,0.931633333
7/14/2010 21:00,2.280733333
7/14/2010 22:00,3.108866667
7/14/2010 23:00,3.1291
7/15/2010 0:00,2.553166667
7/15/2010 1:00,1.384133333
7/15/2010 2:00,1.259233333
7/15/2010 3:00,0.801933333
7/15/2010 4:00,0.835366667
7/15/2010 5:00,0.7728
7/15/2010 6:00,0.811333333
7/15/2010 7:00,0.810133333
7/15/2010 8:00,1.232166667
7/15/2010 9:00,1.992066667
7/15/2010 10:00,1.102666667
7/15/2010 11:00,1.1862
7/15/2010 12:00,0.548766667
7/15/2010 13:00,0.5031
7/15/2010 14:00,0.885033333
7/15/2010 15:00,1.8799
7/15/2010 16:00,1.1059
7/15/2010 17:00,0.5337
7/15/2010 18:00,0.5462
7/15/2010 19:00,0.514966667
7/15/2010 20:00,0.523833333
7/15/2010 21:00,1.7314
7/15/2010 22:00,2.395133333
7/15/2010 23:00,1.330166667
7/16/2010 0:00,0.7512
7/16/2010 1:00,0.598533333
7/16/2010 2:00,0.397
7/16/2010 3:00,0.465666667
7/16/2010 4:00,0.330766667
7/16/2010 5:00,0.2789
7/16/2010 6:00,0.3542
7/16/2010 7:00,0.278366667
7/16/2010 8:00,0.794933333
7/16/2010 9:00,0.735733333
7/16/2010 10:00,0.5718
7/16/2010 11:00,0.301833333
7/16/2010 12:00,0.3291
7/16/2010 13:00,0.632
7/16/2010 14:00,0.6921
7/16/2010 15:00,1.3842
7/16/2010 16:00,0.566933333
7/16/2010 17:00,0.314466667
7/16/2010 18:00,0.293733333
7/16/2010 19:00,0.346566667
7/16/2010 20:00,0.2785
7/16/2010 21:00,0.9086
7/16/2010 22:00,1.1646
7/16/2010 23:00,0.897866667
7/17/2010 0:00,0.8313
7/17/2010 1:00,1.018933333
7/17/2010 2:00,1.0147
7/17/2010 3:00,0.3171
7/17/2010 4:00,0.3345
7/17/2010 5:00,0.3042
7/17/2010 6:00,0.321133333
7/17/2010 7:00,0.311766667
7/17/2010 8:00,0.4137
7/17/2010 9:00,1.384066667
7/17/2010 10:00,1.392866667
7/17/2010 11:00,0.3967
7/17/2010 12:00,0.3141
7/17/2010 13:00,0.250333333
7/17/2010 14:00,0.302433333
7/17/2010 15:00,0.297866667
7/17/2010 16:00,0.320166667
7/17/2010 17:00,0.294066667
7/17/2010 18:00,0.303966667
7/17/2010 19:00,0.3233
7/17/2010 20:00,1.012266667
7/17/2010 21:00,0.690433333
7/17/2010 22:00,0.7294
7/17/2010 23:00,0.5599
7/18/2010 0:00,0.4363
7/18/2010 1:00,0.400366667
7/18/2010 2:00,0.332
7/18/2010 3:00,0.593733333
7/18/2010 4:00,0.216866667
7/18/2010 5:00,0.316
7/18/2010 6:00,0.295566667
7/18/2010 7:00,1.161966667
7/18/2010 8:00,0.301166667
7/18/2010 9:00,0.312166667
7/18/2010 10:00,0.239633333
7/18/2010 11:00,0.285133333
7/18/2010 12:00,0.317366667
7/18/2010 13:00,0.2658
7/18/2010 14:00,0.326433333
7/18/2010 15:00,0.2299
7/18/2010 16:00,0.294466667
7/18/2010 17:00,0.2893
7/18/2010 18:00,0.9191
7/18/2010 19:00,1.233066667
7/18/2010 20:00,1.144933333
7/18/2010 21:00,1.0483
7/18/2010 22:00,1.092166667
7/18/2010 23:00,1.482233333
7/19/2010 0:00,0.3711
7/19/2010 1:00,0.275166667
7/19/2010 2:00,0.282866667
7/19/2010 3:00,0.288733333
7/19/2010 4:00,0.317266667
7/19/2010 5:00,0.306266667
7/19/2010 6:00,0.981466667
7/19/2010 7:00,0.599866667
7/19/2010 8:00,0.2998
7/19/2010 9:00,0.300933333
7/19/2010 10:00,0.349266667
7/19/2010 11:00,0.3242
7/19/2010 12:00,0.21
7/19/2010 13:00,0.391033333
7/19/2010 14:00,0.346366667
7/19/2010 15:00,0.5119
7/19/2010 16:00,0.409
7/19/2010 17:00,1.0613
7/19/2010 18:00,1.3475
7/19/2010 19:00,1.403
7/19/2010 20:00,0.371333333
7/19/2010 21:00,0.3825
7/19/2010 22:00,1.2311
7/19/2010 23:00,0.990666667
7/20/2010 0:00,0.433866667
7/20/2010 1:00,0.368433333
7/20/2010 2:00,0.464766667
7/20/2010 3:00,0.696333333
7/20/2010 4:00,0.347033333
7/20/2010 5:00,0.433033333
7/20/2010 6:00,1.0626
7/20/2010 7:00,0.3312
7/20/2010 8:00,0.333133333
7/20/2010 9:00,0.353566667
7/20/2010 10:00,1.1478
7/20/2010 11:00,0.760233333
7/20/2010 12:00,0.3365
7/20/2010 13:00,0.343666667
7/20/2010 14:00,0.3074
7/20/2010 15:00,0.323066667
7/20/2010 16:00,0.284533333
7/20/2010 17:00,0.475966667
7/20/2010 18:00,0.725433333
7/20/2010 19:00,0.6658
7/20/2010 20:00,1.618166667
7/20/2010 21:00,0.757966667
7/20/2010 22:00,0.733533333
7/20/2010 23:00,0.9597
7/21/2010 0:00,0.782266667
7/21/2010 1:00,0.737433333
7/21/2010 2:00,0.335966667
7/21/2010 3:00,0.311633333
7/21/2010 4:00,0.352033333
7/21/2010 5:00,0.307033333
7/21/2010 6:00,0.3785
7/21/2010 7:00,0.663633333
7/21/2010 8:00,0.8515
7/21/2010 9:00,0.355
7/21/2010 10:00,0.305366667
7/21/2010 11:00,0.333433333
7/21/2010 12:00,0.286533333
7/21/2010 13:00,0.776133333
7/21/2010 14:00,0.8655
7/21/2010 15:00,0.748766667
7/21/2010 16:00,1.2842
7/21/2010 17:00,0.740866667
7/21/2010 18:00,0.333633333
7/21/2010 19:00,0.7568
7/21/2010 20:00,1.2741
7/21/2010 21:00,0.476233333
7/21/2010 22:00,1.6014
7/21/2010 23:00,2.878133333
7/22/2010 0:00,2.674933333
7/22/2010 1:00,2.168033333
7/22/2010 2:00,1.462466667
7/22/2010 3:00,1.4041
7/22/2010 4:00,1.368266667
7/22/2010 5:00,0.4356
7/22/2010 6:00,0.3668
7/22/2010 7:00,0.471233333
7/22/2010 8:00,1.018333333
7/22/2010 9:00,0.361933333
7/22/2010 10:00,0.359433333
7/22/2010 11:00,0.3411
7/22/2010 12:00,0.3692
7/22/2010 13:00,0.366133333
7/22/2010 14:00,1.3246
7/22/2010 15:00,0.366833333
7/22/2010 16:00,0.376266667
7/22/2010 17:00,0.386033333
7/22/2010 18:00,0.372466667
7/22/2010 19:00,0.374833333
7/22/2010 20:00,0.395566667
7/22/2010 21:00,0.9666
7/22/2010 22:00,1.148366667
7/22/2010 23:00,0.5283
7/23/2010 0:00,0.534533333
7/23/2010 1:00,1.264333333
7/23/2010 2:00,0.591666667
7/23/2010 3:00,1.244966667
7/23/2010 4:00,1.1148
7/23/2010 5:00,0.844833333
7/23/2010 6:00,0.3563
7/23/2010 7:00,0.3832
7/23/2010 8:00,0.7163
7/23/2010 9:00,1.413366667
7/23/2010 10:00,0.432733333
7/23/2010 11:00,0.3619
7/23/2010 12:00,0.583766667
7/23/2010 13:00,0.784266667
7/23/2010 14:00,0.458033333
7/23/2010 15:00,0.931433333
7/23/2010 16:00,0.5397
7/23/2010 17:00,0.358066667
7/23/2010 18:00,0.3793
7/23/2010 19:00,1.407866667
7/23/2010 20:00,1.501566667
7/23/2010 21:00,1.651066667
7/23/2010 22:00,0.9489
7/23/2010 23:00,0.799733333
7/24/2010 0:00,0.774866667
7/24/2010 1:00,0.753866667
7/24/2010 2:00,0.474533333
7/24/2010 3:00,0.3524
7/24/2010 4:00,0.370333333
7/24/2010 5:00,0.3557
7/24/2010 6:00,0.387766667
7/24/2010 7:00,0.912233333
7/24/2010 8:00,0.537233333
7/24/2010 9:00,0.3776
7/24/2010 10:00,0.353366667
7/24/2010 11:00,0.363466667
7/24/2010 12:00,0.653533333
7/24/2010 13:00,0.795333333
7/24/2010 14:00,0.342433333
7/24/2010 15:00,0.361033333
7/24/2010 16:00,0.363466667
7/24/2010 17:00,0.3763
7/24/2010 18:00,0.758033333
7/24/2010 19:00,0.883466667
7/24/2010 20:00,0.6974
7/24/2010 21:00,1.7543
7/24/2010 22:00,1.230266667
7/24/2010 23:00,1.1322
7/25/2010 0:00,1.092
7/25/2010 1:00,0.901366667
7/25/2010 2:00,0.351966667
7/25/2010 3:00,0.324133333
7/25/2010 4:00,0.384966667
7/25/2010 5:00,0.368333333
7/25/2010 6:00,0.881433333
7/25/2010 7:00,0.802833333
7/25/2010 8:00,0.376666667
7/25/2010 9:00,0.354866667
7/25/2010 10:00,1.394833333
7/25/2010 11:00,1.644133333
7/25/2010 12:00,1.5775
7/25/2010 13:00,0.853033333
7/25/2010 14:00,0.365333333
7/25/2010 15:00,0.364833333
7/25/2010 16:00,0.385566667
7/25/2010 17:00,0.361333333
7/25/2010 18:00,0.372166667
7/25/2010 19:00,0.8781
7/25/2010 20:00,0.679466667
7/25/2010 21:00,0.641666667
7/25/2010 22:00,0.652266667
7/25/2010 23:00,2.831366667
7/26/2010 0:00,0.340633333
7/26/2010 1:00,0.3388
7/26/2010 2:00,0.278766667
7/26/2010 3:00,0.362566667
7/26/2010 4:00,0.3076
7/26/2010 5:00,0.333833333
7/26/2010 6:00,0.2578
7/26/2010 7:00,0.3333
7/26/2010 8:00,1.7709
7/26/2010 9:00,0.412433333
7/26/2010 10:00,0.743233333
7/26/2010 11:00,1.083233333
7/26/2010 12:00,0.513166667
7/26/2010 13:00,0.329966667
7/26/2010 14:00,0.325466667
7/26/2010 15:00,0.295733333
7/26/2010 16:00,0.3364
7/26/2010 17:00,0.2747
7/26/2010 18:00,0.3483
7/26/2010 19:00,0.295033333
7/26/2010 20:00,0.324233333
7/26/2010 21:00,1.144266667
7/26/2010 22:00,2.091266667
7/26/2010 23:00,1.8942
7/27/2010 0:00,1.645633333
7/27/2010 1:00,1.617766667
7/27/2010 2:00,0.810133333
7/27/2010 3:00,0.356833333
7/27/2010 4:00,0.289766667
7/27/2010 5:00,0.311533333
7/27/2010 6:00,0.3014
7/27/2010 7:00,0.320266667
7/27/2010 8:00,0.275333333
7/27/2010 9:00,1.163533333
7/27/2010 10:00,0.744933333
7/27/2010 11:00,0.531366667
7/27/2010 12:00,0.581833333
7/27/2010 13:00,0.496333333
7/27/2010 14:00,0.289533333
7/27/2010 15:00,1.097566667
7/27/2010 16:00,0.303066667
7/27/2010 17:00,0.290166667
7/27/2010 18:00,0.3433
7/27/2010 19:00,0.275766667
7/27/2010 20:00,0.329266667
7/27/2010 21:00,0.8642
7/27/2010 22:00,1.208333333
7/27/2010 23:00,1.4248
7/28/2010 0:00,1.689566667
7/28/2010 1:00,1.4232
7/28/2010 2:00,0.706833333
7/28/2010 3:00,0.3252
7/28/2010 4:00,0.302233333
7/28/2010 5:00,0.3055
7/28/2010 6:00,0.451333333
7/28/2010 7:00,1.536666667
7/28/2010 8:00,1.3219
7/28/2010 9:00,1.251166667
7/28/2010 10:00,0.289266667
7/28/2010 11:00,0.3096
7/28/2010 12:00,0.3046
7/28/2010 13:00,0.320166667
7/28/2010 14:00,0.291833333
7/28/2010 15:00,0.321066667
7/28/2010 16:00,0.316066667
7/28/2010 17:00,0.283033333
7/28/2010 18:00,0.3363
7/28/2010 19:00,0.6348
7/28/2010 20:00,0.738566667
7/28/2010 21:00,0.295133333
7/28/2010 22:00,0.3436
7/28/2010 23:00,0.279933333
7/29/2010 0:00,0.3317
7/29/2010 1:00,0.317366667
7/29/2010 2:00,0.297266667
7/29/2010 3:00,0.326533333
7/29/2010 4:00,0.299333333
7/29/2010 5:00,0.322233333
7/29/2010 6:00,0.274866667
7/29/2010 7:00,1.234033333
7/29/2010 8:00,0.294633333
7/29/2010 9:00,0.324533333
7/29/2010 10:00,0.270766667
7/29/2010 11:00,0.276033333
7/29/2010 12:00,0.298666667
7/29/2010 13:00,0.316466667
7/29/2010 14:00,0.3056
7/29/2010 15:00,0.285966667
7/29/2010 16:00,0.336666667
7/29/2010 17:00,0.271633333
7/29/2010 18:00,0.45
7/29/2010 19:00,1.092866667
7/29/2010 20:00,0.319633333
7/29/2010 21:00,0.2858
7/29/2010 22:00,0.333366667
7/29/2010 23:00,0.285766667
7/30/2010 0:00,0.3081
7/30/2010 1:00,0.318933333
7/30/2010 2:00,0.291
7/30/2010 3:00,0.3068
7/30/2010 4:00,0.3015
7/30/2010 5:00,0.3123
7/30/2010 6:00,0.360866667
7/30/2010 7:00,1.1503
7/30/2010 8:00,0.476433333
7/30/2010 9:00,0.324666667
7/30/2010 10:00,0.2971
7/30/2010 11:00,0.3067
7/30/2010 12:00,0.281433333
7/30/2010 13:00,0.2663
7/30/2010 14:00,0.2795
7/30/2010 15:00,0.302733333
7/30/2010 16:00,0.317166667
7/30/2010 17:00,1.204966667
7/30/2010 18:00,0.315166667
7/30/2010 19:00,0.289633333
7/30/2010 20:00,0.2808
7/30/2010 21:00,0.2802
7/30/2010 22:00,0.3385
7/30/2010 23:00,0.276566667
7/31/2010 0:00,0.315733333
7/31/2010 1:00,0.301833333
7/31/2010 2:00,0.308666667
7/31/2010 3:00,0.288566667
7/31/2010 4:00,0.558666667
7/31/2010 5:00,1.005033333
7/31/2010 6:00,0.314
7/31/2010 7:00,0.331533333
7/31/2010 8:00,0.284633333
7/31/2010 9:00,0.296866667
7/31/2010 10:00,0.260633333
7/31/2010 11:00,0.3007
7/31/2010 12:00,0.284
7/31/2010 13:00,0.3337
7/31/2010 14:00,0.2824
7/31/2010 15:00,0.318533333
7/31/2010 16:00,0.685566667
7/31/2010 17:00,0.902433333
7/31/2010 18:00,0.288866667
7/31/2010 19:00,0.3428
7/31/2010 20:00,0.310966667
7/31/2010 21:00,0.297866667
7/31/2010 22:00,0.337333333
7/31/2010 23:00,0.292266667
08-01-2010 00:00,0.317066667
08-01-2010 01:00,0.292833333
08-01-2010 02:00,0.335066667
08-01-2010 03:00,0.264166667
08-01-2010 04:00,0.642733333
08-01-2010 05:00,0.9396
08-01-2010 06:00,0.315833333
08-01-2010 07:00,0.2658
08-01-2010 08:00,0.3033
08-01-2010 09:00,0.309633333
08-01-2010 10:00,0.290666667
08-01-2010 11:00,0.339266667
08-01-2010 12:00,0.2644
08-01-2010 13:00,0.331033333
08-01-2010 14:00,0.2915
08-01-2010 15:00,0.313666667
08-01-2010 16:00,0.6569
08-01-2010 17:00,0.918433333
08-01-2010 18:00,0.303233333
08-01-2010 19:00,0.312166667
08-01-2010 20:00,0.328366667
08-01-2010 21:00,0.305466667
08-01-2010 22:00,0.3077
08-01-2010 23:00,0.312233333
08-02-2010 00:00,0.3015
08-02-2010 01:00,0.252533333
08-02-2010 02:00,0.316833333
08-02-2010 03:00,0.277066667
08-02-2010 04:00,0.707733333
08-02-2010 05:00,0.860033333
08-02-2010 06:00,0.3291
08-02-2010 07:00,0.2859
08-02-2010 08:00,0.316466667
08-02-2010 09:00,0.322833333
08-02-2010 10:00,0.274666667
08-02-2010 11:00,0.339333333
08-02-2010 12:00,0.279333333
08-02-2010 13:00,0.322633333
08-02-2010 14:00,0.291733333
08-02-2010 15:00,0.331233333
08-02-2010 16:00,0.754033333
08-02-2010 17:00,0.742533333
08-02-2010 18:00,0.316733333
08-02-2010 19:00,0.308166667
08-02-2010 20:00,0.3232
08-02-2010 21:00,0.306966667
08-02-2010 22:00,0.3078
08-02-2010 23:00,0.289666667
08-03-2010 00:00,0.321866667
08-03-2010 01:00,0.2728
08-03-2010 02:00,0.320666667
08-03-2010 03:00,0.290133333
08-03-2010 04:00,0.923566667
08-03-2010 05:00,0.5683
08-03-2010 06:00,0.318933333
08-03-2010 07:00,0.282666667
08-03-2010 08:00,0.3582
08-03-2010 09:00,0.418766667
08-03-2010 10:00,0.380266667
08-03-2010 11:00,0.390766667
08-03-2010 12:00,0.3639
08-03-2010 13:00,0.415833333
08-03-2010 14:00,0.3883
08-03-2010 15:00,0.428866667
08-03-2010 16:00,1.3614
08-03-2010 17:00,0.4335
08-03-2010 18:00,0.3534
08-03-2010 19:00,0.394433333
08-03-2010 20:00,0.3806
08-03-2010 21:00,0.2781
08-03-2010 22:00,0.322033333
08-03-2010 23:00,0.286233333
08-04-2010 00:00,0.322866667
08-04-2010 01:00,0.27
08-04-2010 02:00,0.3335
08-04-2010 03:00,0.336366667
08-04-2010 04:00,1.154933333
08-04-2010 05:00,0.324433333
08-04-2010 06:00,0.2804
08-04-2010 07:00,0.316233333
08-04-2010 08:00,0.3183
08-04-2010 09:00,0.307133333
08-04-2010 10:00,0.280666667
08-04-2010 11:00,0.3258
08-04-2010 12:00,0.255033333
08-04-2010 13:00,0.2776
08-04-2010 14:00,0.294633333
08-04-2010 15:00,0.5886
08-04-2010 16:00,0.9815
08-04-2010 17:00,0.316966667
08-04-2010 18:00,0.307266667
08-04-2010 19:00,0.292066667
08-04-2010 20:00,0.342666667
08-04-2010 21:00,0.272266667
08-04-2010 22:00,0.303266667
08-04-2010 23:00,0.253433333
08-05-2010 00:00,0.308666667
08-05-2010 01:00,0.272833333
08-05-2010 02:00,0.327266667
08-05-2010 03:00,0.6917
08-05-2010 04:00,0.862833333
08-05-2010 05:00,0.314633333
08-05-2010 06:00,0.2312
08-05-2010 07:00,0.299833333
08-05-2010 08:00,0.298833333
08-05-2010 09:00,0.318933333
08-05-2010 10:00,0.272566667
08-05-2010 11:00,0.277566667
08-05-2010 12:00,0.2622
08-05-2010 13:00,0.314566667
08-05-2010 14:00,0.2877
08-05-2010 15:00,0.966866667
08-05-2010 16:00,0.536533333
08-05-2010 17:00,0.3036
08-05-2010 18:00,0.3042
08-05-2010 19:00,0.285366667
08-05-2010 20:00,0.335666667
08-05-2010 21:00,0.208533333
08-05-2010 22:00,0.3188
08-05-2010 23:00,0.290366667
08-06-2010 00:00,0.298566667
08-06-2010 01:00,0.280733333
08-06-2010 02:00,0.2885
08-06-2010 03:00,1.2259
08-06-2010 04:00,0.306933333
08-06-2010 05:00,0.2978
08-06-2010 06:00,0.281833333
08-06-2010 07:00,0.2632
08-06-2010 08:00,0.275
08-06-2010 09:00,0.2968
08-06-2010 10:00,0.274633333
08-06-2010 11:00,0.3009
08-06-2010 12:00,0.2164
08-06-2010 13:00,0.324133333
08-06-2010 14:00,0.597866667
08-06-2010 15:00,0.919233333
08-06-2010 16:00,0.267033333
08-06-2010 17:00,0.303266667
08-06-2010 18:00,0.2873
08-06-2010 19:00,0.2997
08-06-2010 20:00,0.2709
08-06-2010 21:00,0.2672
08-06-2010 22:00,0.330633333
08-06-2010 23:00,0.2713
08-07-2010 00:00,0.2987
08-07-2010 01:00,0.233766667
08-07-2010 02:00,0.912766667
08-07-2010 03:00,0.6713
08-07-2010 04:00,0.3227
08-07-2010 05:00,0.2813
08-07-2010 06:00,0.235133333
08-07-2010 07:00,0.306
08-07-2010 08:00,0.294933333
08-07-2010 09:00,0.306233333
08-07-2010 10:00,0.226266667
08-07-2010 11:00,0.306466667
08-07-2010 12:00,0.2575
08-07-2010 13:00,0.3364
08-07-2010 14:00,0.858133333
08-07-2010 15:00,0.619833333
08-07-2010 16:00,0.2899
08-07-2010 17:00,0.2991
08-07-2010 18:00,0.2804
08-07-2010 19:00,0.339366667
08-07-2010 20:00,0.2285
08-07-2010 21:00,0.299266667
08-07-2010 22:00,0.3097
08-07-2010 23:00,0.2776
08-08-2010 00:00,0.317266667
08-08-2010 01:00,0.285
08-08-2010 02:00,1.182633333
08-08-2010 03:00,0.320033333
08-08-2010 04:00,0.3169
08-08-2010 05:00,0.270166667
08-08-2010 06:00,0.320466667
08-08-2010 07:00,0.2682
08-08-2010 08:00,0.2649
08-08-2010 09:00,0.290233333
08-08-2010 10:00,0.318633333
08-08-2010 11:00,0.277066667
08-08-2010 12:00,0.242233333
08-08-2010 13:00,0.530233333
08-08-2010 14:00,1.0143
08-08-2010 15:00,0.313266667
08-08-2010 16:00,0.230066667
08-08-2010 17:00,0.292966667
08-08-2010 18:00,0.2939
08-08-2010 19:00,0.3342
08-08-2010 20:00,0.209533333
08-08-2010 21:00,0.3331
08-08-2010 22:00,0.269133333
08-08-2010 23:00,0.313233333
08-09-2010 00:00,0.282966667
08-09-2010 01:00,0.847266667
08-09-2010 02:00,0.660166667
08-09-2010 03:00,0.3196
08-09-2010 04:00,0.2963
08-09-2010 05:00,0.285133333
08-09-2010 06:00,0.317766667
08-09-2010 07:00,0.292166667
08-09-2010 08:00,0.2481
08-09-2010 09:00,0.3048
08-09-2010 10:00,0.298133333
08-09-2010 11:00,0.275466667
08-09-2010 12:00,0.333033333
08-09-2010 13:00,1.096466667
08-09-2010 14:00,0.394233333
08-09-2010 15:00,0.2846
08-09-2010 16:00,0.320866667
08-09-2010 17:00,0.2699
08-09-2010 18:00,0.302233333
08-09-2010 19:00,0.2678
08-09-2010 20:00,0.3088
08-09-2010 21:00,0.308133333
08-09-2010 22:00,0.313566667
08-09-2010 23:00,0.290233333
08-10-2010 00:00,0.353766667
08-10-2010 01:00,1.249
08-10-2010 02:00,0.290366667
08-10-2010 03:00,0.261933333
08-10-2010 04:00,0.2945
08-10-2010 05:00,0.313733333
08-10-2010 06:00,0.2842
08-10-2010 07:00,0.333166667
08-10-2010 08:00,0.257966667
08-10-2010 09:00,0.338966667
08-10-2010 10:00,0.258733333
08-10-2010 11:00,0.2742
08-10-2010 12:00,0.4379
08-10-2010 13:00,1.154866667
08-10-2010 14:00,0.2911
08-10-2010 15:00,0.300366667
08-10-2010 16:00,0.3249
08-10-2010 17:00,0.2845
08-10-2010 18:00,0.322333333
08-10-2010 19:00,0.262033333
08-10-2010 20:00,0.2997
08-10-2010 21:00,0.2843
08-10-2010 22:00,0.3303
08-10-2010 23:00,0.276466667
08-11-2010 00:00,0.436633333
08-11-2010 01:00,1.134933333
08-11-2010 02:00,0.3216
08-11-2010 03:00,0.275766667
08-11-2010 04:00,0.327
08-11-2010 05:00,0.241133333
08-11-2010 06:00,0.2839
08-11-2010 07:00,0.3261
08-11-2010 08:00,0.282566667
08-11-2010 09:00,0.3212
08-11-2010 10:00,0.2798
08-11-2010 11:00,0.3235
08-11-2010 12:00,0.484433333
08-11-2010 13:00,1.025566667
08-11-2010 14:00,0.2878
08-11-2010 15:00,0.300766667
08-11-2010 16:00,0.286466667
08-11-2010 17:00,0.3285
08-11-2010 18:00,0.2832
08-11-2010 19:00,0.318933333
08-11-2010 20:00,0.257666667
08-11-2010 21:00,0.295466667
08-11-2010 22:00,0.314166667
08-11-2010 23:00,0.296266667
08-12-2010 00:00,0.616733333
08-12-2010 01:00,0.9415
08-12-2010 02:00,0.277633333
08-12-2010 03:00,0.270133333
08-12-2010 04:00,0.3089
08-12-2010 05:00,0.2886
08-12-2010 06:00,0.311533333
08-12-2010 07:00,0.280366667
08-12-2010 08:00,0.259866667
08-12-2010 09:00,0.306933333
08-12-2010 10:00,0.2762
08-12-2010 11:00,0.3204
08-12-2010 12:00,0.753933333
08-12-2010 13:00,0.7424
08-12-2010 14:00,0.2872
08-12-2010 15:00,0.3151
08-12-2010 16:00,0.2699
08-12-2010 17:00,0.3038
08-12-2010 18:00,0.246066667
08-12-2010 19:00,0.310966667
08-12-2010 20:00,0.305466667
08-12-2010 21:00,0.312866667
08-12-2010 22:00,0.261433333
08-12-2010 23:00,0.260366667
8/13/2010 0:00,1.024866667
8/13/2010 1:00,0.547766667
8/13/2010 2:00,0.3143
8/13/2010 3:00,0.227133333
8/13/2010 4:00,0.310733333
8/13/2010 5:00,0.262733333
8/13/2010 6:00,0.3305
8/13/2010 7:00,0.269166667
8/13/2010 8:00,0.253766667
8/13/2010 9:00,0.314533333
8/13/2010 10:00,0.276
8/13/2010 11:00,0.3081
8/13/2010 12:00,1.1694
8/13/2010 13:00,0.340833333
8/13/2010 14:00,0.255333333
8/13/2010 15:00,0.3295
8/13/2010 16:00,0.2618
8/13/2010 17:00,0.2516
8/13/2010 18:00,0.3005
8/13/2010 19:00,0.296533333
8/13/2010 20:00,0.2919
8/13/2010 21:00,0.252833333
8/13/2010 22:00,0.301933333
8/13/2010 23:00,0.413133333
8/14/2010 0:00,1.1578
8/14/2010 1:00,0.2223
8/14/2010 2:00,0.2961
8/14/2010 3:00,0.283
8/14/2010 4:00,0.3174
8/14/2010 5:00,0.200333333
8/14/2010 6:00,0.3201
8/14/2010 7:00,0.267933333
8/14/2010 8:00,0.3123
8/14/2010 9:00,0.211633333
8/14/2010 10:00,0.319033333
8/14/2010 11:00,0.7287
8/14/2010 12:00,0.765833333
8/14/2010 13:00,0.295866667
8/14/2010 14:00,0.279333333
8/14/2010 15:00,0.2941
8/14/2010 16:00,0.2379
8/14/2010 17:00,0.2874
8/14/2010 18:00,0.2868
8/14/2010 19:00,0.271933333
8/14/2010 20:00,0.2736
8/14/2010 21:00,0.303833333
8/14/2010 22:00,0.290233333
8/14/2010 23:00,1.014366667
8/15/2010 0:00,0.476566667
8/15/2010 1:00,0.3296
8/15/2010 2:00,0.258333333
8/15/2010 3:00,0.252
8/15/2010 4:00,0.282233333
8/15/2010 5:00,0.309066667
8/15/2010 6:00,0.264866667
8/15/2010 7:00,0.264433333
8/15/2010 8:00,0.280266667
8/15/2010 9:00,0.294
8/15/2010 10:00,0.347733333
8/15/2010 11:00,1.226566667
8/15/2010 12:00,0.290066667
8/15/2010 13:00,0.3015
8/15/2010 14:00,0.998333333
8/15/2010 15:00,0.4085
8/15/2010 16:00,1.8561
8/15/2010 17:00,1.9023
8/15/2010 18:00,2.1767
8/15/2010 19:00,0.929866667
8/15/2010 20:00,1.2045
8/15/2010 21:00,0.971966667
8/15/2010 22:00,1.449866667
8/15/2010 23:00,0.5244
8/16/2010 0:00,0.297633333
8/16/2010 1:00,0.332933333
8/16/2010 2:00,0.263866667
8/16/2010 3:00,0.302466667
8/16/2010 4:00,0.318566667
8/16/2010 5:00,0.3097
8/16/2010 6:00,0.2612
8/16/2010 7:00,0.965066667
8/16/2010 8:00,1.516566667
8/16/2010 9:00,1.376333333
8/16/2010 10:00,1.342033333
8/16/2010 11:00,0.2498
8/16/2010 12:00,0.482733333
8/16/2010 13:00,0.7548
8/16/2010 14:00,0.8666
8/16/2010 15:00,0.3209
8/16/2010 16:00,0.852733333
8/16/2010 17:00,0.671233333
8/16/2010 18:00,0.743833333
8/16/2010 19:00,1.049733333
8/16/2010 20:00,1.475333333
8/16/2010 21:00,1.286833333
8/16/2010 22:00,1.552166667
8/16/2010 23:00,1.235766667
8/17/2010 0:00,1.060066667
8/17/2010 1:00,1.079633333
8/17/2010 2:00,0.824666667
8/17/2010 3:00,0.744666667
8/17/2010 4:00,0.812766667
8/17/2010 5:00,0.8006
8/17/2010 6:00,0.753066667
8/17/2010 7:00,1.079866667
8/17/2010 8:00,1.140966667
8/17/2010 9:00,1.896533333
8/17/2010 10:00,1.344633333
8/17/2010 11:00,0.778533333
8/17/2010 12:00,0.291066667
8/17/2010 13:00,0.418233333
8/17/2010 14:00,0.337166667
8/17/2010 15:00,0.358166667
8/17/2010 16:00,0.767233333
8/17/2010 17:00,0.318066667
8/17/2010 18:00,0.235166667
8/17/2010 19:00,0.3628
8/17/2010 20:00,0.869866667
8/17/2010 21:00,1.242
8/17/2010 22:00,1.552166667
8/17/2010 23:00,1.235766667
8/18/2010 0:00,1.060066667
8/18/2010 1:00,1.079633333
8/18/2010 2:00,0.824666667
8/18/2010 3:00,0.744666667
8/18/2010 4:00,0.812766667
8/18/2010 5:00,0.8006
8/18/2010 6:00,0.753066667
8/18/2010 7:00,1.079866667
8/18/2010 8:00,1.140966667
8/18/2010 9:00,1.896533333
8/18/2010 10:00,1.344633333
8/18/2010 11:00,0.778533333
8/18/2010 12:00,0.291066667
8/18/2010 13:00,0.418233333
8/18/2010 14:00,0.337166667
8/18/2010 15:00,0.358166667
8/18/2010 16:00,0.767233333
8/18/2010 17:00,0.318066667
8/18/2010 18:00,0.235166667
8/18/2010 19:00,0.3628
8/18/2010 20:00,0.869866667
8/18/2010 21:00,1.242
8/18/2010 22:00,1.552166667
8/18/2010 23:00,1.235766667
8/19/2010 0:00,1.060066667
8/19/2010 1:00,1.079633333
8/19/2010 2:00,0.824666667
8/19/2010 3:00,0.744666667
8/19/2010 4:00,0.812766667
8/19/2010 5:00,0.8006
8/19/2010 6:00,0.753066667
8/19/2010 7:00,1.079866667
8/19/2010 8:00,1.140966667
8/19/2010 9:00,1.896533333
8/19/2010 10:00,1.344633333
8/19/2010 11:00,0.778533333
8/19/2010 12:00,0.291066667
8/19/2010 13:00,0.418233333
8/19/2010 14:00,0.337166667
8/19/2010 15:00,0.358166667
8/19/2010 16:00,0.767233333
8/19/2010 17:00,0.318066667
8/19/2010 18:00,0.235166667
8/19/2010 19:00,0.3628
8/19/2010 20:00,0.869866667
8/19/2010 21:00,1.242
8/19/2010 22:00,1.552166667
8/19/2010 23:00,1.235766667
8/20/2010 0:00,1.060066667
8/20/2010 1:00,1.079633333
8/20/2010 2:00,0.824666667
8/20/2010 3:00,0.744666667
8/20/2010 4:00,0.812766667
8/20/2010 5:00,0.8006
8/20/2010 6:00,0.753066667
8/20/2010 7:00,1.079866667
8/20/2010 8:00,1.140966667
8/20/2010 9:00,1.896533333
8/20/2010 10:00,1.344633333
8/20/2010 11:00,0.778533333
8/20/2010 12:00,0.291066667
8/20/2010 13:00,0.418233333
8/20/2010 14:00,0.337166667
8/20/2010 15:00,0.358166667
8/20/2010 16:00,0.767233333
8/20/2010 17:00,0.318066667
8/20/2010 18:00,0.235166667
8/20/2010 19:00,0.3628
8/20/2010 20:00,0.869866667
8/20/2010 21:00,1.242
8/20/2010 22:00,1.552166667
8/20/2010 23:00,1.235766667
8/21/2010 0:00,1.060066667
8/21/2010 1:00,1.079633333
8/21/2010 2:00,0.824666667
8/21/2010 3:00,0.744666667
8/21/2010 4:00,0.812766667
8/21/2010 5:00,0.8006
8/21/2010 6:00,0.753066667
8/21/2010 7:00,1.079866667
8/21/2010 8:00,1.140966667
8/21/2010 9:00,1.896533333
8/21/2010 10:00,1.344633333
8/21/2010 11:00,0.778533333
8/21/2010 12:00,0.291066667
8/21/2010 13:00,0.418233333
8/21/2010 14:00,0.337166667
8/21/2010 15:00,0.358166667
8/21/2010 16:00,0.767233333
8/21/2010 17:00,0.318066667
8/21/2010 18:00,0.235166667
8/21/2010 19:00,0.3628
8/21/2010 20:00,0.869866667
8/21/2010 21:00,1.242
8/21/2010 22:00,1.552166667
8/21/2010 23:00,1.235766667
8/22/2010 0:00,1.060066667
8/22/2010 1:00,1.079633333
8/22/2010 2:00,0.824666667
8/22/2010 3:00,0.744666667
8/22/2010 4:00,0.812766667
8/22/2010 5:00,0.8006
8/22/2010 6:00,0.753066667
8/22/2010 7:00,1.079866667
8/22/2010 8:00,1.140966667
8/22/2010 9:00,1.896533333
8/22/2010 10:00,1.344633333
8/22/2010 11:00,0.778533333
8/22/2010 12:00,0.291066667
8/22/2010 13:00,0.418233333
8/22/2010 14:00,0.337166667
8/22/2010 15:00,0.358166667
8/22/2010 16:00,0.767233333
8/22/2010 17:00,0.318066667
8/22/2010 18:00,0.235166667
8/22/2010 19:00,0.3628
8/22/2010 20:00,0.869866667
8/22/2010 21:00,0.9676
8/22/2010 22:00,0.811533333
8/22/2010 23:00,0.364366667
8/23/2010 0:00,0.3487
8/23/2010 1:00,0.335866667
8/23/2010 2:00,0.3663
8/23/2010 3:00,0.7253
8/23/2010 4:00,0.705366667
8/23/2010 5:00,0.324366667
8/23/2010 6:00,0.3664
8/23/2010 7:00,1.309266667
8/23/2010 8:00,1.4589
8/23/2010 9:00,0.601366667
8/23/2010 10:00,0.3687
8/23/2010 11:00,0.34
8/23/2010 12:00,0.3449
8/23/2010 13:00,0.347933333
8/23/2010 14:00,0.317666667
8/23/2010 15:00,0.370233333
8/23/2010 16:00,0.307833333
8/23/2010 17:00,0.374833333
8/23/2010 18:00,0.978666667
8/23/2010 19:00,0.458333333
8/23/2010 20:00,0.562
8/23/2010 21:00,0.653933333
8/23/2010 22:00,0.466233333
8/23/2010 23:00,0.327866667
8/24/2010 0:00,0.3574
8/24/2010 1:00,0.317233333
8/24/2010 2:00,0.353266667
8/24/2010 3:00,0.301466667
8/24/2010 4:00,0.3601
8/24/2010 5:00,0.6707
8/24/2010 6:00,0.716
8/24/2010 7:00,0.996
8/24/2010 8:00,1.422233333
8/24/2010 9:00,0.773733333
8/24/2010 10:00,0.346
8/24/2010 11:00,0.349866667
8/24/2010 12:00,0.328766667
8/24/2010 13:00,0.366133333
8/24/2010 14:00,0.3101
8/24/2010 15:00,0.325433333
8/24/2010 16:00,0.303066667
8/24/2010 17:00,0.3684
8/24/2010 18:00,0.9464
8/24/2010 19:00,0.378233333
8/24/2010 20:00,0.347
8/24/2010 21:00,0.374433333
8/24/2010 22:00,0.6837
8/24/2010 23:00,0.353466667
8/25/2010 0:00,0.3427
8/25/2010 1:00,0.329766667
8/25/2010 2:00,0.356266667
8/25/2010 3:00,0.310366667
8/25/2010 4:00,0.8391
8/25/2010 5:00,0.5518
8/25/2010 6:00,0.3572
8/25/2010 7:00,1.182133333
8/25/2010 8:00,1.839133333
8/25/2010 9:00,1.541666667
8/25/2010 10:00,0.336766667
8/25/2010 11:00,0.271366667
8/25/2010 12:00,0.310466667
8/25/2010 13:00,0.319433333
8/25/2010 14:00,0.311833333
8/25/2010 15:00,0.336766667
8/25/2010 16:00,0.239466667
8/25/2010 17:00,0.3452
8/25/2010 18:00,0.9426
8/25/2010 19:00,0.353466667
8/25/2010 20:00,1.053933333
8/25/2010 21:00,1.5824
8/25/2010 22:00,1.4607
8/25/2010 23:00,0.8256
8/26/2010 0:00,0.539166667
8/26/2010 1:00,0.271566667
8/26/2010 2:00,0.3238
8/26/2010 3:00,0.317266667
8/26/2010 4:00,0.343566667
8/26/2010 5:00,0.303366667
8/26/2010 6:00,0.337866667
8/26/2010 7:00,1.313633333
8/26/2010 8:00,1.405933333
8/26/2010 9:00,0.712133333
8/26/2010 10:00,0.3294
8/26/2010 11:00,0.331966667
8/26/2010 12:00,0.5291
8/26/2010 13:00,0.336766667
8/26/2010 14:00,0.3382
8/26/2010 15:00,0.326
8/26/2010 16:00,0.3312
8/26/2010 17:00,0.351933333
8/26/2010 18:00,0.972966667
8/26/2010 19:00,0.4751
8/26/2010 20:00,0.396566667
8/26/2010 21:00,0.6557
8/26/2010 22:00,0.3233
8/26/2010 23:00,1.054366667
8/27/2010 0:00,0.5064
8/27/2010 1:00,0.409166667
8/27/2010 2:00,0.334666667
8/27/2010 3:00,0.349833333
8/27/2010 4:00,1.109433333
8/27/2010 5:00,0.324366667
8/27/2010 6:00,0.3486
8/27/2010 7:00,0.521333333
8/27/2010 8:00,1.2256
8/27/2010 9:00,1.6963
8/27/2010 10:00,1.505966667
8/27/2010 11:00,1.5641
8/27/2010 12:00,2.142533333
8/27/2010 13:00,1.7725
8/27/2010 14:00,2.996566667
8/27/2010 15:00,2.477133333
8/27/2010 16:00,0.774833333
8/27/2010 17:00,1.778233333
8/27/2010 18:00,2.801633333
8/27/2010 19:00,3.052666667
8/27/2010 20:00,2.080466667
8/27/2010 21:00,2.3304
8/27/2010 22:00,1.162366667
8/27/2010 23:00,0.579066667
8/28/2010 0:00,0.456533333
8/28/2010 1:00,0.3438
8/28/2010 2:00,0.368366667
8/28/2010 3:00,0.354333333
8/28/2010 4:00,0.3337
8/28/2010 5:00,0.9637
8/28/2010 6:00,0.3224
8/28/2010 7:00,0.331466667
8/28/2010 8:00,0.4172
8/28/2010 9:00,0.6422
8/28/2010 10:00,0.608866667
8/28/2010 11:00,1.458266667
8/28/2010 12:00,2.592233333
8/28/2010 13:00,2.348966667
8/28/2010 14:00,2.053833333
8/28/2010 15:00,2.025333333
8/28/2010 16:00,2.005333333
8/28/2010 17:00,1.795333333
8/28/2010 18:00,1.453733333
8/28/2010 19:00,1.420866667
8/28/2010 20:00,0.780733333
8/28/2010 21:00,0.3334
8/28/2010 22:00,0.302566667
8/28/2010 23:00,0.334433333
8/29/2010 0:00,0.691066667
8/29/2010 1:00,0.3606
8/29/2010 2:00,0.318633333
8/29/2010 3:00,0.360033333
8/29/2010 4:00,0.274766667
8/29/2010 5:00,1.118866667
8/29/2010 6:00,0.2983
8/29/2010 7:00,0.342233333
8/29/2010 8:00,0.491733333
8/29/2010 9:00,0.3921
8/29/2010 10:00,0.647466667
8/29/2010 11:00,1.547333333
8/29/2010 12:00,2.5704
8/29/2010 13:00,2.1139
8/29/2010 14:00,1.502133333
8/29/2010 15:00,1.419366667
8/29/2010 16:00,0.374166667
8/29/2010 17:00,1.433766667
8/29/2010 18:00,1.1072
8/29/2010 19:00,1.745066667
8/29/2010 20:00,2.198933333
8/29/2010 21:00,3.2345
8/29/2010 22:00,2.315966667
8/29/2010 23:00,0.949466667
8/30/2010 0:00,0.550733333
8/30/2010 1:00,0.483233333
8/30/2010 2:00,0.341133333
8/30/2010 3:00,0.287366667
8/30/2010 4:00,0.2851
8/30/2010 5:00,0.286733333
8/30/2010 6:00,0.336766667
8/30/2010 7:00,0.890566667
8/30/2010 8:00,1.408533333
8/30/2010 9:00,1.0479
8/30/2010 10:00,0.879266667
8/30/2010 11:00,1.5097
8/30/2010 12:00,1.742133333
8/30/2010 13:00,2.218233333
8/30/2010 14:00,2.417133333
8/30/2010 15:00,1.8369
8/30/2010 16:00,1.693566667
8/30/2010 17:00,0.3625
8/30/2010 18:00,0.331233333
8/30/2010 19:00,1.1589
8/30/2010 20:00,0.869633333
8/30/2010 21:00,2.242233333
8/30/2010 22:00,1.163766667
8/30/2010 23:00,0.5701
8/31/2010 0:00,0.401766667
8/31/2010 1:00,0.366366667
8/31/2010 2:00,0.319633333
8/31/2010 3:00,0.295533333
8/31/2010 4:00,1.035433333
8/31/2010 5:00,0.3288
8/31/2010 6:00,0.244633333
8/31/2010 7:00,0.5892
8/31/2010 8:00,1.532766667
8/31/2010 9:00,1.482366667
8/31/2010 10:00,1.166633333
8/31/2010 11:00,1.580666667
8/31/2010 12:00,1.288466667
8/31/2010 13:00,1.053566667
8/31/2010 14:00,0.869933333
8/31/2010 15:00,0.613033333
8/31/2010 16:00,0.754233333
8/31/2010 17:00,1.451733333
8/31/2010 18:00,1.7887
8/31/2010 19:00,1.3791
8/31/2010 20:00,1.819366667
8/31/2010 21:00,1.139566667
8/31/2010 22:00,0.688
8/31/2010 23:00,0.562266667
09-01-2010 00:00,0.3771
09-01-2010 01:00,0.289133333
09-01-2010 02:00,0.340166667
09-01-2010 03:00,0.302133333
09-01-2010 04:00,0.803166667
09-01-2010 05:00,0.310533333
09-01-2010 06:00,0.4614
09-01-2010 07:00,0.984033333
09-01-2010 08:00,1.457066667
09-01-2010 09:00,0.842366667
09-01-2010 10:00,1.909933333
09-01-2010 11:00,2.117733333
09-01-2010 12:00,1.674733333
09-01-2010 13:00,1.6333
09-01-2010 14:00,1.713633333
09-01-2010 15:00,1.429233333
09-01-2010 16:00,1.389166667
09-01-2010 17:00,1.485633333
09-01-2010 18:00,0.539233333
09-01-2010 19:00,0.549433333
09-01-2010 20:00,1.861433333
09-01-2010 21:00,2.5369
09-01-2010 22:00,1.180133333
09-01-2010 23:00,0.3677
09-02-2010 00:00,0.333066667
09-02-2010 01:00,0.3055
09-02-2010 02:00,0.3466
09-02-2010 03:00,0.2548
09-02-2010 04:00,0.339833333
09-02-2010 05:00,0.300933333
09-02-2010 06:00,1.037866667
09-02-2010 07:00,0.774433333
09-02-2010 08:00,1.599933333
09-02-2010 09:00,1.633733333
09-02-2010 10:00,1.7061
09-02-2010 11:00,1.654533333
09-02-2010 12:00,1.518766667
09-02-2010 13:00,1.36
09-02-2010 14:00,1.405533333
09-02-2010 15:00,0.887633333
09-02-2010 16:00,0.339066667
09-02-2010 17:00,0.4942
09-02-2010 18:00,0.726166667
09-02-2010 19:00,0.680866667
09-02-2010 20:00,2.4065
09-02-2010 21:00,1.588833333
09-02-2010 22:00,0.916433333
09-02-2010 23:00,0.596866667
09-03-2010 00:00,0.390166667
09-03-2010 01:00,0.345
09-03-2010 02:00,0.345466667
09-03-2010 03:00,0.4543
09-03-2010 04:00,0.693933333
09-03-2010 05:00,0.955633333
09-03-2010 06:00,0.932766667
09-03-2010 07:00,1.141466667
09-03-2010 08:00,1.5048
09-03-2010 09:00,1.4632
09-03-2010 10:00,1.363933333
09-03-2010 11:00,1.409233333
09-03-2010 12:00,1.644466667
09-03-2010 13:00,0.731366667
09-03-2010 14:00,0.355233333
09-03-2010 15:00,0.410233333
09-03-2010 16:00,0.309133333
09-03-2010 17:00,0.343966667
09-03-2010 18:00,0.364833333
09-03-2010 19:00,0.531
09-03-2010 20:00,2.305866667
09-03-2010 21:00,1.804433333
09-03-2010 22:00,1.677033333
09-03-2010 23:00,0.962766667
09-04-2010 00:00,0.468666667
09-04-2010 01:00,0.333266667
09-04-2010 02:00,0.275266667
09-04-2010 03:00,0.313766667
09-04-2010 04:00,1.062966667
09-04-2010 05:00,0.3229
09-04-2010 06:00,0.671733333
09-04-2010 07:00,1.957033333
09-04-2010 08:00,1.446
09-04-2010 09:00,0.779
09-04-2010 10:00,0.902366667
09-04-2010 11:00,1.640233333
09-04-2010 12:00,1.325566667
09-04-2010 13:00,1.175166667
09-04-2010 14:00,2.1476
09-04-2010 15:00,1.748666667
09-04-2010 16:00,0.770466667
09-04-2010 17:00,0.564233333
09-04-2010 18:00,1.6102
09-04-2010 19:00,1.616233333
09-04-2010 20:00,2.278833333
09-04-2010 21:00,2.518966667
09-04-2010 22:00,2.173366667
09-04-2010 23:00,0.9615
09-05-2010 00:00,0.5581
09-05-2010 01:00,0.483033333
09-05-2010 02:00,0.5433
09-05-2010 03:00,0.3478
09-05-2010 04:00,0.308033333
09-05-2010 05:00,0.338233333
09-05-2010 06:00,0.269533333
09-05-2010 07:00,0.309966667
09-05-2010 08:00,1.3496
09-05-2010 09:00,0.431966667
09-05-2010 10:00,1.256
09-05-2010 11:00,1.6126
09-05-2010 12:00,0.9832
09-05-2010 13:00,0.7989
09-05-2010 14:00,1.233466667
09-05-2010 15:00,2.221833333
09-05-2010 16:00,1.008633333
09-05-2010 17:00,0.599933333
09-05-2010 18:00,0.8549
09-05-2010 19:00,1.382866667
09-05-2010 20:00,1.096366667
09-05-2010 21:00,2.119
09-05-2010 22:00,1.534233333
09-05-2010 23:00,0.4088
09-06-2010 00:00,0.361466667
09-06-2010 01:00,0.333933333
09-06-2010 02:00,0.342566667
09-06-2010 03:00,0.282433333
09-06-2010 04:00,0.351
09-06-2010 05:00,0.2231
09-06-2010 06:00,1.541933333
09-06-2010 07:00,1.861633333
09-06-2010 08:00,1.582633333
09-06-2010 09:00,1.4338
09-06-2010 10:00,0.548366667
09-06-2010 11:00,0.3156
09-06-2010 12:00,1.241766667
09-06-2010 13:00,1.341833333
09-06-2010 14:00,0.365433333
09-06-2010 15:00,0.958166667
09-06-2010 16:00,1.407233333
09-06-2010 17:00,2.497666667
09-06-2010 18:00,0.8907
09-06-2010 19:00,1.274733333
09-06-2010 20:00,1.188866667
09-06-2010 21:00,1.718166667
09-06-2010 22:00,1.2335
09-06-2010 23:00,0.418066667
09-07-2010 00:00,0.662066667
09-07-2010 01:00,0.650833333
09-07-2010 02:00,0.2722
09-07-2010 03:00,0.315266667
09-07-2010 04:00,0.305
09-07-2010 05:00,0.326866667
09-07-2010 06:00,0.6378
09-07-2010 07:00,1.852133333
09-07-2010 08:00,1.430533333
09-07-2010 09:00,1.432033333
09-07-2010 10:00,0.615033333
09-07-2010 11:00,1.095066667
09-07-2010 12:00,0.486466667
09-07-2010 13:00,0.436366667
09-07-2010 14:00,0.3362
09-07-2010 15:00,0.336333333
09-07-2010 16:00,0.9365
09-07-2010 17:00,0.3335
09-07-2010 18:00,1.071266667
09-07-2010 19:00,2.760933333
09-07-2010 20:00,2.150833333
09-07-2010 21:00,2.249433333
09-07-2010 22:00,2.400766667
09-07-2010 23:00,1.104133333
09-08-2010 00:00,0.365966667
09-08-2010 01:00,0.349766667
09-08-2010 02:00,0.4579
09-08-2010 03:00,0.301333333
09-08-2010 04:00,0.346
09-08-2010 05:00,0.322433333
09-08-2010 06:00,0.788433333
09-08-2010 07:00,1.9181
09-08-2010 08:00,1.6187
09-08-2010 09:00,1.446833333
09-08-2010 10:00,0.463866667
09-08-2010 11:00,0.3372
09-08-2010 12:00,0.672766667
09-08-2010 13:00,0.457133333
09-08-2010 14:00,0.5007
09-08-2010 15:00,0.4572
09-08-2010 16:00,0.562733333
09-08-2010 17:00,0.9294
09-08-2010 18:00,1.634033333
09-08-2010 19:00,0.724533333
09-08-2010 20:00,1.853
09-08-2010 21:00,2.8006
09-08-2010 22:00,1.429833333
09-08-2010 23:00,0.991733333
09-09-2010 00:00,0.904966667
09-09-2010 01:00,0.472466667
09-09-2010 02:00,0.327933333
09-09-2010 03:00,0.2828
09-09-2010 04:00,0.2496
09-09-2010 05:00,0.734933333
09-09-2010 06:00,0.878266667
09-09-2010 07:00,1.9046
09-09-2010 08:00,1.4102
09-09-2010 09:00,0.994266667
09-09-2010 10:00,0.426766667
09-09-2010 11:00,0.844566667
09-09-2010 12:00,0.824466667
09-09-2010 13:00,0.958
09-09-2010 14:00,0.420966667
09-09-2010 15:00,0.777233333
09-09-2010 16:00,0.300366667
09-09-2010 17:00,0.716466667
09-09-2010 18:00,0.47
09-09-2010 19:00,1.542066667
09-09-2010 20:00,2.647433333
09-09-2010 21:00,1.295166667
09-09-2010 22:00,0.826533333
09-09-2010 23:00,0.435166667
09-10-2010 00:00,0.3246
09-10-2010 01:00,0.806266667
09-10-2010 02:00,0.4391
09-10-2010 03:00,0.336166667
09-10-2010 04:00,0.279333333
09-10-2010 05:00,0.261266667
09-10-2010 06:00,0.910666667
09-10-2010 07:00,1.698
09-10-2010 08:00,0.319833333
09-10-2010 09:00,0.307
09-10-2010 10:00,0.349933333
09-10-2010 11:00,0.469933333
09-10-2010 12:00,0.232433333
09-10-2010 13:00,0.374266667
09-10-2010 14:00,0.427033333
09-10-2010 15:00,0.3281
09-10-2010 16:00,0.9026
09-10-2010 17:00,1.0888
09-10-2010 18:00,2.1483
09-10-2010 19:00,1.8013
09-10-2010 20:00,2.3795
09-10-2010 21:00,2.0765
09-10-2010 22:00,2.3522
09-10-2010 23:00,1.522
09-11-2010 00:00,1.036133333
09-11-2010 01:00,0.461
09-11-2010 02:00,0.345
09-11-2010 03:00,0.274066667
09-11-2010 04:00,0.3428
09-11-2010 05:00,0.302566667
09-11-2010 06:00,0.718766667
09-11-2010 07:00,1.6514
09-11-2010 08:00,1.4151
09-11-2010 09:00,0.8931
09-11-2010 10:00,1.3423
09-11-2010 11:00,0.427666667
09-11-2010 12:00,1.058033333
09-11-2010 13:00,1.7219
09-11-2010 14:00,1.8109
09-11-2010 15:00,0.968066667
09-11-2010 16:00,0.459066667
09-11-2010 17:00,1.220933333
09-11-2010 18:00,0.731833333
09-11-2010 19:00,0.381766667
09-11-2010 20:00,1.0723
09-11-2010 21:00,1.8524
09-11-2010 22:00,1.950333333
09-11-2010 23:00,1.951066667
09-12-2010 00:00,1.9163
09-12-2010 01:00,1.762633333
09-12-2010 02:00,2.2741
09-12-2010 03:00,2.235966667
09-12-2010 04:00,1.428833333
09-12-2010 05:00,0.2998
09-12-2010 06:00,0.2696
09-12-2010 07:00,0.3461
09-12-2010 08:00,0.3628
09-12-2010 09:00,0.4345
09-12-2010 10:00,0.261866667
09-12-2010 11:00,0.8206
09-12-2010 12:00,1.153433333
09-12-2010 13:00,2.109533333
09-12-2010 14:00,1.6432
09-12-2010 15:00,1.548733333
09-12-2010 16:00,1.0166
09-12-2010 17:00,0.4826
09-12-2010 18:00,0.425166667
09-12-2010 19:00,0.307666667
09-12-2010 20:00,1.3974
09-12-2010 21:00,1.543833333
09-12-2010 22:00,1.537433333
09-12-2010 23:00,1.2895
9/13/2010 0:00,0.772133333
9/13/2010 1:00,0.3366
9/13/2010 2:00,0.968333333
9/13/2010 3:00,0.310666667
9/13/2010 4:00,0.2142
9/13/2010 5:00,0.2632
9/13/2010 6:00,0.619233333
9/13/2010 7:00,1.908566667
9/13/2010 8:00,1.439566667
9/13/2010 9:00,0.590233333
9/13/2010 10:00,0.359766667
9/13/2010 11:00,0.337566667
9/13/2010 12:00,0.267866667
9/13/2010 13:00,1.2969
9/13/2010 14:00,0.349966667
9/13/2010 15:00,0.2418
9/13/2010 16:00,0.348066667
9/13/2010 17:00,0.3459
9/13/2010 18:00,0.710266667
9/13/2010 19:00,1.227833333
9/13/2010 20:00,1.4991
9/13/2010 21:00,1.7951
9/13/2010 22:00,1.422233333
9/13/2010 23:00,0.313566667
9/14/2010 0:00,0.336833333
9/14/2010 1:00,0.3358
9/14/2010 2:00,0.3402
9/14/2010 3:00,0.279233333
9/14/2010 4:00,0.256666667
9/14/2010 5:00,0.2604
9/14/2010 6:00,0.6287
9/14/2010 7:00,1.749333333
9/14/2010 8:00,1.4405
9/14/2010 9:00,2.193433333
9/14/2010 10:00,0.970466667
9/14/2010 11:00,1.7899
9/14/2010 12:00,0.566766667
9/14/2010 13:00,0.509166667
9/14/2010 14:00,0.945166667
9/14/2010 15:00,0.328966667
9/14/2010 16:00,0.386966667
9/14/2010 17:00,0.525166667
9/14/2010 18:00,1.5987
9/14/2010 19:00,1.984233333
9/14/2010 20:00,2.094433333
9/14/2010 21:00,2.140266667
9/14/2010 22:00,1.324833333
9/14/2010 23:00,0.8585
9/15/2010 0:00,0.3932
9/15/2010 1:00,0.408366667
9/15/2010 2:00,0.380733333
9/15/2010 3:00,0.351
9/15/2010 4:00,0.239333333
9/15/2010 5:00,0.305
9/15/2010 6:00,0.812266667
9/15/2010 7:00,2.0184
9/15/2010 8:00,1.505366667
9/15/2010 9:00,1.108233333
9/15/2010 10:00,0.310566667
9/15/2010 11:00,0.228966667
9/15/2010 12:00,0.372866667
9/15/2010 13:00,0.273766667
9/15/2010 14:00,0.344333333
9/15/2010 15:00,0.358866667
9/15/2010 16:00,0.403133333
9/15/2010 17:00,0.3624
9/15/2010 18:00,0.983033333
9/15/2010 19:00,0.208033333
9/15/2010 20:00,0.7553
9/15/2010 21:00,1.586666667
9/15/2010 22:00,1.708366667
9/15/2010 23:00,1.0167
9/16/2010 0:00,0.418566667
9/16/2010 1:00,0.314133333
9/16/2010 2:00,0.264866667
9/16/2010 3:00,0.9835
9/16/2010 4:00,0.2645
9/16/2010 5:00,0.3104
9/16/2010 6:00,0.631566667
9/16/2010 7:00,1.914066667
9/16/2010 8:00,1.449033333
9/16/2010 9:00,0.551466667
9/16/2010 10:00,0.520833333
9/16/2010 11:00,1.34
9/16/2010 12:00,1.414666667
9/16/2010 13:00,1.480833333
9/16/2010 14:00,0.595866667
9/16/2010 15:00,0.275266667
9/16/2010 16:00,0.2105
9/16/2010 17:00,0.261833333
9/16/2010 18:00,0.791533333
9/16/2010 19:00,1.397033333
9/16/2010 20:00,2.9843
9/16/2010 21:00,1.731933333
9/16/2010 22:00,1.4389
9/16/2010 23:00,0.783366667
9/17/2010 0:00,0.476566667
9/17/2010 1:00,0.2953
9/17/2010 2:00,0.5791
9/17/2010 3:00,0.662733333
9/17/2010 4:00,0.1995
9/17/2010 5:00,0.262366667
9/17/2010 6:00,0.632433333
9/17/2010 7:00,1.9198
9/17/2010 8:00,1.394266667
9/17/2010 9:00,0.8596
9/17/2010 10:00,0.1999
9/17/2010 11:00,0.287233333
9/17/2010 12:00,0.526166667
9/17/2010 13:00,0.3563
9/17/2010 14:00,0.794566667
9/17/2010 15:00,1.673233333
9/17/2010 16:00,2.964166667
9/17/2010 17:00,1.546466667
9/17/2010 18:00,1.945633333
9/17/2010 19:00,2.9272
9/17/2010 20:00,2.873133333
9/17/2010 21:00,0.573833333
9/17/2010 22:00,0.526633333
9/17/2010 23:00,0.484
9/18/2010 0:00,0.291433333
9/18/2010 1:00,0.267366667
9/18/2010 2:00,0.825166667
9/18/2010 3:00,0.355033333
9/18/2010 4:00,0.331
9/18/2010 5:00,0.208233333
9/18/2010 6:00,0.610866667
9/18/2010 7:00,1.804
9/18/2010 8:00,1.3786
9/18/2010 9:00,0.8287
9/18/2010 10:00,0.516633333
9/18/2010 11:00,0.364866667
9/18/2010 12:00,0.3004
9/18/2010 13:00,0.834633333
9/18/2010 14:00,1.054933333
9/18/2010 15:00,0.840866667
9/18/2010 16:00,0.907266667
9/18/2010 17:00,1.321366667
9/18/2010 18:00,0.735633333
9/18/2010 19:00,1.5119
9/18/2010 20:00,1.738466667
9/18/2010 21:00,1.598233333
9/18/2010 22:00,1.6708
9/18/2010 23:00,0.5027
9/19/2010 0:00,0.3826
9/19/2010 1:00,0.403966667
9/19/2010 2:00,0.414
9/19/2010 3:00,0.4857
9/19/2010 4:00,0.281633333
9/19/2010 5:00,0.1971
9/19/2010 6:00,0.237066667
9/19/2010 7:00,0.529433333
9/19/2010 8:00,0.947833333
9/19/2010 9:00,0.819066667
9/19/2010 10:00,0.569833333
9/19/2010 11:00,0.2659
9/19/2010 12:00,0.212933333
9/19/2010 13:00,0.480933333
9/19/2010 14:00,0.318733333
9/19/2010 15:00,0.2951
9/19/2010 16:00,0.2528
9/19/2010 17:00,0.3328
9/19/2010 18:00,1.638733333
9/19/2010 19:00,1.094466667
9/19/2010 20:00,2.343566667
9/19/2010 21:00,1.897566667
9/19/2010 22:00,0.717233333
9/19/2010 23:00,0.207666667
9/20/2010 0:00,0.357766667
9/20/2010 1:00,0.330733333
9/20/2010 2:00,0.850466667
9/20/2010 3:00,0.271866667
9/20/2010 4:00,0.1951
9/20/2010 5:00,0.279533333
9/20/2010 6:00,0.6302
9/20/2010 7:00,2.116966667
9/20/2010 8:00,1.403433333
9/20/2010 9:00,1.378466667
9/20/2010 10:00,1.420266667
9/20/2010 11:00,0.8689
9/20/2010 12:00,2.172266667
9/20/2010 13:00,1.165266667
9/20/2010 14:00,0.974933333
9/20/2010 15:00,1.337333333
9/20/2010 16:00,1.3559
9/20/2010 17:00,1.482533333
9/20/2010 18:00,1.180866667
9/20/2010 19:00,1.3009
9/20/2010 20:00,2.063066667
9/20/2010 21:00,2.598366667
9/20/2010 22:00,1.689366667
9/20/2010 23:00,0.6227
9/21/2010 0:00,0.472033333
9/21/2010 1:00,0.302833333
9/21/2010 2:00,0.204466667
9/21/2010 3:00,0.2689
9/21/2010 4:00,0.2723
9/21/2010 5:00,0.9105
9/21/2010 6:00,0.615166667
9/21/2010 7:00,1.878733333
9/21/2010 8:00,1.333966667
9/21/2010 9:00,1.371466667
9/21/2010 10:00,1.0264
9/21/2010 11:00,0.734233333
9/21/2010 12:00,0.832366667
9/21/2010 13:00,0.592866667
9/21/2010 14:00,0.304633333
9/21/2010 15:00,0.420933333
9/21/2010 16:00,0.411133333
9/21/2010 17:00,0.247733333
9/21/2010 18:00,0.310633333
9/21/2010 19:00,0.562766667
9/21/2010 20:00,2.071033333
9/21/2010 21:00,2.006766667
9/21/2010 22:00,1.030666667
9/21/2010 23:00,0.3404
9/22/2010 0:00,0.285433333
9/22/2010 1:00,0.305366667
9/22/2010 2:00,0.327066667
9/22/2010 3:00,0.260433333
9/22/2010 4:00,0.7687
9/22/2010 5:00,0.393966667
9/22/2010 6:00,0.5784
9/22/2010 7:00,2.035533333
9/22/2010 8:00,1.8892
9/22/2010 9:00,1.849933333
9/22/2010 10:00,1.5564
9/22/2010 11:00,0.393833333
9/22/2010 12:00,0.727266667
9/22/2010 13:00,1.437466667
9/22/2010 14:00,0.304633333
9/22/2010 15:00,0.9953
9/22/2010 16:00,1.389033333
9/22/2010 17:00,1.452433333
9/22/2010 18:00,1.643
9/22/2010 19:00,1.6807
9/22/2010 20:00,2.1387
9/22/2010 21:00,1.579566667
9/22/2010 22:00,0.8024
9/22/2010 23:00,0.378466667
9/23/2010 0:00,0.332066667
9/23/2010 1:00,0.4959
9/23/2010 2:00,0.7034
9/23/2010 3:00,0.298833333
9/23/2010 4:00,0.203333333
9/23/2010 5:00,0.2656
9/23/2010 6:00,0.731366667
9/23/2010 7:00,2.5547
9/23/2010 8:00,1.910233333
9/23/2010 9:00,1.423166667
9/23/2010 10:00,1.818466667
9/23/2010 11:00,0.820066667
9/23/2010 12:00,1.5701
9/23/2010 13:00,1.4991
9/23/2010 14:00,1.401166667
9/23/2010 15:00,0.615666667
9/23/2010 16:00,0.3339
9/23/2010 17:00,0.368433333
9/23/2010 18:00,0.625733333
9/23/2010 19:00,1.201033333
9/23/2010 20:00,0.967933333
9/23/2010 21:00,2.042233333
9/23/2010 22:00,1.0331
9/23/2010 23:00,0.948833333
9/24/2010 0:00,0.499933333
9/24/2010 1:00,0.3203
9/24/2010 2:00,0.314166667
9/24/2010 3:00,0.266833333
9/24/2010 4:00,0.2029
9/24/2010 5:00,0.795266667
9/24/2010 6:00,0.782766667
9/24/2010 7:00,2.136666667
9/24/2010 8:00,1.468333333
9/24/2010 9:00,1.357533333
9/24/2010 10:00,1.2882
9/24/2010 11:00,0.395766667
9/24/2010 12:00,0.588666667
9/24/2010 13:00,0.8107
9/24/2010 14:00,0.982833333
9/24/2010 15:00,0.264866667
9/24/2010 16:00,0.6632
9/24/2010 17:00,0.735533333
9/24/2010 18:00,0.836466667
9/24/2010 19:00,2.0984
9/24/2010 20:00,2.2476
9/24/2010 21:00,1.572366667
9/24/2010 22:00,1.088166667
9/24/2010 23:00,0.415733333
9/25/2010 0:00,0.3555
9/25/2010 1:00,0.948733333
9/25/2010 2:00,0.237966667
9/25/2010 3:00,0.233933333
9/25/2010 4:00,0.2029
9/25/2010 5:00,0.795266667
9/25/2010 6:00,0.782766667
9/25/2010 7:00,2.136666667
9/25/2010 8:00,1.468333333
9/25/2010 9:00,1.357533333
9/25/2010 10:00,1.2882
9/25/2010 11:00,0.395766667
9/25/2010 12:00,0.588666667
9/25/2010 13:00,0.8107
9/25/2010 14:00,0.982833333
9/25/2010 15:00,0.264866667
9/25/2010 16:00,0.6632
9/25/2010 17:00,0.735533333
9/25/2010 18:00,0.836466667
9/25/2010 19:00,2.0984
9/25/2010 20:00,2.2476
9/25/2010 21:00,1.572366667
9/25/2010 22:00,1.088166667
9/25/2010 23:00,0.415733333
9/26/2010 0:00,0.3555
9/26/2010 1:00,0.948733333
9/26/2010 2:00,0.237966667
9/26/2010 3:00,0.233933333
9/26/2010 4:00,0.2029
9/26/2010 5:00,0.795266667
9/26/2010 6:00,0.782766667
9/26/2010 7:00,2.136666667
9/26/2010 8:00,1.468333333
9/26/2010 9:00,1.357533333
9/26/2010 10:00,1.2882
9/26/2010 11:00,0.395766667
9/26/2010 12:00,0.588666667
9/26/2010 13:00,0.8107
9/26/2010 14:00,0.982833333
9/26/2010 15:00,0.264866667
9/26/2010 16:00,0.6632
9/26/2010 17:00,0.735533333
9/26/2010 18:00,0.836466667
9/26/2010 19:00,2.0984
9/26/2010 20:00,2.2476
9/26/2010 21:00,1.572366667
9/26/2010 22:00,1.088166667
9/26/2010 23:00,0.415733333
9/27/2010 0:00,0.3555
9/27/2010 1:00,0.948733333
9/27/2010 2:00,0.237966667
9/27/2010 3:00,0.233933333
9/27/2010 4:00,0.2029
9/27/2010 5:00,0.795266667
9/27/2010 6:00,0.782766667
9/27/2010 7:00,2.136666667
9/27/2010 8:00,1.468333333
9/27/2010 9:00,1.357533333
9/27/2010 10:00,1.2882
9/27/2010 11:00,0.395766667
9/27/2010 12:00,0.588666667
9/27/2010 13:00,0.8107
9/27/2010 14:00,0.982833333
9/27/2010 15:00,0.264866667
9/27/2010 16:00,0.6632
9/27/2010 17:00,0.735533333
9/27/2010 18:00,0.836466667
9/27/2010 19:00,2.0984
9/27/2010 20:00,2.2476
9/27/2010 21:00,1.572366667
9/27/2010 22:00,1.088166667
9/27/2010 23:00,0.415733333
9/28/2010 0:00,0.3555
9/28/2010 1:00,0.948733333
9/28/2010 2:00,0.237966667
9/28/2010 3:00,0.233933333
9/28/2010 4:00,0.2029
9/28/2010 5:00,0.795266667
9/28/2010 6:00,0.782766667
9/28/2010 7:00,2.136666667
9/28/2010 8:00,1.468333333
9/28/2010 9:00,1.357533333
9/28/2010 10:00,1.2882
9/28/2010 11:00,0.395766667
9/28/2010 12:00,0.588666667
9/28/2010 13:00,0.8107
9/28/2010 14:00,0.982833333
9/28/2010 15:00,0.264866667
9/28/2010 16:00,0.6632
9/28/2010 17:00,0.735533333
9/28/2010 18:00,0.836466667
9/28/2010 19:00,2.1905
9/28/2010 20:00,1.982633333
9/28/2010 21:00,2.079166667
9/28/2010 22:00,1.086433333
9/28/2010 23:00,0.971233333
9/29/2010 0:00,0.906033333
9/29/2010 1:00,0.726166667
9/29/2010 2:00,0.8464
9/29/2010 3:00,0.539833333
9/29/2010 4:00,0.354566667
9/29/2010 5:00,0.365766667
9/29/2010 6:00,0.765233333
9/29/2010 7:00,2.4926
9/29/2010 8:00,1.599866667
9/29/2010 9:00,1.577266667
9/29/2010 10:00,1.4527
9/29/2010 11:00,1.423666667
9/29/2010 12:00,1.051966667
9/29/2010 13:00,0.395966667
9/29/2010 14:00,1.173933333
9/29/2010 15:00,1.601433333
9/29/2010 16:00,1.467533333
9/29/2010 17:00,1.417966667
9/29/2010 18:00,1.231
9/29/2010 19:00,0.926066667
9/29/2010 20:00,1.786066667
9/29/2010 21:00,1.510266667
9/29/2010 22:00,1.3882
9/29/2010 23:00,1.073266667
9/30/2010 0:00,0.4951
9/30/2010 1:00,0.615566667
9/30/2010 2:00,0.6082
9/30/2010 3:00,0.4978
9/30/2010 4:00,0.5483
9/30/2010 5:00,0.4808
9/30/2010 6:00,0.996833333
9/30/2010 7:00,2.638366667
9/30/2010 8:00,1.6083
9/30/2010 9:00,1.347333333
9/30/2010 10:00,1.447633333
9/30/2010 11:00,1.148033333
9/30/2010 12:00,0.5352
9/30/2010 13:00,0.571133333
9/30/2010 14:00,0.665066667
9/30/2010 15:00,0.637433333
9/30/2010 16:00,0.453866667
9/30/2010 17:00,0.6844
9/30/2010 18:00,2.023333333
9/30/2010 19:00,0.730433333
9/30/2010 20:00,0.444533333
9/30/2010 21:00,0.350166667
9/30/2010 22:00,0.457166667
9/30/2010 23:00,0.819633333
10-01-2010 00:00,0.466533333
10-01-2010 01:00,0.464466667
10-01-2010 02:00,0.393533333
10-01-2010 03:00,1.153966667
10-01-2010 04:00,0.298433333
10-01-2010 05:00,0.3477
10-01-2010 06:00,0.734866667
10-01-2010 07:00,2.3709
10-01-2010 08:00,1.4534
10-01-2010 09:00,0.4616
10-01-2010 10:00,0.433066667
10-01-2010 11:00,1.520066667
10-01-2010 12:00,2.449366667
10-01-2010 13:00,1.768166667
10-01-2010 14:00,1.474266667
10-01-2010 15:00,1.044766667
10-01-2010 16:00,1.711766667
10-01-2010 17:00,0.354433333
10-01-2010 18:00,0.5629
10-01-2010 19:00,1.130833333
10-01-2010 20:00,0.797466667
10-01-2010 21:00,2.182833333
10-01-2010 22:00,0.6092
10-01-2010 23:00,0.8958
10-02-2010 00:00,0.3652
10-02-2010 01:00,0.898966667
10-02-2010 02:00,0.308533333
10-02-2010 03:00,0.9448
10-02-2010 04:00,0.361366667
10-02-2010 05:00,0.422233333
10-02-2010 06:00,0.828166667
10-02-2010 07:00,2.175166667
10-02-2010 08:00,1.811466667
10-02-2010 09:00,0.492133333
10-02-2010 10:00,0.417
10-02-2010 11:00,0.8097
10-02-2010 12:00,0.5983
10-02-2010 13:00,0.748633333
10-02-2010 14:00,1.870066667
10-02-2010 15:00,2.185233333
10-02-2010 16:00,1.997566667
10-02-2010 17:00,1.554766667
10-02-2010 18:00,0.769666667
10-02-2010 19:00,1.514266667
10-02-2010 20:00,3.9403
10-02-2010 21:00,3.749733333
10-02-2010 22:00,1.6859
10-02-2010 23:00,1.605066667
10-03-2010 00:00,0.3721
10-03-2010 01:00,0.3647
10-03-2010 02:00,0.449666667
10-03-2010 03:00,0.4408
10-03-2010 04:00,0.345533333
10-03-2010 05:00,0.383266667
10-03-2010 06:00,0.301233333
10-03-2010 07:00,0.612533333
10-03-2010 08:00,1.1061
10-03-2010 09:00,2.2386
10-03-2010 10:00,2.414033333
10-03-2010 11:00,3.395
10-03-2010 12:00,0.911566667
10-03-2010 13:00,0.496833333
10-03-2010 14:00,1.9401
10-03-2010 15:00,1.2538
10-03-2010 16:00,0.999066667
10-03-2010 17:00,0.481566667
10-03-2010 18:00,0.680333333
10-03-2010 19:00,2.323566667
10-03-2010 20:00,3.389533333
10-03-2010 21:00,2.530166667
10-03-2010 22:00,1.6654
10-03-2010 23:00,1.4159
10-04-2010 00:00,0.960933333
10-04-2010 01:00,0.8806
10-04-2010 02:00,0.8617
10-04-2010 03:00,0.9168
10-04-2010 04:00,0.858066667
10-04-2010 05:00,0.8383
10-04-2010 06:00,1.178666667
10-04-2010 07:00,2.6861
10-04-2010 08:00,2.093266667
10-04-2010 09:00,2.0266
10-04-2010 10:00,1.3339
10-04-2010 11:00,0.710166667
10-04-2010 12:00,2.316266667
10-04-2010 13:00,0.7096
10-04-2010 14:00,0.525833333
10-04-2010 15:00,0.3916
10-04-2010 16:00,0.399266667
10-04-2010 17:00,0.4111
10-04-2010 18:00,1.7182
10-04-2010 19:00,1.9817
10-04-2010 20:00,3.039833333
10-04-2010 21:00,1.719666667
10-04-2010 22:00,0.5482
10-04-2010 23:00,0.492966667
10-05-2010 00:00,0.859433333
10-05-2010 01:00,0.5624
10-05-2010 02:00,0.358
10-05-2010 03:00,0.308833333
10-05-2010 04:00,0.3718
10-05-2010 05:00,0.430666667
10-05-2010 06:00,0.742033333
10-05-2010 07:00,2.0004
10-05-2010 08:00,1.517
10-05-2010 09:00,1.8257
10-05-2010 10:00,1.846
10-05-2010 11:00,1.727933333
10-05-2010 12:00,1.713366667
10-05-2010 13:00,1.454266667
10-05-2010 14:00,2.089933333
10-05-2010 15:00,1.905333333
10-05-2010 16:00,1.010866667
10-05-2010 17:00,0.608366667
10-05-2010 18:00,0.772166667
10-05-2010 19:00,1.6627
10-05-2010 20:00,2.654733333
10-05-2010 21:00,2.059166667
10-05-2010 22:00,1.4242
10-05-2010 23:00,1.0051
10-06-2010 00:00,0.875066667
10-06-2010 01:00,0.680566667
10-06-2010 02:00,0.984233333
10-06-2010 03:00,0.4594
10-06-2010 04:00,0.3728
10-06-2010 05:00,0.3991
10-06-2010 06:00,0.751333333
10-06-2010 07:00,2.597066667
10-06-2010 08:00,1.635733333
10-06-2010 09:00,1.524133333
10-06-2010 10:00,1.1807
10-06-2010 11:00,0.553733333
10-06-2010 12:00,0.8957
10-06-2010 13:00,0.515333333
10-06-2010 14:00,0.898666667
10-06-2010 15:00,0.3355
10-06-2010 16:00,1.019666667
10-06-2010 17:00,0.6263
10-06-2010 18:00,0.846466667
10-06-2010 19:00,0.5906
10-06-2010 20:00,0.3264
10-06-2010 21:00,0.631833333
10-06-2010 22:00,2.0092
10-06-2010 23:00,1.214733333
10-07-2010 00:00,1.024366667
10-07-2010 01:00,0.385633333
10-07-2010 02:00,0.389666667
10-07-2010 03:00,0.355533333
10-07-2010 04:00,0.3215
10-07-2010 05:00,0.4098
10-07-2010 06:00,1.083166667
10-07-2010 07:00,1.999533333
10-07-2010 08:00,1.668533333
10-07-2010 09:00,1.372833333
10-07-2010 10:00,0.307433333
10-07-2010 11:00,2.063466667
10-07-2010 12:00,2.740333333
10-07-2010 13:00,1.7775
10-07-2010 14:00,1.484233333
10-07-2010 15:00,1.5586
10-07-2010 16:00,0.832333333
10-07-2010 17:00,0.3585
10-07-2010 18:00,1.3071
10-07-2010 19:00,1.518233333
10-07-2010 20:00,2.665333333
10-07-2010 21:00,2.690566667
10-07-2010 22:00,1.073933333
10-07-2010 23:00,0.777766667
10-08-2010 00:00,0.608933333
10-08-2010 01:00,0.370066667
10-08-2010 02:00,0.3442
10-08-2010 03:00,0.393433333
10-08-2010 04:00,0.369266667
10-08-2010 05:00,0.910333333
10-08-2010 06:00,1.219433333
10-08-2010 07:00,2.505133333
10-08-2010 08:00,1.452166667
10-08-2010 09:00,1.449533333
10-08-2010 10:00,1.1779
10-08-2010 11:00,0.839566667
10-08-2010 12:00,1.4639
10-08-2010 13:00,0.812333333
10-08-2010 14:00,0.583733333
10-08-2010 15:00,0.538
10-08-2010 16:00,0.4584
10-08-2010 17:00,1.0036
10-08-2010 18:00,1.051533333
10-08-2010 19:00,1.687066667
10-08-2010 20:00,2.436433333
10-08-2010 21:00,2.309933333
10-08-2010 22:00,0.656633333
10-08-2010 23:00,0.532733333
10-09-2010 00:00,0.520633333
10-09-2010 01:00,0.462
10-09-2010 02:00,0.448066667
10-09-2010 03:00,0.4321
10-09-2010 04:00,0.371666667
10-09-2010 05:00,0.434966667
10-09-2010 06:00,0.983133333
10-09-2010 07:00,2.269966667
10-09-2010 08:00,1.621166667
10-09-2010 09:00,1.151366667
10-09-2010 10:00,0.432533333
10-09-2010 11:00,0.649666667
10-09-2010 12:00,0.457
10-09-2010 13:00,1.679833333
10-09-2010 14:00,1.091033333
10-09-2010 15:00,1.741566667
10-09-2010 16:00,2.0009
10-09-2010 17:00,1.167266667
10-09-2010 18:00,1.458066667
10-09-2010 19:00,1.998
10-09-2010 20:00,1.638933333
10-09-2010 21:00,1.766466667
10-09-2010 22:00,1.390433333
10-09-2010 23:00,0.696233333
10-10-2010 00:00,0.8864
10-10-2010 01:00,0.466966667
10-10-2010 02:00,0.564133333
10-10-2010 03:00,0.4411
10-10-2010 04:00,0.617666667
10-10-2010 05:00,0.427366667
10-10-2010 06:00,0.435766667
10-10-2010 07:00,0.704866667
10-10-2010 08:00,0.9307
10-10-2010 09:00,0.924933333
10-10-2010 10:00,0.8739
10-10-2010 11:00,2.382866667
10-10-2010 12:00,2.1923
10-10-2010 13:00,1.557366667
10-10-2010 14:00,1.100233333
10-10-2010 15:00,0.5263
10-10-2010 16:00,0.997033333
10-10-2010 17:00,1.607866667
10-10-2010 18:00,1.829066667
10-10-2010 19:00,3.4918
10-10-2010 20:00,3.3115
10-10-2010 21:00,3.901266667
10-10-2010 22:00,1.9866
10-10-2010 23:00,1.157066667
10-11-2010 00:00,0.514533333
10-11-2010 01:00,0.448733333
10-11-2010 02:00,0.564666667
10-11-2010 03:00,0.4429
10-11-2010 04:00,0.554866667
10-11-2010 05:00,0.8807
10-11-2010 06:00,0.941733333
10-11-2010 07:00,2.378833333
10-11-2010 08:00,1.6553
10-11-2010 09:00,1.631966667
10-11-2010 10:00,1.057433333
10-11-2010 11:00,0.440833333
10-11-2010 12:00,0.657966667
10-11-2010 13:00,0.545233333
10-11-2010 14:00,1.042666667
10-11-2010 15:00,0.615666667
10-11-2010 16:00,0.4349
10-11-2010 17:00,0.963866667
10-11-2010 18:00,0.7316
10-11-2010 19:00,3.093166667
10-11-2010 20:00,2.285566667
10-11-2010 21:00,3.043
10-11-2010 22:00,1.514
10-11-2010 23:00,0.603033333
10-12-2010 00:00,0.394533333
10-12-2010 01:00,0.397633333
10-12-2010 02:00,0.468633333
10-12-2010 03:00,0.337466667
10-12-2010 04:00,0.333833333
10-12-2010 05:00,0.451133333
10-12-2010 06:00,1.130166667
10-12-2010 07:00,2.519866667
10-12-2010 08:00,1.720933333
10-12-2010 09:00,1.751933333
10-12-2010 10:00,1.828566667
10-12-2010 11:00,0.948866667
10-12-2010 12:00,1.8454
10-12-2010 13:00,0.8567
10-12-2010 14:00,0.458066667
10-12-2010 15:00,0.588233333
10-12-2010 16:00,0.416
10-12-2010 17:00,0.410266667
10-12-2010 18:00,2.112733333
10-12-2010 19:00,2.156466667
10-12-2010 20:00,1.9102
10-12-2010 21:00,1.308566667
10-12-2010 22:00,1.2893
10-12-2010 23:00,0.6927
10/13/2010 0:00,0.383766667
10/13/2010 1:00,0.4586
10/13/2010 2:00,0.316966667
10/13/2010 3:00,0.364666667
10/13/2010 4:00,0.9848
10/13/2010 5:00,0.4641
10/13/2010 6:00,0.930133333
10/13/2010 7:00,2.844266667
10/13/2010 8:00,2.364666667
10/13/2010 9:00,1.6671
10/13/2010 10:00,2.077866667
10/13/2010 11:00,1.5266
10/13/2010 12:00,1.600766667
10/13/2010 13:00,1.573166667
10/13/2010 14:00,1.9105
10/13/2010 15:00,1.9113
10/13/2010 16:00,1.6611
10/13/2010 17:00,1.5491
10/13/2010 18:00,0.984566667
10/13/2010 19:00,2.0344
10/13/2010 20:00,2.377
10/13/2010 21:00,2.164866667
10/13/2010 22:00,2.0436
10/13/2010 23:00,0.370866667
10/14/2010 0:00,0.370433333
10/14/2010 1:00,0.477633333
10/14/2010 2:00,0.3412
10/14/2010 3:00,0.386733333
10/14/2010 4:00,0.378033333
10/14/2010 5:00,0.439333333
10/14/2010 6:00,1.1876
10/14/2010 7:00,2.9721
10/14/2010 8:00,1.7274
10/14/2010 9:00,3.2096
10/14/2010 10:00,1.847266667
10/14/2010 11:00,0.992933333
10/14/2010 12:00,0.946066667
10/14/2010 13:00,1.226766667
10/14/2010 14:00,1.9145
10/14/2010 15:00,0.9038
10/14/2010 16:00,0.957033333
10/14/2010 17:00,0.417833333
10/14/2010 18:00,1.747333333
10/14/2010 19:00,4.117766667
10/14/2010 20:00,2.9113
10/14/2010 21:00,3.2242
10/14/2010 22:00,2.334733333
10/14/2010 23:00,0.553766667
10/15/2010 0:00,0.401233333
10/15/2010 1:00,0.412966667
10/15/2010 2:00,0.440966667
10/15/2010 3:00,0.3288
10/15/2010 4:00,0.332233333
10/15/2010 5:00,0.436266667
10/15/2010 6:00,1.113466667
10/15/2010 7:00,2.0124
10/15/2010 8:00,1.8972
10/15/2010 9:00,1.583966667
10/15/2010 10:00,1.632933333
10/15/2010 11:00,1.8261
10/15/2010 12:00,2.065666667
10/15/2010 13:00,1.573766667
10/15/2010 14:00,1.467533333
10/15/2010 15:00,0.594866667
10/15/2010 16:00,0.5592
10/15/2010 17:00,0.564433333
10/15/2010 18:00,1.432466667
10/15/2010 19:00,1.823166667
10/15/2010 20:00,1.446533333
10/15/2010 21:00,1.1575
10/15/2010 22:00,1.003633333
10/15/2010 23:00,0.4981
10/16/2010 0:00,0.327366667
10/16/2010 1:00,0.309133333
10/16/2010 2:00,0.431166667
10/16/2010 3:00,0.3812
10/16/2010 4:00,0.3765
10/16/2010 5:00,0.341166667
10/16/2010 6:00,0.794533333
10/16/2010 7:00,2.1444
10/16/2010 8:00,1.971433333
10/16/2010 9:00,0.9704
10/16/2010 10:00,1.866233333
10/16/2010 11:00,1.344366667
10/16/2010 12:00,0.7357
10/16/2010 13:00,0.3585
10/16/2010 14:00,0.4908
10/16/2010 15:00,0.371566667
10/16/2010 16:00,0.317
10/16/2010 17:00,0.418033333
10/16/2010 18:00,0.334133333
10/16/2010 19:00,0.373
10/16/2010 20:00,0.872233333
10/16/2010 21:00,0.383033333
10/16/2010 22:00,0.410233333
10/16/2010 23:00,0.344766667
10/17/2010 0:00,0.371733333
10/17/2010 1:00,0.3329
10/17/2010 2:00,0.4126
10/17/2010 3:00,0.3131
10/17/2010 4:00,0.362766667
10/17/2010 5:00,0.362333333
10/17/2010 6:00,1.040733333
10/17/2010 7:00,0.3727
10/17/2010 8:00,0.3803
10/17/2010 9:00,0.3763
10/17/2010 10:00,0.328966667
10/17/2010 11:00,0.300066667
10/17/2010 12:00,0.313233333
10/17/2010 13:00,0.365166667
10/17/2010 14:00,0.4966
10/17/2010 15:00,0.376566667
10/17/2010 16:00,1.191433333
10/17/2010 17:00,0.4926
10/17/2010 18:00,0.566833333
10/17/2010 19:00,2.0301
10/17/2010 20:00,2.454033333
10/17/2010 21:00,2.138066667
10/17/2010 22:00,0.9011
10/17/2010 23:00,1.176133333
10/18/2010 0:00,0.530133333
10/18/2010 1:00,0.3841
10/18/2010 2:00,0.321366667
10/18/2010 3:00,0.331433333
10/18/2010 4:00,0.434433333
10/18/2010 5:00,0.3197
10/18/2010 6:00,0.7896
10/18/2010 7:00,2.4543
10/18/2010 8:00,2.4651
10/18/2010 9:00,3.657066667
10/18/2010 10:00,2.6036
10/18/2010 11:00,2.809033333
10/18/2010 12:00,3.836433333
10/18/2010 13:00,3.2431
10/18/2010 14:00,1.9637
10/18/2010 15:00,0.518066667
10/18/2010 16:00,0.4604
10/18/2010 17:00,0.664733333
10/18/2010 18:00,3.391466667
10/18/2010 19:00,3.756966667
10/18/2010 20:00,2.67
10/18/2010 21:00,3.3769
10/18/2010 22:00,2.5095
10/18/2010 23:00,1.740266667
10/19/2010 0:00,1.542566667
10/19/2010 1:00,0.6851
10/19/2010 2:00,0.317433333
10/19/2010 3:00,0.3078
10/19/2010 4:00,0.439466667
10/19/2010 5:00,0.399466667
10/19/2010 6:00,1.045033333
10/19/2010 7:00,2.989033333
10/19/2010 8:00,2.1062
10/19/2010 9:00,1.798033333
10/19/2010 10:00,0.593033333
10/19/2010 11:00,1.8148
10/19/2010 12:00,1.1293
10/19/2010 13:00,0.517233333
10/19/2010 14:00,0.4046
10/19/2010 15:00,0.401766667
10/19/2010 16:00,0.4735
10/19/2010 17:00,1.128666667
10/19/2010 18:00,3.538333333
10/19/2010 19:00,2.9301
10/19/2010 20:00,2.960333333
10/19/2010 21:00,2.530066667
10/19/2010 22:00,1.326633333
10/19/2010 23:00,0.721133333
10/20/2010 0:00,1.030333333
10/20/2010 1:00,0.3934
10/20/2010 2:00,0.3294
10/20/2010 3:00,0.442566667
10/20/2010 4:00,0.3193
10/20/2010 5:00,0.312433333
10/20/2010 6:00,0.923233333
10/20/2010 7:00,2.8661
10/20/2010 8:00,1.868466667
10/20/2010 9:00,1.846066667
10/20/2010 10:00,2.010866667
10/20/2010 11:00,1.895933333
10/20/2010 12:00,1.392666667
10/20/2010 13:00,0.408533333
10/20/2010 14:00,0.530066667
10/20/2010 15:00,0.527833333
10/20/2010 16:00,0.331866667
10/20/2010 17:00,0.332133333
10/20/2010 18:00,1.322666667
10/20/2010 19:00,2.1848
10/20/2010 20:00,2.292766667
10/20/2010 21:00,2.804333333
10/20/2010 22:00,1.653633333
10/20/2010 23:00,0.78
10/21/2010 0:00,0.4468
10/21/2010 1:00,0.663766667
10/21/2010 2:00,0.437866667
10/21/2010 3:00,0.340633333
10/21/2010 4:00,0.341
10/21/2010 5:00,1.022866667
10/21/2010 6:00,1.218366667
10/21/2010 7:00,2.474866667
10/21/2010 8:00,1.226166667
10/21/2010 9:00,0.317333333
10/21/2010 10:00,0.323233333
10/21/2010 11:00,0.391966667
10/21/2010 12:00,0.494366667
10/21/2010 13:00,0.388033333
10/21/2010 14:00,0.476966667
10/21/2010 15:00,0.327033333
10/21/2010 16:00,0.915933333
10/21/2010 17:00,0.366833333
10/21/2010 18:00,1.301133333
10/21/2010 19:00,1.824433333
10/21/2010 20:00,1.947566667
10/21/2010 21:00,2.581966667
10/21/2010 22:00,1.992866667
10/21/2010 23:00,0.764633333
10/22/2010 0:00,0.524366667
10/22/2010 1:00,0.632266667
10/22/2010 2:00,0.5181
10/22/2010 3:00,0.520566667
10/22/2010 4:00,0.520866667
10/22/2010 5:00,0.5856
10/22/2010 6:00,1.771166667
10/22/2010 7:00,2.4588
10/22/2010 8:00,1.5222
10/22/2010 9:00,1.555933333
10/22/2010 10:00,1.3846
10/22/2010 11:00,1.373
10/22/2010 12:00,1.762166667
10/22/2010 13:00,1.5787
10/22/2010 14:00,1.4756
10/22/2010 15:00,0.767
10/22/2010 16:00,1.182566667
10/22/2010 17:00,0.4821
10/22/2010 18:00,0.7137
10/22/2010 19:00,1.424666667
10/22/2010 20:00,1.3845
10/22/2010 21:00,2.291766667
10/22/2010 22:00,1.072666667
10/22/2010 23:00,0.311966667
10/23/2010 0:00,1.429166667
10/23/2010 1:00,0.366333333
10/23/2010 2:00,0.486466667
10/23/2010 3:00,0.388133333
10/23/2010 4:00,0.377333333
10/23/2010 5:00,0.327533333
10/23/2010 6:00,0.6353
10/23/2010 7:00,2.358733333
10/23/2010 8:00,1.568933333
10/23/2010 9:00,1.299766667
10/23/2010 10:00,0.4229
10/23/2010 11:00,1.0934
10/23/2010 12:00,2.0735
10/23/2010 13:00,1.785466667
10/23/2010 14:00,2.6106
10/23/2010 15:00,2.4896
10/23/2010 16:00,2.5465
10/23/2010 17:00,3.270733333
10/23/2010 18:00,2.5243
10/23/2010 19:00,1.795266667
10/23/2010 20:00,1.6555
10/23/2010 21:00,3.3083
10/23/2010 22:00,1.298833333
10/23/2010 23:00,2.108
10/24/2010 0:00,1.718866667
10/24/2010 1:00,1.497933333
10/24/2010 2:00,1.9704
10/24/2010 3:00,1.704433333
10/24/2010 4:00,0.852133333
10/24/2010 5:00,0.379466667
10/24/2010 6:00,0.367466667
10/24/2010 7:00,0.3862
10/24/2010 8:00,0.6389
10/24/2010 9:00,1.1032
10/24/2010 10:00,1.588666667
10/24/2010 11:00,1.8669
10/24/2010 12:00,2.836733333
10/24/2010 13:00,2.852233333
10/24/2010 14:00,3.734
10/24/2010 15:00,1.745
10/24/2010 16:00,1.4822
10/24/2010 17:00,1.975266667
10/24/2010 18:00,2.5342
10/24/2010 19:00,2.580433333
10/24/2010 20:00,1.393633333
10/24/2010 21:00,1.019066667
10/24/2010 22:00,2.318866667
10/24/2010 23:00,1.328166667
10/25/2010 0:00,0.619166667
10/25/2010 1:00,0.578266667
10/25/2010 2:00,0.3816
10/25/2010 3:00,0.344833333
10/25/2010 4:00,0.3414
10/25/2010 5:00,0.357666667
10/25/2010 6:00,0.492233333
10/25/2010 7:00,1.755833333
10/25/2010 8:00,2.156533333
10/25/2010 9:00,1.488933333
10/25/2010 10:00,1.5511
10/25/2010 11:00,0.7614
10/25/2010 12:00,0.3275
10/25/2010 13:00,0.319466667
10/25/2010 14:00,0.3588
10/25/2010 15:00,0.3935
10/25/2010 16:00,0.451966667
10/25/2010 17:00,0.353166667
10/25/2010 18:00,0.4421
10/25/2010 19:00,1.411766667
10/25/2010 20:00,1.0944
10/25/2010 21:00,0.9947
10/25/2010 22:00,1.200633333
10/25/2010 23:00,1.211233333
10/26/2010 0:00,0.6891
10/26/2010 1:00,0.316566667
10/26/2010 2:00,1.071466667
10/26/2010 3:00,0.353666667
10/26/2010 4:00,0.500666667
10/26/2010 5:00,0.323066667
10/26/2010 6:00,0.316466667
10/26/2010 7:00,0.614966667
10/26/2010 8:00,0.681633333
10/26/2010 9:00,1.0353
10/26/2010 10:00,0.631666667
10/26/2010 11:00,3.0101
10/26/2010 12:00,1.109366667
10/26/2010 13:00,0.409833333
10/26/2010 14:00,0.327466667
10/26/2010 15:00,0.3355
10/26/2010 16:00,0.353833333
10/26/2010 17:00,0.516733333
10/26/2010 18:00,0.3454
10/26/2010 19:00,0.299333333
10/26/2010 20:00,1.013533333
10/26/2010 21:00,0.362566667
10/26/2010 22:00,0.4894
10/26/2010 23:00,0.657433333
10/27/2010 0:00,0.788966667
10/27/2010 1:00,0.7074
10/27/2010 2:00,0.895933333
10/27/2010 3:00,0.3767
10/27/2010 4:00,0.322566667
10/27/2010 5:00,0.314066667
10/27/2010 6:00,0.3945
10/27/2010 7:00,1.702266667
10/27/2010 8:00,1.899266667
10/27/2010 9:00,1.5357
10/27/2010 10:00,1.8381
10/27/2010 11:00,2.5886
10/27/2010 12:00,0.3977
10/27/2010 13:00,0.681066667
10/27/2010 14:00,0.517666667
10/27/2010 15:00,0.471033333
10/27/2010 16:00,0.684766667
10/27/2010 17:00,0.5363
10/27/2010 18:00,0.5009
10/27/2010 19:00,0.8276
10/27/2010 20:00,1.039233333
10/27/2010 21:00,0.381566667
10/27/2010 22:00,0.8087
10/27/2010 23:00,0.794033333
10/28/2010 0:00,2.0628
10/28/2010 1:00,0.576
10/28/2010 2:00,0.352033333
10/28/2010 3:00,0.328266667
10/28/2010 4:00,0.417966667
10/28/2010 5:00,0.3954
10/28/2010 6:00,0.3842
10/28/2010 7:00,0.4864
10/28/2010 8:00,0.790933333
10/28/2010 9:00,1.6559
10/28/2010 10:00,1.380066667
10/28/2010 11:00,0.366766667
10/28/2010 12:00,0.473066667
10/28/2010 13:00,0.529666667
10/28/2010 14:00,1.419033333
10/28/2010 15:00,2.2539
10/28/2010 16:00,2.0625
10/28/2010 17:00,2.103866667
10/28/2010 18:00,1.317533333
10/28/2010 19:00,2.4235
10/28/2010 20:00,0.5319
10/28/2010 21:00,0.427833333
10/28/2010 22:00,0.7488
10/28/2010 23:00,0.900433333
10/29/2010 0:00,1.0362
10/29/2010 1:00,0.5989
10/29/2010 2:00,0.4651
10/29/2010 3:00,0.3168
10/29/2010 4:00,0.3162
10/29/2010 5:00,0.3864
10/29/2010 6:00,0.5107
10/29/2010 7:00,0.306166667
10/29/2010 8:00,0.479366667
10/29/2010 9:00,1.406166667
10/29/2010 10:00,0.528466667
10/29/2010 11:00,0.6154
10/29/2010 12:00,1.056666667
10/29/2010 13:00,0.822133333
10/29/2010 14:00,0.733933333
10/29/2010 15:00,1.3253
10/29/2010 16:00,0.524433333
10/29/2010 17:00,0.626233333
10/29/2010 18:00,1.206366667
10/29/2010 19:00,1.314
10/29/2010 20:00,1.551966667
10/29/2010 21:00,1.641233333
10/29/2010 22:00,0.965066667
10/29/2010 23:00,1.3405
10/30/2010 0:00,1.6557
10/30/2010 1:00,1.211466667
10/30/2010 2:00,0.908866667
10/30/2010 3:00,0.5199
10/30/2010 4:00,0.363566667
10/30/2010 5:00,0.3116
10/30/2010 6:00,0.320166667
10/30/2010 7:00,0.465566667
10/30/2010 8:00,0.400833333
10/30/2010 9:00,0.377933333
10/30/2010 10:00,0.775866667
10/30/2010 11:00,3.133233333
10/30/2010 12:00,0.905
10/30/2010 13:00,1.223266667
10/30/2010 14:00,1.7464
10/30/2010 15:00,1.5429
10/30/2010 16:00,1.6637
10/30/2010 17:00,1.5299
10/30/2010 18:00,2.140166667
10/30/2010 19:00,2.602633333
10/30/2010 20:00,3.3127
10/30/2010 21:00,3.0156
10/30/2010 22:00,2.880166667
10/30/2010 23:00,2.8712
10/31/2010 0:00,1.808966667
10/31/2010 1:00,1.4759
10/31/2010 2:00,1.4299
10/31/2010 3:00,1.555233333
10/31/2010 4:00,1.4665
10/31/2010 5:00,2.9103
10/31/2010 6:00,1.930566667
10/31/2010 7:00,0.3292
10/31/2010 8:00,0.355
10/31/2010 9:00,0.398233333
10/31/2010 10:00,0.509033333
10/31/2010 11:00,0.319766667
10/31/2010 12:00,0.335933333
10/31/2010 13:00,1.176433333
10/31/2010 14:00,1.538666667
10/31/2010 15:00,0.5956
10/31/2010 16:00,0.345166667
10/31/2010 17:00,0.458733333
10/31/2010 18:00,0.328466667
10/31/2010 19:00,0.364333333
10/31/2010 20:00,0.3928
10/31/2010 21:00,1.217166667
10/31/2010 22:00,1.327266667
10/31/2010 23:00,2.038
11-01-2010 00:00,1.3194
11-01-2010 01:00,1.480433333
11-01-2010 02:00,1.286033333
11-01-2010 03:00,1.064666667
11-01-2010 04:00,0.327433333
11-01-2010 05:00,0.4504
11-01-2010 06:00,0.404966667
11-01-2010 07:00,0.384566667
11-01-2010 08:00,0.3178
11-01-2010 09:00,1.1984
11-01-2010 10:00,0.4413
11-01-2010 11:00,0.406733333
11-01-2010 12:00,0.728333333
11-01-2010 13:00,1.874266667
11-01-2010 14:00,1.4407
11-01-2010 15:00,1.462166667
11-01-2010 16:00,1.6175
11-01-2010 17:00,1.4483
11-01-2010 18:00,0.661633333
11-01-2010 19:00,0.331933333
11-01-2010 20:00,0.475
11-01-2010 21:00,1.067733333
11-01-2010 22:00,1.389666667
11-01-2010 23:00,1.473633333
11-02-2010 00:00,1.432733333
11-02-2010 01:00,1.263366667
11-02-2010 02:00,0.396333333
11-02-2010 03:00,0.3301
11-02-2010 04:00,1.427733333
11-02-2010 05:00,0.379966667
11-02-2010 06:00,0.403533333
11-02-2010 07:00,0.4835
11-02-2010 08:00,0.534333333
11-02-2010 09:00,1.445333333
11-02-2010 10:00,0.865366667
11-02-2010 11:00,0.430266667
11-02-2010 12:00,0.343966667
11-02-2010 13:00,0.402733333
11-02-2010 14:00,0.361066667
11-02-2010 15:00,0.376566667
11-02-2010 16:00,0.3728
11-02-2010 17:00,0.3232
11-02-2010 18:00,1.150233333
11-02-2010 19:00,0.8409
11-02-2010 20:00,1.2145
11-02-2010 21:00,1.357366667
11-02-2010 22:00,1.429
11-02-2010 23:00,2.286466667
11-03-2010 00:00,0.6133
11-03-2010 01:00,0.956166667
11-03-2010 02:00,1.0623
11-03-2010 03:00,0.402266667
11-03-2010 04:00,0.33
11-03-2010 05:00,0.388433333
11-03-2010 06:00,0.526333333
11-03-2010 07:00,1.0215
11-03-2010 08:00,1.996066667
11-03-2010 09:00,2.0325
11-03-2010 10:00,1.041566667
11-03-2010 11:00,0.388566667
11-03-2010 12:00,0.3289
11-03-2010 13:00,0.443533333
11-03-2010 14:00,0.325833333
11-03-2010 15:00,0.3891
11-03-2010 16:00,0.389166667
11-03-2010 17:00,0.679066667
11-03-2010 18:00,0.9811
11-03-2010 19:00,1.2302
11-03-2010 20:00,1.619033333
11-03-2010 21:00,3.143166667
11-03-2010 22:00,0.8998
11-03-2010 23:00,0.367066667
11-04-2010 00:00,0.501833333
11-04-2010 01:00,0.8423
11-04-2010 02:00,0.574366667
11-04-2010 03:00,0.342766667
11-04-2010 04:00,0.455733333
11-04-2010 05:00,0.395266667
11-04-2010 06:00,0.812733333
11-04-2010 07:00,2.2722
11-04-2010 08:00,4.4189
11-04-2010 09:00,2.249033333
11-04-2010 10:00,3.626633333
11-04-2010 11:00,3.241266667
11-04-2010 12:00,2.101566667
11-04-2010 13:00,2.1523
11-04-2010 14:00,0.8233
11-04-2010 15:00,0.7059
11-04-2010 16:00,0.4495
11-04-2010 17:00,0.656466667
11-04-2010 18:00,1.695866667
11-04-2010 19:00,4.053766667
11-04-2010 20:00,4.4626
11-04-2010 21:00,3.097166667
11-04-2010 22:00,2.015266667
11-04-2010 23:00,0.639033333
11-05-2010 00:00,0.487766667
11-05-2010 01:00,0.341766667
11-05-2010 02:00,0.383866667
11-05-2010 03:00,0.421433333
11-05-2010 04:00,0.479333333
11-05-2010 05:00,0.345766667
11-05-2010 06:00,0.7456
11-05-2010 07:00,2.7622
11-05-2010 08:00,1.846133333
11-05-2010 09:00,1.5481
11-05-2010 10:00,1.417233333
11-05-2010 11:00,1.4705
11-05-2010 12:00,1.714433333
11-05-2010 13:00,1.6337
11-05-2010 14:00,1.499566667
11-05-2010 15:00,1.588966667
11-05-2010 16:00,0.852466667
11-05-2010 17:00,0.774266667
11-05-2010 18:00,1.1301
11-05-2010 19:00,1.7655
11-05-2010 20:00,2.204533333
11-05-2010 21:00,1.839866667
11-05-2010 22:00,1.328033333
11-05-2010 23:00,0.353666667
11-06-2010 00:00,0.3185
11-06-2010 01:00,0.484933333
11-06-2010 02:00,1.002133333
11-06-2010 03:00,0.3465
11-06-2010 04:00,0.338433333
11-06-2010 05:00,0.439733333
11-06-2010 06:00,0.656733333
11-06-2010 07:00,2.610433333
11-06-2010 08:00,2.113733333
11-06-2010 09:00,1.3696
11-06-2010 10:00,1.199733333
11-06-2010 11:00,2.470133333
11-06-2010 12:00,1.962966667
11-06-2010 13:00,1.177033333
11-06-2010 14:00,0.548333333
11-06-2010 15:00,1.8849
11-06-2010 16:00,1.708833333
11-06-2010 17:00,1.547833333
11-06-2010 18:00,2.090233333
11-06-2010 19:00,1.894933333
11-06-2010 20:00,1.252166667
11-06-2010 21:00,1.103433333
11-06-2010 22:00,1.055666667
11-06-2010 23:00,0.5132
11-07-2010 00:00,0.511
11-07-2010 01:00,0.3605
11-07-2010 02:00,0.376233333
11-07-2010 03:00,0.3991
11-07-2010 04:00,0.4824
11-07-2010 05:00,0.327833333
11-07-2010 06:00,0.3385
11-07-2010 07:00,1.0311
11-07-2010 08:00,0.610766667
11-07-2010 09:00,1.504966667
11-07-2010 10:00,1.755833333
11-07-2010 11:00,2.046933333
11-07-2010 12:00,1.7646
11-07-2010 13:00,1.235133333
11-07-2010 14:00,1.4556
11-07-2010 15:00,1.7619
11-07-2010 16:00,1.2386
11-07-2010 17:00,1.232133333
11-07-2010 18:00,1.9366
11-07-2010 19:00,1.9461
11-07-2010 20:00,2.108233333
11-07-2010 21:00,1.734433333
11-07-2010 22:00,1.298833333
11-07-2010 23:00,0.4396
11-08-2010 00:00,0.3135
11-08-2010 01:00,0.401633333
11-08-2010 02:00,0.376
11-08-2010 03:00,1.010066667
11-08-2010 04:00,0.3308
11-08-2010 05:00,0.331433333
11-08-2010 06:00,0.9282
11-08-2010 07:00,2.610666667
11-08-2010 08:00,1.7462
11-08-2010 09:00,1.488
11-08-2010 10:00,1.342566667
11-08-2010 11:00,1.347133333
11-08-2010 12:00,1.510733333
11-08-2010 13:00,2.088933333
11-08-2010 14:00,1.2387
11-08-2010 15:00,0.943733333
11-08-2010 16:00,0.446966667
11-08-2010 17:00,0.666333333
11-08-2010 18:00,1.5786
11-08-2010 19:00,2.150433333
11-08-2010 20:00,2.556266667
11-08-2010 21:00,2.649733333
11-08-2010 22:00,1.827233333
11-08-2010 23:00,0.5418
11-09-2010 00:00,0.3769
11-09-2010 01:00,0.3479
11-09-2010 02:00,0.317566667
11-09-2010 03:00,0.315866667
11-09-2010 04:00,0.311666667
11-09-2010 05:00,0.391266667
11-09-2010 06:00,1.6285
11-09-2010 07:00,1.978966667
11-09-2010 08:00,1.901533333
11-09-2010 09:00,1.779833333
11-09-2010 10:00,1.086833333
11-09-2010 11:00,1.5032
11-09-2010 12:00,1.346133333
11-09-2010 13:00,0.9226
11-09-2010 14:00,0.548433333
11-09-2010 15:00,0.486066667
11-09-2010 16:00,0.6602
11-09-2010 17:00,2.2828
11-09-2010 18:00,2.809833333
11-09-2010 19:00,2.416
11-09-2010 20:00,3.7867
11-09-2010 21:00,2.936066667
11-09-2010 22:00,2.340733333
11-09-2010 23:00,1.226033333
11-10-2010 00:00,0.787333333
11-10-2010 01:00,0.4217
11-10-2010 02:00,0.327533333
11-10-2010 03:00,0.329933333
11-10-2010 04:00,0.308466667
11-10-2010 05:00,0.345166667
11-10-2010 06:00,0.761433333
11-10-2010 07:00,2.874433333
11-10-2010 08:00,2.363233333
11-10-2010 09:00,1.7861
11-10-2010 10:00,3.372
11-10-2010 11:00,3.285733333
11-10-2010 12:00,1.477033333
11-10-2010 13:00,2.400233333
11-10-2010 14:00,2.013666667
11-10-2010 15:00,1.572566667
11-10-2010 16:00,1.567666667
11-10-2010 17:00,1.308
11-10-2010 18:00,1.759033333
11-10-2010 19:00,0.963166667
11-10-2010 20:00,0.393333333
11-10-2010 21:00,0.4352
11-10-2010 22:00,0.386833333
11-10-2010 23:00,1.202433333
11-11-2010 00:00,0.565333333
11-11-2010 01:00,0.352433333
11-11-2010 02:00,0.3161
11-11-2010 03:00,0.345733333
11-11-2010 04:00,0.366866667
11-11-2010 05:00,0.363666667
11-11-2010 06:00,1.150166667
11-11-2010 07:00,0.645933333
11-11-2010 08:00,0.8163
11-11-2010 09:00,1.107333333
11-11-2010 10:00,1.427166667
11-11-2010 11:00,2.626433333
11-11-2010 12:00,1.874133333
11-11-2010 13:00,1.2342
11-11-2010 14:00,1.721166667
11-11-2010 15:00,2.8895
11-11-2010 16:00,2.7048
11-11-2010 17:00,2.3609
11-11-2010 18:00,1.576933333
11-11-2010 19:00,1.611633333
11-11-2010 20:00,1.859266667
11-11-2010 21:00,0.8788
11-11-2010 22:00,0.484066667
11-11-2010 23:00,0.281
11-12-2010 00:00,0.881
11-12-2010 01:00,0.267266667
11-12-2010 02:00,0.350633333
11-12-2010 03:00,0.3204
11-12-2010 04:00,0.2792
11-12-2010 05:00,0.2896
11-12-2010 06:00,0.656366667
11-12-2010 07:00,2.694
11-12-2010 08:00,2.3759
11-12-2010 09:00,1.555466667
11-12-2010 10:00,1.864433333
11-12-2010 11:00,1.411733333
11-12-2010 12:00,1.434933333
11-12-2010 13:00,0.801833333
11-12-2010 14:00,1.320933333
11-12-2010 15:00,1.790766667
11-12-2010 16:00,1.361666667
11-12-2010 17:00,2.4561
11-12-2010 18:00,2.280866667
11-12-2010 19:00,2.391966667
11-12-2010 20:00,1.753333333
11-12-2010 21:00,1.1149
11-12-2010 22:00,0.320533333
11-12-2010 23:00,0.639866667
11/13/2010 0:00,0.691033333
11/13/2010 1:00,0.8481
11/13/2010 2:00,0.3094
11/13/2010 3:00,0.283966667
11/13/2010 4:00,0.349433333
11/13/2010 5:00,0.371166667
11/13/2010 6:00,0.5848
11/13/2010 7:00,2.1326
11/13/2010 8:00,1.496033333
11/13/2010 9:00,0.729166667
11/13/2010 10:00,0.422033333
11/13/2010 11:00,1.1491
11/13/2010 12:00,1.1453
11/13/2010 13:00,2.062
11/13/2010 14:00,2.097933333
11/13/2010 15:00,2.195966667
11/13/2010 16:00,3.221133333
11/13/2010 17:00,2.761566667
11/13/2010 18:00,1.7153
11/13/2010 19:00,2.292333333
11/13/2010 20:00,1.713166667
11/13/2010 21:00,1.7058
11/13/2010 22:00,1.698633333
11/13/2010 23:00,1.7436
11/14/2010 0:00,1.845
11/14/2010 1:00,1.567733333
11/14/2010 2:00,1.001966667
11/14/2010 3:00,0.598066667
11/14/2010 4:00,0.337066667
11/14/2010 5:00,0.365033333
11/14/2010 6:00,0.287166667
11/14/2010 7:00,0.305866667
11/14/2010 8:00,0.528033333
11/14/2010 9:00,1.120933333
11/14/2010 10:00,1.138466667
11/14/2010 11:00,1.027
11/14/2010 12:00,1.377966667
11/14/2010 13:00,1.279766667
11/14/2010 14:00,1.488966667
11/14/2010 15:00,4.156566667
11/14/2010 16:00,2.836533333
11/14/2010 17:00,2.359366667
11/14/2010 18:00,2.384533333
11/14/2010 19:00,1.488933333
11/14/2010 20:00,2.631433333
11/14/2010 21:00,2.552166667
11/14/2010 22:00,0.906466667
11/14/2010 23:00,0.388166667
11/15/2010 0:00,0.281033333
11/15/2010 1:00,0.346066667
11/15/2010 2:00,0.328466667
11/15/2010 3:00,0.581866667
11/15/2010 4:00,0.6005
11/15/2010 5:00,0.3533
11/15/2010 6:00,0.8715
11/15/2010 7:00,2.627533333
11/15/2010 8:00,1.5821
11/15/2010 9:00,1.3828
11/15/2010 10:00,1.308866667
11/15/2010 11:00,1.3804
11/15/2010 12:00,3.321066667
11/15/2010 13:00,2.809266667
11/15/2010 14:00,0.429533333
11/15/2010 15:00,0.3873
11/15/2010 16:00,0.515233333
11/15/2010 17:00,0.873933333
11/15/2010 18:00,1.307333333
11/15/2010 19:00,1.577933333
11/15/2010 20:00,2.9928
11/15/2010 21:00,1.508766667
11/15/2010 22:00,1.2497
11/15/2010 23:00,0.505733333
11/16/2010 0:00,0.3238
11/16/2010 1:00,0.292266667
11/16/2010 2:00,1.026833333
11/16/2010 3:00,0.300733333
11/16/2010 4:00,0.279133333
11/16/2010 5:00,0.337566667
11/16/2010 6:00,1.222166667
11/16/2010 7:00,2.455233333
11/16/2010 8:00,1.683233333
11/16/2010 9:00,1.5805
11/16/2010 10:00,1.462966667
11/16/2010 11:00,0.905666667
11/16/2010 12:00,0.370533333
11/16/2010 13:00,0.366466667
11/16/2010 14:00,0.282033333
11/16/2010 15:00,0.3146
11/16/2010 16:00,0.5391
11/16/2010 17:00,1.4056
11/16/2010 18:00,2.062866667
11/16/2010 19:00,1.9874
11/16/2010 20:00,2.177233333
11/16/2010 21:00,2.530033333
11/16/2010 22:00,0.7507
11/16/2010 23:00,0.5058
11/17/2010 0:00,0.3677
11/17/2010 1:00,0.294066667
11/17/2010 2:00,0.328466667
11/17/2010 3:00,0.325533333
11/17/2010 4:00,0.5885
11/17/2010 5:00,0.742166667
11/17/2010 6:00,0.9257
11/17/2010 7:00,2.757133333
11/17/2010 8:00,1.453666667
11/17/2010 9:00,1.348933333
11/17/2010 10:00,1.399833333
11/17/2010 11:00,1.4121
11/17/2010 12:00,1.5148
11/17/2010 13:00,0.690166667
11/17/2010 14:00,0.2803
11/17/2010 15:00,0.4599
11/17/2010 16:00,0.800066667
11/17/2010 17:00,1.0461
11/17/2010 18:00,1.629733333
11/17/2010 19:00,2.326666667
11/17/2010 20:00,2.244666667
11/17/2010 21:00,1.738266667
11/17/2010 22:00,1.0596
11/17/2010 23:00,0.633133333
11/18/2010 0:00,0.441866667
11/18/2010 1:00,0.390633333
11/18/2010 2:00,0.513533333
11/18/2010 3:00,1.0192
11/18/2010 4:00,0.4596
11/18/2010 5:00,0.385333333
11/18/2010 6:00,0.9687
11/18/2010 7:00,2.686666667
11/18/2010 8:00,1.5315
11/18/2010 9:00,1.351066667
11/18/2010 10:00,1.348733333
11/18/2010 11:00,1.343766667
11/18/2010 12:00,1.5858
11/18/2010 13:00,0.923466667
11/18/2010 14:00,0.413466667
11/18/2010 15:00,0.325633333
11/18/2010 16:00,0.465266667
11/18/2010 17:00,0.577833333
11/18/2010 18:00,2.728433333
11/18/2010 19:00,2.573933333
11/18/2010 20:00,2.164666667
11/18/2010 21:00,1.934966667
11/18/2010 22:00,0.922433333
11/18/2010 23:00,0.479366667
11/19/2010 0:00,0.3419
11/19/2010 1:00,0.277066667
11/19/2010 2:00,0.954866667
11/19/2010 3:00,0.3147
11/19/2010 4:00,0.338733333
11/19/2010 5:00,0.264933333
11/19/2010 6:00,0.850066667
11/19/2010 7:00,2.2033
11/19/2010 8:00,1.446966667
11/19/2010 9:00,1.364366667
11/19/2010 10:00,1.3499
11/19/2010 11:00,1.395466667
11/19/2010 12:00,1.3907
11/19/2010 13:00,1.5944
11/19/2010 14:00,1.5211
11/19/2010 15:00,1.622866667
11/19/2010 16:00,1.4697
11/19/2010 17:00,0.824266667
11/19/2010 18:00,1.018466667
11/19/2010 19:00,1.249766667
11/19/2010 20:00,1.665266667
11/19/2010 21:00,1.778366667
11/19/2010 22:00,0.601966667
11/19/2010 23:00,0.3342
11/20/2010 0:00,0.316966667
11/20/2010 1:00,0.2849
11/20/2010 2:00,0.3567
11/20/2010 3:00,0.310266667
11/20/2010 4:00,0.326533333
11/20/2010 5:00,0.885266667
11/20/2010 6:00,0.786566667
11/20/2010 7:00,2.634233333
11/20/2010 8:00,1.972833333
11/20/2010 9:00,1.875066667
11/20/2010 10:00,1.292133333
11/20/2010 11:00,2.691133333
11/20/2010 12:00,1.1306
11/20/2010 13:00,1.298
11/20/2010 14:00,1.051433333
11/20/2010 15:00,1.258166667
11/20/2010 16:00,1.517033333
11/20/2010 17:00,1.7953
11/20/2010 18:00,5.626833333
11/20/2010 19:00,3.2597
11/20/2010 20:00,2.117133333
11/20/2010 21:00,1.7741
11/20/2010 22:00,1.3264
11/20/2010 23:00,0.729466667
11/21/2010 0:00,0.5199
11/21/2010 1:00,0.2938
11/21/2010 2:00,0.8968
11/21/2010 3:00,0.3299
11/21/2010 4:00,0.344566667
11/21/2010 5:00,0.290266667
11/21/2010 6:00,0.336866667
11/21/2010 7:00,2.0713
11/21/2010 8:00,1.4247
11/21/2010 9:00,1.290633333
11/21/2010 10:00,0.2681
11/21/2010 11:00,0.299166667
11/21/2010 12:00,0.349633333
11/21/2010 13:00,0.276866667
11/21/2010 14:00,0.280966667
11/21/2010 15:00,0.297333333
11/21/2010 16:00,0.350833333
11/21/2010 17:00,0.723933333
11/21/2010 18:00,0.451133333
11/21/2010 19:00,0.295466667
11/21/2010 20:00,0.604766667
11/21/2010 21:00,1.2213
11/21/2010 22:00,1.493766667
11/21/2010 23:00,0.303166667
11/22/2010 0:00,0.3675
11/22/2010 1:00,0.279866667
11/22/2010 2:00,0.283366667
11/22/2010 3:00,0.274933333
11/22/2010 4:00,0.3683
11/22/2010 5:00,0.2859
11/22/2010 6:00,0.953033333
11/22/2010 7:00,2.137
11/22/2010 8:00,2.590233333
11/22/2010 9:00,1.4276
11/22/2010 10:00,3.105366667
11/22/2010 11:00,2.639133333
11/22/2010 12:00,1.866933333
11/22/2010 13:00,1.986766667
11/22/2010 14:00,1.517666667
11/22/2010 15:00,1.386566667
11/22/2010 16:00,0.692633333
11/22/2010 17:00,0.645766667
11/22/2010 18:00,3.1683
11/22/2010 19:00,2.5895
11/22/2010 20:00,1.582533333
11/22/2010 21:00,2.3887
11/22/2010 22:00,1.1652
11/22/2010 23:00,0.3228
11/23/2010 0:00,0.365166667
11/23/2010 1:00,0.292433333
11/23/2010 2:00,0.282366667
11/23/2010 3:00,0.2745
11/23/2010 4:00,0.360166667
11/23/2010 5:00,0.2802
11/23/2010 6:00,0.635733333
11/23/2010 7:00,2.5486
11/23/2010 8:00,1.704066667
11/23/2010 9:00,1.400633333
11/23/2010 10:00,1.57
11/23/2010 11:00,1.703966667
11/23/2010 12:00,1.049166667
11/23/2010 13:00,0.8319
11/23/2010 14:00,1.548633333
11/23/2010 15:00,0.4
11/23/2010 16:00,0.509266667
11/23/2010 17:00,0.978733333
11/23/2010 18:00,1.8401
11/23/2010 19:00,2.221233333
11/23/2010 20:00,2.636666667
11/23/2010 21:00,1.426233333
11/23/2010 22:00,0.8328
11/23/2010 23:00,0.5997
11/24/2010 0:00,0.358366667
11/24/2010 1:00,0.2653
11/24/2010 2:00,0.5021
11/24/2010 3:00,0.751233333
11/24/2010 4:00,0.3203
11/24/2010 5:00,0.2844
11/24/2010 6:00,0.828966667
11/24/2010 7:00,2.850233333
11/24/2010 8:00,1.554166667
11/24/2010 9:00,1.364033333
11/24/2010 10:00,1.3726
11/24/2010 11:00,1.392366667
11/24/2010 12:00,1.583766667
11/24/2010 13:00,1.961033333
11/24/2010 14:00,2.017766667
11/24/2010 15:00,1.502033333
11/24/2010 16:00,0.874066667
11/24/2010 17:00,1.938933333
11/24/2010 18:00,2.061133333
11/24/2010 19:00,1.498233333
11/24/2010 20:00,2.312866667
11/24/2010 21:00,1.568366667
11/24/2010 22:00,0.4221
11/24/2010 23:00,0.3531
11/25/2010 0:00,0.303466667
11/25/2010 1:00,0.289666667
11/25/2010 2:00,0.266366667
11/25/2010 3:00,0.335733333
11/25/2010 4:00,0.377066667
11/25/2010 5:00,0.880533333
11/25/2010 6:00,0.9632
11/25/2010 7:00,2.627133333
11/25/2010 8:00,1.6294
11/25/2010 9:00,1.2577
11/25/2010 10:00,0.645466667
11/25/2010 11:00,1.028066667
11/25/2010 12:00,0.499733333
11/25/2010 13:00,0.356233333
11/25/2010 14:00,0.300666667
11/25/2010 15:00,0.333
11/25/2010 16:00,0.5418
11/25/2010 17:00,1.4801
11/25/2010 18:00,2.2116
11/25/2010 19:00,2.330466667
11/25/2010 20:00,1.647833333
11/25/2010 21:00,1.342933333
11/25/2010 22:00,1.247566667
11/25/2010 23:00,0.957
11/26/2010 0:00,0.2943
11/26/2010 1:00,0.281
11/26/2010 2:00,0.273433333
11/26/2010 3:00,0.298366667
11/26/2010 4:00,0.314033333
11/26/2010 5:00,0.282566667
11/26/2010 6:00,1.008766667
11/26/2010 7:00,2.883933333
11/26/2010 8:00,1.9993
11/26/2010 9:00,1.849966667
11/26/2010 10:00,1.352766667
11/26/2010 11:00,1.3389
11/26/2010 12:00,1.4902
11/26/2010 13:00,1.612933333
11/26/2010 14:00,1.407766667
11/26/2010 15:00,0.876433333
11/26/2010 16:00,1.067933333
11/26/2010 17:00,1.7259
11/26/2010 18:00,1.573466667
11/26/2010 19:00,1.659333333
11/26/2010 20:00,1.1637
11/26/2010 21:00,0.934666667
